{"type":"FeatureCollection","features":[{"type":"Feature","geometry":{"type":"Polygon","coordinates":[[[26.043348,44.608603],[26.043519,44.608343],[26.043706,44.608405],[26.043534,44.608665],[26.043348,44.608603]]]},"properties":{"id":"corbeanca-nord-a1","cod":"A1","proiect":"corbeanca-nord","sir":0,"status":"vandut","suprafata":521,"front":16.3,"laturi":4,"pret_total":44285,"pret_mp":85,"tva_inclus":false,"observatii":"lot de colț, deschidere pe două laturi","actualizat":"2026-08-12"}},{"type":"Feature","geometry":{"type":"Polygon","coordinates":[[[26.043534,44.608665],[26.043706,44.608405],[26.043899,44.608469],[26.043727,44.60873],[26.043534,44.608665]]]},"properties":{"id":"corbeanca-nord-a3","cod":"A3","proiect":"corbeanca-nord","sir":0,"status":"vandut","suprafata":540,"front":16.9,"laturi":4,"pret_total":43200,"pret_mp":80,"tva_inclus":false,"observatii":null,"actualizat":"2026-08-12"}},{"type":"Feature","geometry":{"type":"Polygon","coordinates":[[[26.043727,44.60873],[26.043899,44.608469],[26.044103,44.608537],[26.043931,44.608797],[26.043727,44.60873]]]},"properties":{"id":"corbeanca-nord-a5","cod":"A5","proiect":"corbeanca-nord","sir":0,"status":"vandut","suprafata":570,"front":17.8,"laturi":4,"pret_total":47880,"pret_mp":84,"tva_inclus":false,"observatii":null,"actualizat":"2026-08-12"}},{"type":"Feature","geometry":{"type":"Polygon","coordinates":[[[26.043931,44.608797],[26.044103,44.608537],[26.044299,44.608602],[26.044127,44.608863],[26.043931,44.608797]]]},"properties":{"id":"corbeanca-nord-a7","cod":"A7","proiect":"corbeanca-nord","sir":0,"status":"vandut","suprafata":548,"front":17.1,"laturi":4,"pret_total":43840,"pret_mp":80,"tva_inclus":false,"observatii":null,"actualizat":"2026-08-12"}},{"type":"Feature","geometry":{"type":"Polygon","coordinates":[[[26.044127,44.608863],[26.044299,44.608602],[26.0445,44.608669],[26.044328,44.60893],[26.044127,44.608863]]]},"properties":{"id":"corbeanca-nord-a9","cod":"A9","proiect":"corbeanca-nord","sir":0,"status":"vandut","suprafata":562,"front":17.6,"laturi":4,"pret_total":44960,"pret_mp":80,"tva_inclus":false,"observatii":null,"actualizat":"2026-08-12"}},{"type":"Feature","geometry":{"type":"Polygon","coordinates":[[[26.044328,44.60893],[26.0445,44.608669],[26.044681,44.608729],[26.04451,44.60899],[26.044328,44.60893]]]},"properties":{"id":"corbeanca-nord-a11","cod":"A11","proiect":"corbeanca-nord","sir":0,"status":"vandut","suprafata":508,"front":15.9,"laturi":4,"pret_total":40640,"pret_mp":80,"tva_inclus":false,"observatii":null,"actualizat":"2026-08-12"}},{"type":"Feature","geometry":{"type":"Polygon","coordinates":[[[26.044602,44.609021],[26.044773,44.60876],[26.044966,44.608824],[26.044794,44.609085],[26.044602,44.609021]]]},"properties":{"id":"corbeanca-nord-a13","cod":"A13","proiect":"corbeanca-nord","sir":0,"status":"vandut","suprafata":539,"front":16.8,"laturi":4,"pret_total":44198,"pret_mp":82,"tva_inclus":false,"observatii":null,"actualizat":"2026-08-12"}},{"type":"Feature","geometry":{"type":"Polygon","coordinates":[[[26.044794,44.609085],[26.044966,44.608824],[26.045159,44.608888],[26.044987,44.609149],[26.044794,44.609085]]]},"properties":{"id":"corbeanca-nord-a15","cod":"A15","proiect":"corbeanca-nord","sir":0,"status":"vandut","suprafata":540,"front":16.9,"laturi":4,"pret_total":43200,"pret_mp":80,"tva_inclus":false,"observatii":null,"actualizat":"2026-08-12"}},{"type":"Feature","geometry":{"type":"Polygon","coordinates":[[[26.044987,44.609149],[26.045159,44.608888],[26.04535,44.608952],[26.045179,44.609213],[26.044987,44.609149]]]},"properties":{"id":"corbeanca-nord-a17","cod":"A17","proiect":"corbeanca-nord","sir":0,"status":"vandut","suprafata":535,"front":16.7,"laturi":4,"pret_total":42800,"pret_mp":80,"tva_inclus":false,"observatii":null,"actualizat":"2026-08-12"}},{"type":"Feature","geometry":{"type":"Polygon","coordinates":[[[26.045179,44.609213],[26.04535,44.608952],[26.045536,44.609014],[26.045365,44.609275],[26.045179,44.609213]]]},"properties":{"id":"corbeanca-nord-a19","cod":"A19","proiect":"corbeanca-nord","sir":0,"status":"vandut","suprafata":521,"front":16.3,"laturi":4,"pret_total":41159,"pret_mp":79,"tva_inclus":false,"observatii":null,"actualizat":"2026-08-12"}},{"type":"Feature","geometry":{"type":"Polygon","coordinates":[[[26.045365,44.609275],[26.045536,44.609014],[26.045723,44.609076],[26.045552,44.609337],[26.045365,44.609275]]]},"properties":{"id":"corbeanca-nord-a21","cod":"A21","proiect":"corbeanca-nord","sir":0,"status":"vandut","suprafata":523,"front":16.3,"laturi":4,"pret_total":42363,"pret_mp":81,"tva_inclus":false,"observatii":null,"actualizat":"2026-08-12"}},{"type":"Feature","geometry":{"type":"Polygon","coordinates":[[[26.045552,44.609337],[26.045723,44.609076],[26.045914,44.60914],[26.045743,44.6094],[26.045552,44.609337]]]},"properties":{"id":"corbeanca-nord-a23","cod":"A23","proiect":"corbeanca-nord","sir":0,"status":"vandut","suprafata":533,"front":16.6,"laturi":4,"pret_total":44239,"pret_mp":83,"tva_inclus":false,"observatii":null,"actualizat":"2026-08-12"}},{"type":"Feature","geometry":{"type":"Polygon","coordinates":[[[26.045743,44.6094],[26.045914,44.60914],[26.046117,44.609207],[26.045946,44.609468],[26.045743,44.6094]]]},"properties":{"id":"corbeanca-nord-a25","cod":"A25","proiect":"corbeanca-nord","sir":0,"status":"vandut","suprafata":569,"front":17.8,"laturi":4,"pret_total":46658,"pret_mp":82,"tva_inclus":false,"observatii":null,"actualizat":"2026-08-12"}},{"type":"Feature","geometry":{"type":"Polygon","coordinates":[[[26.045946,44.609468],[26.046117,44.609207],[26.046282,44.609262],[26.04611,44.609523],[26.045946,44.609468]]]},"properties":{"id":"corbeanca-nord-a27","cod":"A27","proiect":"corbeanca-nord","sir":0,"status":"vandut","suprafata":460,"front":14.4,"laturi":4,"pret_total":35420,"pret_mp":77,"tva_inclus":false,"observatii":null,"actualizat":"2026-08-12"}},{"type":"Feature","geometry":{"type":"Polygon","coordinates":[[[26.046202,44.609553],[26.046373,44.609293],[26.046575,44.60936],[26.046404,44.60962],[26.046202,44.609553]]]},"properties":{"id":"corbeanca-nord-a29","cod":"A29","proiect":"corbeanca-nord","sir":0,"status":"vandut","suprafata":564,"front":17.6,"laturi":4,"pret_total":45684,"pret_mp":81,"tva_inclus":false,"observatii":null,"actualizat":"2026-08-12"}},{"type":"Feature","geometry":{"type":"Polygon","coordinates":[[[26.046404,44.60962],[26.046575,44.60936],[26.046778,44.609427],[26.046607,44.609688],[26.046404,44.60962]]]},"properties":{"id":"corbeanca-nord-a31","cod":"A31","proiect":"corbeanca-nord","sir":0,"status":"vandut","suprafata":568,"front":17.7,"laturi":4,"pret_total":46008,"pret_mp":81,"tva_inclus":false,"observatii":null,"actualizat":"2026-08-12"}},{"type":"Feature","geometry":{"type":"Polygon","coordinates":[[[26.046607,44.609688],[26.046778,44.609427],[26.046981,44.609495],[26.04681,44.609756],[26.046607,44.609688]]]},"properties":{"id":"corbeanca-nord-a33","cod":"A33","proiect":"corbeanca-nord","sir":0,"status":"vandut","suprafata":568,"front":17.8,"laturi":4,"pret_total":48280,"pret_mp":85,"tva_inclus":false,"observatii":null,"actualizat":"2026-08-12"}},{"type":"Feature","geometry":{"type":"Polygon","coordinates":[[[26.04681,44.609756],[26.046981,44.609495],[26.047181,44.609561],[26.04701,44.609822],[26.04681,44.609756]]]},"properties":{"id":"corbeanca-nord-a35","cod":"A35","proiect":"corbeanca-nord","sir":0,"status":"vandut","suprafata":559,"front":17.5,"laturi":4,"pret_total":45279,"pret_mp":81,"tva_inclus":false,"observatii":null,"actualizat":"2026-08-12"}},{"type":"Feature","geometry":{"type":"Polygon","coordinates":[[[26.04701,44.609822],[26.047181,44.609561],[26.047378,44.609627],[26.047207,44.609888],[26.04701,44.609822]]]},"properties":{"id":"corbeanca-nord-a37","cod":"A37","proiect":"corbeanca-nord","sir":0,"status":"vandut","suprafata":551,"front":17.2,"laturi":4,"pret_total":45733,"pret_mp":83,"tva_inclus":false,"observatii":null,"actualizat":"2026-08-12"}},{"type":"Feature","geometry":{"type":"Polygon","coordinates":[[[26.047207,44.609888],[26.047378,44.609627],[26.047579,44.609694],[26.047408,44.609955],[26.047207,44.609888]]]},"properties":{"id":"corbeanca-nord-a39","cod":"A39","proiect":"corbeanca-nord","sir":0,"status":"vandut","suprafata":562,"front":17.6,"laturi":4,"pret_total":46084,"pret_mp":82,"tva_inclus":false,"observatii":null,"actualizat":"2026-08-12"}},{"type":"Feature","geometry":{"type":"Polygon","coordinates":[[[26.047408,44.609955],[26.047579,44.609694],[26.047765,44.609756],[26.047593,44.610017],[26.047408,44.609955]]]},"properties":{"id":"corbeanca-nord-a41","cod":"A41","proiect":"corbeanca-nord","sir":0,"status":"vandut","suprafata":519,"front":16.2,"laturi":4,"pret_total":43077,"pret_mp":83,"tva_inclus":false,"observatii":null,"actualizat":"2026-08-12"}},{"type":"Feature","geometry":{"type":"Polygon","coordinates":[[[26.047802,44.610086],[26.047973,44.609826],[26.048164,44.60989],[26.047994,44.61015],[26.047802,44.610086]]]},"properties":{"id":"corbeanca-nord-a43","cod":"A43","proiect":"corbeanca-nord","sir":0,"status":"vandut","suprafata":534,"front":16.7,"laturi":4,"pret_total":43788,"pret_mp":82,"tva_inclus":false,"observatii":null,"actualizat":"2026-08-12"}},{"type":"Feature","geometry":{"type":"Polygon","coordinates":[[[26.047994,44.61015],[26.048164,44.60989],[26.048357,44.609955],[26.048187,44.610214],[26.047994,44.61015]]]},"properties":{"id":"corbeanca-nord-a45","cod":"A45","proiect":"corbeanca-nord","sir":0,"status":"vandut","suprafata":536,"front":16.9,"laturi":4,"pret_total":43952,"pret_mp":82,"tva_inclus":false,"observatii":null,"actualizat":"2026-08-12"}},{"type":"Feature","geometry":{"type":"Polygon","coordinates":[[[26.048187,44.610214],[26.048357,44.609955],[26.048557,44.610023],[26.048388,44.610281],[26.048187,44.610214]]]},"properties":{"id":"corbeanca-nord-a47","cod":"A47","proiect":"corbeanca-nord","sir":0,"status":"vandut","suprafata":557,"front":17.6,"laturi":4,"pret_total":45117,"pret_mp":81,"tva_inclus":false,"observatii":null,"actualizat":"2026-08-12"}},{"type":"Feature","geometry":{"type":"Polygon","coordinates":[[[26.048388,44.610281],[26.048557,44.610023],[26.048756,44.610091],[26.048587,44.610347],[26.048388,44.610281]]]},"properties":{"id":"corbeanca-nord-a49","cod":"A49","proiect":"corbeanca-nord","sir":0,"status":"vandut","suprafata":549,"front":17.4,"laturi":4,"pret_total":45018,"pret_mp":82,"tva_inclus":false,"observatii":null,"actualizat":"2026-08-12"}},{"type":"Feature","geometry":{"type":"Polygon","coordinates":[[[26.048587,44.610347],[26.048756,44.610091],[26.04894,44.610153],[26.048772,44.610409],[26.048587,44.610347]]]},"properties":{"id":"corbeanca-nord-a51","cod":"A51","proiect":"corbeanca-nord","sir":0,"status":"vandut","suprafata":509,"front":16.2,"laturi":4,"pret_total":41738,"pret_mp":82,"tva_inclus":false,"observatii":null,"actualizat":"2026-08-12"}},{"type":"Feature","geometry":{"type":"Polygon","coordinates":[[[26.048772,44.610409],[26.04894,44.610153],[26.049144,44.610222],[26.048976,44.610477],[26.048772,44.610409]]]},"properties":{"id":"corbeanca-nord-a53","cod":"A53","proiect":"corbeanca-nord","sir":0,"status":"vandut","suprafata":559,"front":17.8,"laturi":4,"pret_total":46956,"pret_mp":84,"tva_inclus":false,"observatii":null,"actualizat":"2026-08-12"}},{"type":"Feature","geometry":{"type":"Polygon","coordinates":[[[26.048976,44.610477],[26.049144,44.610222],[26.049337,44.610287],[26.04917,44.610541],[26.048976,44.610477]]]},"properties":{"id":"corbeanca-nord-a55","cod":"A55","proiect":"corbeanca-nord","sir":0,"status":"vandut","suprafata":529,"front":16.9,"laturi":4,"pret_total":42849,"pret_mp":81,"tva_inclus":false,"observatii":null,"actualizat":"2026-08-12"}},{"type":"Feature","geometry":{"type":"Polygon","coordinates":[[[26.04917,44.610541],[26.049337,44.610287],[26.04934,44.610288],[26.049488,44.610341],[26.049331,44.610595],[26.04917,44.610541]]]},"properties":{"id":"corbeanca-nord-a57","cod":"A57","proiect":"corbeanca-nord","sir":0,"status":"vandut","suprafata":425,"front":14.1,"laturi":5,"pret_total":33575,"pret_mp":79,"tva_inclus":false,"observatii":"lot de colț, deschidere pe două laturi, formă neregulată, urmează hotarul terenului","actualizat":"2026-08-12"}},{"type":"Feature","geometry":{"type":"Polygon","coordinates":[[[26.042961,44.608871],[26.043162,44.608621],[26.043296,44.608665],[26.043125,44.608926],[26.042961,44.608871]]]},"properties":{"id":"corbeanca-nord-a2","cod":"A2","proiect":"corbeanca-nord","sir":1,"status":"vandut","suprafata":416,"front":11.7,"laturi":4,"pret_total":32864,"pret_mp":79,"tva_inclus":false,"observatii":"lot de colț, deschidere pe două laturi","actualizat":"2026-08-12"}},{"type":"Feature","geometry":{"type":"Polygon","coordinates":[[[26.043125,44.608926],[26.043296,44.608665],[26.043493,44.608731],[26.043322,44.608992],[26.043125,44.608926]]]},"properties":{"id":"corbeanca-nord-a4","cod":"A4","proiect":"corbeanca-nord","sir":1,"status":"vandut","suprafata":551,"front":17.2,"laturi":4,"pret_total":45182,"pret_mp":82,"tva_inclus":false,"observatii":null,"actualizat":"2026-08-12"}},{"type":"Feature","geometry":{"type":"Polygon","coordinates":[[[26.043322,44.608992],[26.043493,44.608731],[26.043684,44.608795],[26.043513,44.609055],[26.043322,44.608992]]]},"properties":{"id":"corbeanca-nord-a6","cod":"A6","proiect":"corbeanca-nord","sir":1,"status":"vandut","suprafata":534,"front":16.7,"laturi":4,"pret_total":43254,"pret_mp":81,"tva_inclus":false,"observatii":null,"actualizat":"2026-08-12"}},{"type":"Feature","geometry":{"type":"Polygon","coordinates":[[[26.043513,44.609055],[26.043684,44.608795],[26.043876,44.608858],[26.043705,44.609119],[26.043513,44.609055]]]},"properties":{"id":"corbeanca-nord-a8","cod":"A8","proiect":"corbeanca-nord","sir":1,"status":"vandut","suprafata":536,"front":16.7,"laturi":4,"pret_total":42344,"pret_mp":79,"tva_inclus":false,"observatii":null,"actualizat":"2026-08-12"}},{"type":"Feature","geometry":{"type":"Polygon","coordinates":[[[26.043705,44.609119],[26.043876,44.608858],[26.044074,44.608924],[26.043903,44.609185],[26.043705,44.609119]]]},"properties":{"id":"corbeanca-nord-a10","cod":"A10","proiect":"corbeanca-nord","sir":1,"status":"vandut","suprafata":554,"front":17.3,"laturi":4,"pret_total":44874,"pret_mp":81,"tva_inclus":false,"observatii":null,"actualizat":"2026-08-12"}},{"type":"Feature","geometry":{"type":"Polygon","coordinates":[[[26.043903,44.609185],[26.044074,44.608924],[26.044262,44.608987],[26.044091,44.609248],[26.043903,44.609185]]]},"properties":{"id":"corbeanca-nord-a12","cod":"A12","proiect":"corbeanca-nord","sir":1,"status":"vandut","suprafata":525,"front":16.4,"laturi":4,"pret_total":41475,"pret_mp":79,"tva_inclus":false,"observatii":null,"actualizat":"2026-08-12"}},{"type":"Feature","geometry":{"type":"Polygon","coordinates":[[[26.044091,44.609248],[26.044262,44.608987],[26.044447,44.609049],[26.044276,44.609309],[26.044091,44.609248]]]},"properties":{"id":"corbeanca-nord-a14","cod":"A14","proiect":"corbeanca-nord","sir":1,"status":"vandut","suprafata":518,"front":16.2,"laturi":4,"pret_total":42994,"pret_mp":83,"tva_inclus":false,"observatii":null,"actualizat":"2026-08-12"}},{"type":"Feature","geometry":{"type":"Polygon","coordinates":[[[26.044388,44.609346],[26.044559,44.609086],[26.044745,44.609148],[26.044574,44.609408],[26.044388,44.609346]]]},"properties":{"id":"corbeanca-nord-a16","cod":"A16","proiect":"corbeanca-nord","sir":1,"status":"vandut","suprafata":520,"front":16.3,"laturi":4,"pret_total":42120,"pret_mp":81,"tva_inclus":false,"observatii":null,"actualizat":"2026-08-12"}},{"type":"Feature","geometry":{"type":"Polygon","coordinates":[[[26.044574,44.609408],[26.044745,44.609148],[26.044947,44.609215],[26.044775,44.609476],[26.044574,44.609408]]]},"properties":{"id":"corbeanca-nord-a18","cod":"A18","proiect":"corbeanca-nord","sir":1,"status":"vandut","suprafata":564,"front":17.6,"laturi":4,"pret_total":46248,"pret_mp":82,"tva_inclus":false,"observatii":null,"actualizat":"2026-08-12"}},{"type":"Feature","geometry":{"type":"Polygon","coordinates":[[[26.044775,44.609476],[26.044947,44.609215],[26.045138,44.609278],[26.044967,44.609539],[26.044775,44.609476]]]},"properties":{"id":"corbeanca-nord-a20","cod":"A20","proiect":"corbeanca-nord","sir":1,"status":"vandut","suprafata":534,"front":16.7,"laturi":4,"pret_total":42186,"pret_mp":79,"tva_inclus":false,"observatii":null,"actualizat":"2026-08-12"}},{"type":"Feature","geometry":{"type":"Polygon","coordinates":[[[26.044967,44.609539],[26.045138,44.609278],[26.045323,44.60934],[26.045152,44.609601],[26.044967,44.609539]]]},"properties":{"id":"corbeanca-nord-a22","cod":"A22","proiect":"corbeanca-nord","sir":1,"status":"vandut","suprafata":519,"front":16.2,"laturi":4,"pret_total":42558,"pret_mp":82,"tva_inclus":false,"observatii":null,"actualizat":"2026-08-12"}},{"type":"Feature","geometry":{"type":"Polygon","coordinates":[[[26.045152,44.609601],[26.045323,44.60934],[26.045512,44.609403],[26.045341,44.609664],[26.045152,44.609601]]]},"properties":{"id":"corbeanca-nord-a24","cod":"A24","proiect":"corbeanca-nord","sir":1,"status":"vandut","suprafata":528,"front":16.5,"laturi":4,"pret_total":43824,"pret_mp":83,"tva_inclus":false,"observatii":null,"actualizat":"2026-08-12"}},{"type":"Feature","geometry":{"type":"Polygon","coordinates":[[[26.045341,44.609664],[26.045512,44.609403],[26.045715,44.609471],[26.045544,44.609731],[26.045341,44.609664]]]},"properties":{"id":"corbeanca-nord-a26","cod":"A26","proiect":"corbeanca-nord","sir":1,"status":"vandut","suprafata":567,"front":17.7,"laturi":4,"pret_total":45927,"pret_mp":81,"tva_inclus":false,"observatii":null,"actualizat":"2026-08-12"}},{"type":"Feature","geometry":{"type":"Polygon","coordinates":[[[26.045544,44.609731],[26.045715,44.609471],[26.045907,44.609535],[26.045736,44.609795],[26.045544,44.609731]]]},"properties":{"id":"corbeanca-nord-a28","cod":"A28","proiect":"corbeanca-nord","sir":1,"status":"vandut","suprafata":537,"front":16.8,"laturi":4,"pret_total":42423,"pret_mp":79,"tva_inclus":false,"observatii":null,"actualizat":"2026-08-12"}},{"type":"Feature","geometry":{"type":"Polygon","coordinates":[[[26.045736,44.609795],[26.045907,44.609535],[26.046068,44.609588],[26.045896,44.609849],[26.045736,44.609795]]]},"properties":{"id":"corbeanca-nord-a30","cod":"A30","proiect":"corbeanca-nord","sir":1,"status":"vandut","suprafata":449,"front":14,"laturi":4,"pret_total":34573,"pret_mp":77,"tva_inclus":false,"observatii":null,"actualizat":"2026-08-12"}},{"type":"Feature","geometry":{"type":"Polygon","coordinates":[[[26.045988,44.609879],[26.046159,44.609618],[26.04636,44.609685],[26.046189,44.609946],[26.045988,44.609879]]]},"properties":{"id":"corbeanca-nord-a32","cod":"A32","proiect":"corbeanca-nord","sir":1,"status":"vandut","suprafata":561,"front":17.5,"laturi":4,"pret_total":46002,"pret_mp":82,"tva_inclus":false,"observatii":null,"actualizat":"2026-08-12"}},{"type":"Feature","geometry":{"type":"Polygon","coordinates":[[[26.046189,44.609946],[26.04636,44.609685],[26.046562,44.609752],[26.04639,44.610013],[26.046189,44.609946]]]},"properties":{"id":"corbeanca-nord-a34","cod":"A34","proiect":"corbeanca-nord","sir":1,"status":"vandut","suprafata":565,"front":17.6,"laturi":4,"pret_total":45200,"pret_mp":80,"tva_inclus":false,"observatii":null,"actualizat":"2026-08-12"}},{"type":"Feature","geometry":{"type":"Polygon","coordinates":[[[26.04639,44.610013],[26.046562,44.609752],[26.046755,44.609817],[26.046584,44.610078],[26.04639,44.610013]]]},"properties":{"id":"corbeanca-nord-a36","cod":"A36","proiect":"corbeanca-nord","sir":1,"status":"vandut","suprafata":541,"front":16.9,"laturi":4,"pret_total":44362,"pret_mp":82,"tva_inclus":false,"observatii":null,"actualizat":"2026-08-12"}},{"type":"Feature","geometry":{"type":"Polygon","coordinates":[[[26.046584,44.610078],[26.046755,44.609817],[26.046958,44.609884],[26.046787,44.610145],[26.046584,44.610078]]]},"properties":{"id":"corbeanca-nord-a38","cod":"A38","proiect":"corbeanca-nord","sir":1,"status":"vandut","suprafata":567,"front":17.7,"laturi":4,"pret_total":46494,"pret_mp":82,"tva_inclus":false,"observatii":null,"actualizat":"2026-08-12"}},{"type":"Feature","geometry":{"type":"Polygon","coordinates":[[[26.046787,44.610145],[26.046958,44.609884],[26.047143,44.609946],[26.046972,44.610207],[26.046787,44.610145]]]},"properties":{"id":"corbeanca-nord-a40","cod":"A40","proiect":"corbeanca-nord","sir":1,"status":"vandut","suprafata":517,"front":16.2,"laturi":4,"pret_total":40843,"pret_mp":79,"tva_inclus":false,"observatii":null,"actualizat":"2026-08-12"}},{"type":"Feature","geometry":{"type":"Polygon","coordinates":[[[26.046972,44.610207],[26.047143,44.609946],[26.047345,44.610013],[26.047173,44.610274],[26.046972,44.610207]]]},"properties":{"id":"corbeanca-nord-a42","cod":"A42","proiect":"corbeanca-nord","sir":1,"status":"vandut","suprafata":563,"front":17.6,"laturi":4,"pret_total":47292,"pret_mp":84,"tva_inclus":false,"observatii":null,"actualizat":"2026-08-12"}},{"type":"Feature","geometry":{"type":"Polygon","coordinates":[[[26.047173,44.610274],[26.047345,44.610013],[26.047544,44.610079],[26.047373,44.61034],[26.047173,44.610274]]]},"properties":{"id":"corbeanca-nord-a44","cod":"A44","proiect":"corbeanca-nord","sir":1,"status":"vandut","suprafata":558,"front":17.4,"laturi":4,"pret_total":45198,"pret_mp":81,"tva_inclus":false,"observatii":null,"actualizat":"2026-08-12"}},{"type":"Feature","geometry":{"type":"Polygon","coordinates":[[[26.047373,44.61034],[26.047544,44.610079],[26.047668,44.610121],[26.047497,44.610381],[26.047373,44.61034]]]},"properties":{"id":"corbeanca-nord-a46","cod":"A46","proiect":"corbeanca-nord","sir":1,"status":"vandut","suprafata":346,"front":10.8,"laturi":4,"pret_total":25258,"pret_mp":73,"tva_inclus":false,"observatii":null,"actualizat":"2026-08-12"}},{"type":"Feature","geometry":{"type":"Polygon","coordinates":[[[26.047588,44.610412],[26.047759,44.610151],[26.047948,44.610214],[26.047776,44.610475],[26.047588,44.610412]]]},"properties":{"id":"corbeanca-nord-a48","cod":"A48","proiect":"corbeanca-nord","sir":1,"status":"vandut","suprafata":526,"front":16.4,"laturi":4,"pret_total":43658,"pret_mp":83,"tva_inclus":false,"observatii":null,"actualizat":"2026-08-12"}},{"type":"Feature","geometry":{"type":"Polygon","coordinates":[[[26.047776,44.610475],[26.047948,44.610214],[26.048139,44.610278],[26.047968,44.610538],[26.047776,44.610475]]]},"properties":{"id":"corbeanca-nord-a50","cod":"A50","proiect":"corbeanca-nord","sir":1,"status":"vandut","suprafata":537,"front":16.8,"laturi":4,"pret_total":45108,"pret_mp":84,"tva_inclus":false,"observatii":null,"actualizat":"2026-08-12"}},{"type":"Feature","geometry":{"type":"Polygon","coordinates":[[[26.047968,44.610538],[26.048139,44.610278],[26.048344,44.610346],[26.048172,44.610606],[26.047968,44.610538]]]},"properties":{"id":"corbeanca-nord-a52","cod":"A52","proiect":"corbeanca-nord","sir":1,"status":"vandut","suprafata":571,"front":17.8,"laturi":4,"pret_total":47393,"pret_mp":83,"tva_inclus":false,"observatii":null,"actualizat":"2026-08-12"}},{"type":"Feature","geometry":{"type":"Polygon","coordinates":[[[26.048172,44.610606],[26.048344,44.610346],[26.048531,44.610408],[26.04836,44.610669],[26.048172,44.610606]]]},"properties":{"id":"corbeanca-nord-a54","cod":"A54","proiect":"corbeanca-nord","sir":1,"status":"vandut","suprafata":524,"front":16.4,"laturi":4,"pret_total":42444,"pret_mp":81,"tva_inclus":false,"observatii":null,"actualizat":"2026-08-12"}},{"type":"Feature","geometry":{"type":"Polygon","coordinates":[[[26.04836,44.610669],[26.048531,44.610408],[26.048735,44.610476],[26.048564,44.610737],[26.04836,44.610669]]]},"properties":{"id":"corbeanca-nord-a56","cod":"A56","proiect":"corbeanca-nord","sir":1,"status":"vandut","suprafata":570,"front":17.8,"laturi":4,"pret_total":48450,"pret_mp":85,"tva_inclus":false,"observatii":null,"actualizat":"2026-08-12"}},{"type":"Feature","geometry":{"type":"Polygon","coordinates":[[[26.048564,44.610737],[26.048735,44.610476],[26.048934,44.610542],[26.048763,44.610803],[26.048564,44.610737]]]},"properties":{"id":"corbeanca-nord-a58","cod":"A58","proiect":"corbeanca-nord","sir":1,"status":"vandut","suprafata":556,"front":17.4,"laturi":4,"pret_total":46704,"pret_mp":84,"tva_inclus":false,"observatii":null,"actualizat":"2026-08-12"}},{"type":"Feature","geometry":{"type":"Polygon","coordinates":[[[26.048763,44.610803],[26.048934,44.610542],[26.049128,44.610607],[26.048957,44.610868],[26.048763,44.610803]]]},"properties":{"id":"corbeanca-nord-a60","cod":"A60","proiect":"corbeanca-nord","sir":1,"status":"vandut","suprafata":544,"front":17,"laturi":4,"pret_total":42976,"pret_mp":79,"tva_inclus":false,"observatii":null,"actualizat":"2026-08-12"}},{"type":"Feature","geometry":{"type":"Polygon","coordinates":[[[26.048957,44.610868],[26.049128,44.610607],[26.04929,44.610661],[26.049127,44.610924],[26.048957,44.610868]]]},"properties":{"id":"corbeanca-nord-a62","cod":"A62","proiect":"corbeanca-nord","sir":1,"status":"vandut","suprafata":463,"front":14.1,"laturi":4,"pret_total":37503,"pret_mp":81,"tva_inclus":false,"observatii":"lot de colț, deschidere pe două laturi","actualizat":"2026-08-12"}},{"type":"Feature","geometry":{"type":"Polygon","coordinates":[[[26.042767,44.609125],[26.042816,44.609051],[26.042961,44.608871],[26.043124,44.608926],[26.042953,44.609187],[26.042767,44.609125]]]},"properties":{"id":"corbeanca-nord-b1","cod":"B1","proiect":"corbeanca-nord","sir":0,"status":"vandut","suprafata":497,"front":16.2,"laturi":5,"pret_total":41251,"pret_mp":83,"tva_inclus":false,"observatii":"lot de colț, deschidere pe două laturi, formă neregulată, urmează hotarul terenului","actualizat":"2026-08-12"}},{"type":"Feature","geometry":{"type":"Polygon","coordinates":[[[26.042953,44.609187],[26.043124,44.608926],[26.043327,44.608993],[26.043155,44.609254],[26.042953,44.609187]]]},"properties":{"id":"corbeanca-nord-b3","cod":"B3","proiect":"corbeanca-nord","sir":0,"status":"vandut","suprafata":566,"front":17.7,"laturi":4,"pret_total":45280,"pret_mp":80,"tva_inclus":false,"observatii":null,"actualizat":"2026-08-12"}},{"type":"Feature","geometry":{"type":"Polygon","coordinates":[[[26.043155,44.609254],[26.043327,44.608993],[26.043514,44.609056],[26.043343,44.609316],[26.043155,44.609254]]]},"properties":{"id":"corbeanca-nord-b5","cod":"B5","proiect":"corbeanca-nord","sir":0,"status":"vandut","suprafata":524,"front":16.4,"laturi":4,"pret_total":40872,"pret_mp":78,"tva_inclus":false,"observatii":null,"actualizat":"2026-08-12"}},{"type":"Feature","geometry":{"type":"Polygon","coordinates":[[[26.043343,44.609316],[26.043514,44.609056],[26.043716,44.609123],[26.043545,44.609384],[26.043343,44.609316]]]},"properties":{"id":"corbeanca-nord-b7","cod":"B7","proiect":"corbeanca-nord","sir":0,"status":"vandut","suprafata":566,"front":17.7,"laturi":4,"pret_total":45280,"pret_mp":80,"tva_inclus":false,"observatii":null,"actualizat":"2026-08-12"}},{"type":"Feature","geometry":{"type":"Polygon","coordinates":[[[26.043545,44.609384],[26.043716,44.609123],[26.043903,44.609185],[26.043732,44.609446],[26.043545,44.609384]]]},"properties":{"id":"corbeanca-nord-b9","cod":"B9","proiect":"corbeanca-nord","sir":0,"status":"vandut","suprafata":523,"front":16.3,"laturi":4,"pret_total":42363,"pret_mp":81,"tva_inclus":false,"observatii":null,"actualizat":"2026-08-12"}},{"type":"Feature","geometry":{"type":"Polygon","coordinates":[[[26.043732,44.609446],[26.043903,44.609185],[26.044104,44.609252],[26.043933,44.609513],[26.043732,44.609446]]]},"properties":{"id":"corbeanca-nord-b11","cod":"B11","proiect":"corbeanca-nord","sir":0,"status":"vandut","suprafata":562,"front":17.6,"laturi":4,"pret_total":46646,"pret_mp":83,"tva_inclus":false,"observatii":null,"actualizat":"2026-08-12"}},{"type":"Feature","geometry":{"type":"Polygon","coordinates":[[[26.043933,44.609513],[26.044104,44.609252],[26.044296,44.609316],[26.044125,44.609577],[26.043933,44.609513]]]},"properties":{"id":"corbeanca-nord-b13","cod":"B13","proiect":"corbeanca-nord","sir":0,"status":"vandut","suprafata":537,"front":16.8,"laturi":4,"pret_total":43497,"pret_mp":81,"tva_inclus":false,"observatii":null,"actualizat":"2026-08-12"}},{"type":"Feature","geometry":{"type":"Polygon","coordinates":[[[26.044216,44.609607],[26.044388,44.609346],[26.044589,44.609413],[26.044417,44.609674],[26.044216,44.609607]]]},"properties":{"id":"corbeanca-nord-b15","cod":"B15","proiect":"corbeanca-nord","sir":0,"status":"vandut","suprafata":562,"front":17.6,"laturi":4,"pret_total":44398,"pret_mp":79,"tva_inclus":false,"observatii":null,"actualizat":"2026-08-12"}},{"type":"Feature","geometry":{"type":"Polygon","coordinates":[[[26.044417,44.609674],[26.044589,44.609413],[26.044786,44.609479],[26.044615,44.60974],[26.044417,44.609674]]]},"properties":{"id":"corbeanca-nord-b17","cod":"B17","proiect":"corbeanca-nord","sir":0,"status":"vandut","suprafata":552,"front":17.2,"laturi":4,"pret_total":44160,"pret_mp":80,"tva_inclus":false,"observatii":null,"actualizat":"2026-08-12"}},{"type":"Feature","geometry":{"type":"Polygon","coordinates":[[[26.044615,44.60974],[26.044786,44.609479],[26.044973,44.609541],[26.044802,44.609802],[26.044615,44.60974]]]},"properties":{"id":"corbeanca-nord-b19","cod":"B19","proiect":"corbeanca-nord","sir":0,"status":"vandut","suprafata":523,"front":16.4,"laturi":4,"pret_total":41317,"pret_mp":79,"tva_inclus":false,"observatii":null,"actualizat":"2026-08-12"}},{"type":"Feature","geometry":{"type":"Polygon","coordinates":[[[26.044802,44.609802],[26.044973,44.609541],[26.045161,44.609604],[26.04499,44.609865],[26.044802,44.609802]]]},"properties":{"id":"corbeanca-nord-b21","cod":"B21","proiect":"corbeanca-nord","sir":0,"status":"vandut","suprafata":527,"front":16.5,"laturi":4,"pret_total":41633,"pret_mp":79,"tva_inclus":false,"observatii":null,"actualizat":"2026-08-12"}},{"type":"Feature","geometry":{"type":"Polygon","coordinates":[[[26.04499,44.609865],[26.045161,44.609604],[26.045361,44.609671],[26.04519,44.609931],[26.04499,44.609865]]]},"properties":{"id":"corbeanca-nord-b23","cod":"B23","proiect":"corbeanca-nord","sir":0,"status":"vandut","suprafata":559,"front":17.5,"laturi":4,"pret_total":45279,"pret_mp":81,"tva_inclus":false,"observatii":null,"actualizat":"2026-08-12"}},{"type":"Feature","geometry":{"type":"Polygon","coordinates":[[[26.04519,44.609931],[26.045361,44.609671],[26.045557,44.609736],[26.045386,44.609996],[26.04519,44.609931]]]},"properties":{"id":"corbeanca-nord-b25","cod":"B25","proiect":"corbeanca-nord","sir":0,"status":"vandut","suprafata":547,"front":17.1,"laturi":4,"pret_total":44854,"pret_mp":82,"tva_inclus":false,"observatii":null,"actualizat":"2026-08-12"}},{"type":"Feature","geometry":{"type":"Polygon","coordinates":[[[26.045386,44.609996],[26.045557,44.609736],[26.045747,44.609799],[26.045576,44.61006],[26.045386,44.609996]]]},"properties":{"id":"corbeanca-nord-b27","cod":"B27","proiect":"corbeanca-nord","sir":0,"status":"vandut","suprafata":532,"front":16.6,"laturi":4,"pret_total":42028,"pret_mp":79,"tva_inclus":false,"observatii":null,"actualizat":"2026-08-12"}},{"type":"Feature","geometry":{"type":"Polygon","coordinates":[[[26.045576,44.61006],[26.045747,44.609799],[26.045896,44.609849],[26.045725,44.610109],[26.045576,44.61006]]]},"properties":{"id":"corbeanca-nord-b29","cod":"B29","proiect":"corbeanca-nord","sir":0,"status":"vandut","suprafata":417,"front":13,"laturi":4,"pret_total":30858,"pret_mp":74,"tva_inclus":false,"observatii":null,"actualizat":"2026-08-12"}},{"type":"Feature","geometry":{"type":"Polygon","coordinates":[[[26.045817,44.61014],[26.045988,44.609879],[26.046181,44.609944],[26.04601,44.610204],[26.045817,44.61014]]]},"properties":{"id":"corbeanca-nord-b31","cod":"B31","proiect":"corbeanca-nord","sir":0,"status":"vandut","suprafata":541,"front":16.9,"laturi":4,"pret_total":42739,"pret_mp":79,"tva_inclus":false,"observatii":null,"actualizat":"2026-08-12"}},{"type":"Feature","geometry":{"type":"Polygon","coordinates":[[[26.04601,44.610204],[26.046181,44.609944],[26.046372,44.610007],[26.046201,44.610268],[26.04601,44.610204]]]},"properties":{"id":"corbeanca-nord-b33","cod":"B33","proiect":"corbeanca-nord","sir":0,"status":"vandut","suprafata":533,"front":16.6,"laturi":4,"pret_total":43173,"pret_mp":81,"tva_inclus":false,"observatii":null,"actualizat":"2026-08-12"}},{"type":"Feature","geometry":{"type":"Polygon","coordinates":[[[26.046201,44.610268],[26.046372,44.610007],[26.046576,44.610075],[26.046404,44.610335],[26.046201,44.610268]]]},"properties":{"id":"corbeanca-nord-b35","cod":"B35","proiect":"corbeanca-nord","sir":0,"status":"vandut","suprafata":570,"front":17.8,"laturi":4,"pret_total":46170,"pret_mp":81,"tva_inclus":false,"observatii":null,"actualizat":"2026-08-12"}},{"type":"Feature","geometry":{"type":"Polygon","coordinates":[[[26.046404,44.610335],[26.046576,44.610075],[26.046779,44.610142],[26.046607,44.610403],[26.046404,44.610335]]]},"properties":{"id":"corbeanca-nord-b37","cod":"B37","proiect":"corbeanca-nord","sir":0,"status":"vandut","suprafata":568,"front":17.7,"laturi":4,"pret_total":45440,"pret_mp":80,"tva_inclus":false,"observatii":null,"actualizat":"2026-08-12"}},{"type":"Feature","geometry":{"type":"Polygon","coordinates":[[[26.046607,44.610403],[26.046779,44.610142],[26.046975,44.610208],[26.046803,44.610468],[26.046607,44.610403]]]},"properties":{"id":"corbeanca-nord-b39","cod":"B39","proiect":"corbeanca-nord","sir":0,"status":"vandut","suprafata":548,"front":17.1,"laturi":4,"pret_total":43840,"pret_mp":80,"tva_inclus":false,"observatii":null,"actualizat":"2026-08-12"}},{"type":"Feature","geometry":{"type":"Polygon","coordinates":[[[26.046803,44.610468],[26.046975,44.610208],[26.047178,44.610275],[26.047007,44.610536],[26.046803,44.610468]]]},"properties":{"id":"corbeanca-nord-b41","cod":"B41","proiect":"corbeanca-nord","sir":0,"status":"vandut","suprafata":569,"front":17.8,"laturi":4,"pret_total":45520,"pret_mp":80,"tva_inclus":false,"observatii":null,"actualizat":"2026-08-12"}},{"type":"Feature","geometry":{"type":"Polygon","coordinates":[[[26.047007,44.610536],[26.047178,44.610275],[26.047373,44.61034],[26.047202,44.610601],[26.047007,44.610536]]]},"properties":{"id":"corbeanca-nord-b43","cod":"B43","proiect":"corbeanca-nord","sir":0,"status":"vandut","suprafata":545,"front":17,"laturi":4,"pret_total":42510,"pret_mp":78,"tva_inclus":false,"observatii":null,"actualizat":"2026-08-12"}},{"type":"Feature","geometry":{"type":"Polygon","coordinates":[[[26.047202,44.610601],[26.047373,44.61034],[26.047497,44.610381],[26.047325,44.610642],[26.047202,44.610601]]]},"properties":{"id":"corbeanca-nord-b45","cod":"B45","proiect":"corbeanca-nord","sir":0,"status":"vandut","suprafata":345,"front":10.8,"laturi":4,"pret_total":25530,"pret_mp":74,"tva_inclus":false,"observatii":null,"actualizat":"2026-08-12"}},{"type":"Feature","geometry":{"type":"Polygon","coordinates":[[[26.047417,44.610673],[26.047588,44.610412],[26.047788,44.610478],[26.047616,44.610739],[26.047417,44.610673]]]},"properties":{"id":"corbeanca-nord-b47","cod":"B47","proiect":"corbeanca-nord","sir":0,"status":"vandut","suprafata":558,"front":17.4,"laturi":4,"pret_total":45756,"pret_mp":82,"tva_inclus":false,"observatii":null,"actualizat":"2026-08-12"}},{"type":"Feature","geometry":{"type":"Polygon","coordinates":[[[26.047616,44.610739],[26.047788,44.610478],[26.04799,44.610546],[26.047819,44.610806],[26.047616,44.610739]]]},"properties":{"id":"corbeanca-nord-b49","cod":"B49","proiect":"corbeanca-nord","sir":0,"status":"vandut","suprafata":566,"front":17.7,"laturi":4,"pret_total":45846,"pret_mp":81,"tva_inclus":false,"observatii":null,"actualizat":"2026-08-12"}},{"type":"Feature","geometry":{"type":"Polygon","coordinates":[[[26.047819,44.610806],[26.04799,44.610546],[26.048176,44.610607],[26.048005,44.610868],[26.047819,44.610806]]]},"properties":{"id":"corbeanca-nord-b51","cod":"B51","proiect":"corbeanca-nord","sir":0,"status":"vandut","suprafata":519,"front":16.2,"laturi":4,"pret_total":41520,"pret_mp":80,"tva_inclus":false,"observatii":null,"actualizat":"2026-08-12"}},{"type":"Feature","geometry":{"type":"Polygon","coordinates":[[[26.048005,44.610868],[26.048176,44.610607],[26.048371,44.610673],[26.0482,44.610933],[26.048005,44.610868]]]},"properties":{"id":"corbeanca-nord-b53","cod":"B53","proiect":"corbeanca-nord","sir":0,"status":"vandut","suprafata":547,"front":17.1,"laturi":4,"pret_total":44854,"pret_mp":82,"tva_inclus":false,"observatii":null,"actualizat":"2026-08-12"}},{"type":"Feature","geometry":{"type":"Polygon","coordinates":[[[26.0482,44.610933],[26.048371,44.610673],[26.048565,44.610737],[26.048394,44.610998],[26.0482,44.610933]]]},"properties":{"id":"corbeanca-nord-b55","cod":"B55","proiect":"corbeanca-nord","sir":0,"status":"vandut","suprafata":542,"front":16.9,"laturi":4,"pret_total":42276,"pret_mp":78,"tva_inclus":false,"observatii":null,"actualizat":"2026-08-12"}},{"type":"Feature","geometry":{"type":"Polygon","coordinates":[[[26.048394,44.610998],[26.048565,44.610737],[26.048756,44.6108],[26.048584,44.611061],[26.048394,44.610998]]]},"properties":{"id":"corbeanca-nord-b57","cod":"B57","proiect":"corbeanca-nord","sir":0,"status":"vandut","suprafata":533,"front":16.7,"laturi":4,"pret_total":43173,"pret_mp":81,"tva_inclus":false,"observatii":null,"actualizat":"2026-08-12"}},{"type":"Feature","geometry":{"type":"Polygon","coordinates":[[[26.048584,44.611061],[26.048756,44.6108],[26.048948,44.610865],[26.048777,44.611125],[26.048584,44.611061]]]},"properties":{"id":"corbeanca-nord-b59","cod":"B59","proiect":"corbeanca-nord","sir":0,"status":"rezervat","suprafata":539,"front":16.8,"laturi":4,"pret_total":43120,"pret_mp":80,"tva_inclus":false,"observatii":null,"actualizat":"2026-08-12"}},{"type":"Feature","geometry":{"type":"Polygon","coordinates":[[[26.048777,44.611125],[26.048948,44.610865],[26.049127,44.610924],[26.048964,44.611187],[26.048777,44.611125]]]},"properties":{"id":"corbeanca-nord-b61","cod":"B61","proiect":"corbeanca-nord","sir":0,"status":"vandut","suprafata":510,"front":16.3,"laturi":4,"pret_total":42330,"pret_mp":83,"tva_inclus":false,"observatii":"lot de colț, deschidere pe două laturi","actualizat":"2026-08-12"}},{"type":"Feature","geometry":{"type":"Polygon","coordinates":[[[26.042558,44.609452],[26.042729,44.609191],[26.042921,44.609255],[26.042749,44.609516],[26.042558,44.609452]]]},"properties":{"id":"corbeanca-nord-b2","cod":"B2","proiect":"corbeanca-nord","sir":1,"status":"vandut","suprafata":535,"front":16.7,"laturi":4,"pret_total":44940,"pret_mp":84,"tva_inclus":false,"observatii":"lot de colț, deschidere pe două laturi","actualizat":"2026-08-12"}},{"type":"Feature","geometry":{"type":"Polygon","coordinates":[[[26.042749,44.609516],[26.042921,44.609255],[26.043114,44.60932],[26.042943,44.60958],[26.042749,44.609516]]]},"properties":{"id":"corbeanca-nord-b4","cod":"B4","proiect":"corbeanca-nord","sir":1,"status":"vandut","suprafata":542,"front":16.9,"laturi":4,"pret_total":43360,"pret_mp":80,"tva_inclus":false,"observatii":null,"actualizat":"2026-08-12"}},{"type":"Feature","geometry":{"type":"Polygon","coordinates":[[[26.042943,44.60958],[26.043114,44.60932],[26.043316,44.609387],[26.043145,44.609648],[26.042943,44.60958]]]},"properties":{"id":"corbeanca-nord-b6","cod":"B6","proiect":"corbeanca-nord","sir":1,"status":"vandut","suprafata":565,"front":17.7,"laturi":4,"pret_total":46330,"pret_mp":82,"tva_inclus":false,"observatii":null,"actualizat":"2026-08-12"}},{"type":"Feature","geometry":{"type":"Polygon","coordinates":[[[26.043145,44.609648],[26.043316,44.609387],[26.043512,44.609452],[26.043341,44.609713],[26.043145,44.609648]]]},"properties":{"id":"corbeanca-nord-b8","cod":"B8","proiect":"corbeanca-nord","sir":1,"status":"vandut","suprafata":547,"front":17.1,"laturi":4,"pret_total":42666,"pret_mp":78,"tva_inclus":false,"observatii":null,"actualizat":"2026-08-12"}},{"type":"Feature","geometry":{"type":"Polygon","coordinates":[[[26.043341,44.609713],[26.043512,44.609452],[26.04371,44.609518],[26.043539,44.609779],[26.043341,44.609713]]]},"properties":{"id":"corbeanca-nord-b10","cod":"B10","proiect":"corbeanca-nord","sir":1,"status":"vandut","suprafata":554,"front":17.3,"laturi":4,"pret_total":44874,"pret_mp":81,"tva_inclus":false,"observatii":null,"actualizat":"2026-08-12"}},{"type":"Feature","geometry":{"type":"Polygon","coordinates":[[[26.043539,44.609779],[26.04371,44.609518],[26.043896,44.60958],[26.043725,44.609841],[26.043539,44.609779]]]},"properties":{"id":"corbeanca-nord-b12","cod":"B12","proiect":"corbeanca-nord","sir":1,"status":"vandut","suprafata":520,"front":16.2,"laturi":4,"pret_total":40040,"pret_mp":77,"tva_inclus":false,"observatii":null,"actualizat":"2026-08-12"}},{"type":"Feature","geometry":{"type":"Polygon","coordinates":[[[26.043725,44.609841],[26.043896,44.60958],[26.044081,44.609642],[26.04391,44.609902],[26.043725,44.609841]]]},"properties":{"id":"corbeanca-nord-b14","cod":"B14","proiect":"corbeanca-nord","sir":1,"status":"vandut","suprafata":518,"front":16.2,"laturi":4,"pret_total":40404,"pret_mp":78,"tva_inclus":false,"observatii":null,"actualizat":"2026-08-12"}},{"type":"Feature","geometry":{"type":"Polygon","coordinates":[[[26.044002,44.609933],[26.044174,44.609672],[26.044366,44.609736],[26.044195,44.609997],[26.044002,44.609933]]]},"properties":{"id":"corbeanca-nord-b16","cod":"B16","proiect":"corbeanca-nord","sir":1,"status":"vandut","suprafata":538,"front":16.8,"laturi":4,"pret_total":42502,"pret_mp":79,"tva_inclus":false,"observatii":null,"actualizat":"2026-08-12"}},{"type":"Feature","geometry":{"type":"Polygon","coordinates":[[[26.044195,44.609997],[26.044366,44.609736],[26.044564,44.609802],[26.044393,44.610063],[26.044195,44.609997]]]},"properties":{"id":"corbeanca-nord-b18","cod":"B18","proiect":"corbeanca-nord","sir":1,"status":"vandut","suprafata":553,"front":17.3,"laturi":4,"pret_total":44793,"pret_mp":81,"tva_inclus":false,"observatii":null,"actualizat":"2026-08-12"}},{"type":"Feature","geometry":{"type":"Polygon","coordinates":[[[26.044393,44.610063],[26.044564,44.609802],[26.04475,44.609864],[26.044579,44.610125],[26.044393,44.610063]]]},"properties":{"id":"corbeanca-nord-b20","cod":"B20","proiect":"corbeanca-nord","sir":1,"status":"vandut","suprafata":520,"front":16.3,"laturi":4,"pret_total":41080,"pret_mp":79,"tva_inclus":false,"observatii":null,"actualizat":"2026-08-12"}},{"type":"Feature","geometry":{"type":"Polygon","coordinates":[[[26.044579,44.610125],[26.04475,44.609864],[26.044936,44.609926],[26.044764,44.610187],[26.044579,44.610125]]]},"properties":{"id":"corbeanca-nord-b22","cod":"B22","proiect":"corbeanca-nord","sir":1,"status":"vandut","suprafata":520,"front":16.2,"laturi":4,"pret_total":42120,"pret_mp":81,"tva_inclus":false,"observatii":null,"actualizat":"2026-08-12"}},{"type":"Feature","geometry":{"type":"Polygon","coordinates":[[[26.044764,44.610187],[26.044936,44.609926],[26.04514,44.609994],[26.044969,44.610255],[26.044764,44.610187]]]},"properties":{"id":"corbeanca-nord-b24","cod":"B24","proiect":"corbeanca-nord","sir":1,"status":"vandut","suprafata":571,"front":17.8,"laturi":4,"pret_total":46251,"pret_mp":81,"tva_inclus":false,"observatii":null,"actualizat":"2026-08-12"}},{"type":"Feature","geometry":{"type":"Polygon","coordinates":[[[26.044969,44.610255],[26.04514,44.609994],[26.045343,44.610062],[26.045172,44.610322],[26.044969,44.610255]]]},"properties":{"id":"corbeanca-nord-b26","cod":"B26","proiect":"corbeanca-nord","sir":1,"status":"vandut","suprafata":569,"front":17.8,"laturi":4,"pret_total":46658,"pret_mp":82,"tva_inclus":false,"observatii":null,"actualizat":"2026-08-12"}},{"type":"Feature","geometry":{"type":"Polygon","coordinates":[[[26.045172,44.610322],[26.045343,44.610062],[26.045545,44.610129],[26.045374,44.61039],[26.045172,44.610322]]]},"properties":{"id":"corbeanca-nord-b28","cod":"B28","proiect":"corbeanca-nord","sir":1,"status":"vandut","suprafata":565,"front":17.7,"laturi":4,"pret_total":46895,"pret_mp":83,"tva_inclus":false,"observatii":null,"actualizat":"2026-08-12"}},{"type":"Feature","geometry":{"type":"Polygon","coordinates":[[[26.045374,44.61039],[26.045545,44.610129],[26.045682,44.610175],[26.045511,44.610435],[26.045374,44.61039]]]},"properties":{"id":"corbeanca-nord-b30","cod":"B30","proiect":"corbeanca-nord","sir":1,"status":"vandut","suprafata":383,"front":12,"laturi":4,"pret_total":27576,"pret_mp":72,"tva_inclus":false,"observatii":null,"actualizat":"2026-08-12"}},{"type":"Feature","geometry":{"type":"Polygon","coordinates":[[[26.045603,44.610466],[26.045774,44.610205],[26.045967,44.610269],[26.045796,44.61053],[26.045603,44.610466]]]},"properties":{"id":"corbeanca-nord-b32","cod":"B32","proiect":"corbeanca-nord","sir":1,"status":"vandut","suprafata":541,"front":16.9,"laturi":4,"pret_total":42198,"pret_mp":78,"tva_inclus":false,"observatii":null,"actualizat":"2026-08-12"}},{"type":"Feature","geometry":{"type":"Polygon","coordinates":[[[26.045796,44.61053],[26.045967,44.610269],[26.046164,44.610335],[26.045993,44.610595],[26.045796,44.61053]]]},"properties":{"id":"corbeanca-nord-b34","cod":"B34","proiect":"corbeanca-nord","sir":1,"status":"vandut","suprafata":550,"front":17.2,"laturi":4,"pret_total":44550,"pret_mp":81,"tva_inclus":false,"observatii":null,"actualizat":"2026-08-12"}},{"type":"Feature","geometry":{"type":"Polygon","coordinates":[[[26.045993,44.610595],[26.046164,44.610335],[26.046351,44.610397],[26.04618,44.610658],[26.045993,44.610595]]]},"properties":{"id":"corbeanca-nord-b36","cod":"B36","proiect":"corbeanca-nord","sir":1,"status":"vandut","suprafata":524,"front":16.4,"laturi":4,"pret_total":42444,"pret_mp":81,"tva_inclus":false,"observatii":null,"actualizat":"2026-08-12"}},{"type":"Feature","geometry":{"type":"Polygon","coordinates":[[[26.04618,44.610658],[26.046351,44.610397],[26.046538,44.610459],[26.046367,44.61072],[26.04618,44.610658]]]},"properties":{"id":"corbeanca-nord-b38","cod":"B38","proiect":"corbeanca-nord","sir":1,"status":"vandut","suprafata":522,"front":16.3,"laturi":4,"pret_total":41760,"pret_mp":80,"tva_inclus":false,"observatii":null,"actualizat":"2026-08-12"}},{"type":"Feature","geometry":{"type":"Polygon","coordinates":[[[26.046367,44.61072],[26.046538,44.610459],[26.046724,44.610521],[26.046553,44.610782],[26.046367,44.61072]]]},"properties":{"id":"corbeanca-nord-b40","cod":"B40","proiect":"corbeanca-nord","sir":1,"status":"vandut","suprafata":520,"front":16.2,"laturi":4,"pret_total":42120,"pret_mp":81,"tva_inclus":false,"observatii":null,"actualizat":"2026-08-12"}},{"type":"Feature","geometry":{"type":"Polygon","coordinates":[[[26.046553,44.610782],[26.046724,44.610521],[26.046911,44.610584],[26.04674,44.610844],[26.046553,44.610782]]]},"properties":{"id":"corbeanca-nord-b42","cod":"B42","proiect":"corbeanca-nord","sir":1,"status":"vandut","suprafata":524,"front":16.4,"laturi":4,"pret_total":41920,"pret_mp":80,"tva_inclus":false,"observatii":null,"actualizat":"2026-08-12"}},{"type":"Feature","geometry":{"type":"Polygon","coordinates":[[[26.04674,44.610844],[26.046911,44.610584],[26.047098,44.610646],[26.046927,44.610906],[26.04674,44.610844]]]},"properties":{"id":"corbeanca-nord-b44","cod":"B44","proiect":"corbeanca-nord","sir":1,"status":"vandut","suprafata":522,"front":16.3,"laturi":4,"pret_total":42282,"pret_mp":81,"tva_inclus":false,"observatii":null,"actualizat":"2026-08-12"}},{"type":"Feature","geometry":{"type":"Polygon","coordinates":[[[26.046927,44.610906],[26.047098,44.610646],[26.047283,44.610707],[26.047111,44.610968],[26.046927,44.610906]]]},"properties":{"id":"corbeanca-nord-b46","cod":"B46","proiect":"corbeanca-nord","sir":1,"status":"vandut","suprafata":516,"front":16.1,"laturi":4,"pret_total":40248,"pret_mp":78,"tva_inclus":false,"observatii":null,"actualizat":"2026-08-12"}},{"type":"Feature","geometry":{"type":"Polygon","coordinates":[[[26.047203,44.610998],[26.047374,44.610738],[26.047567,44.610802],[26.047395,44.611062],[26.047203,44.610998]]]},"properties":{"id":"corbeanca-nord-b48","cod":"B48","proiect":"corbeanca-nord","sir":1,"status":"vandut","suprafata":538,"front":16.8,"laturi":4,"pret_total":42502,"pret_mp":79,"tva_inclus":false,"observatii":null,"actualizat":"2026-08-12"}},{"type":"Feature","geometry":{"type":"Polygon","coordinates":[[[26.047395,44.611062],[26.047567,44.610802],[26.047762,44.610867],[26.047591,44.611128],[26.047395,44.611062]]]},"properties":{"id":"corbeanca-nord-b50","cod":"B50","proiect":"corbeanca-nord","sir":1,"status":"vandut","suprafata":548,"front":17.1,"laturi":4,"pret_total":44936,"pret_mp":82,"tva_inclus":false,"observatii":null,"actualizat":"2026-08-12"}},{"type":"Feature","geometry":{"type":"Polygon","coordinates":[[[26.047591,44.611128],[26.047762,44.610867],[26.047967,44.610935],[26.047795,44.611196],[26.047591,44.611128]]]},"properties":{"id":"corbeanca-nord-b52","cod":"B52","proiect":"corbeanca-nord","sir":1,"status":"vandut","suprafata":571,"front":17.8,"laturi":4,"pret_total":46251,"pret_mp":81,"tva_inclus":false,"observatii":null,"actualizat":"2026-08-12"}},{"type":"Feature","geometry":{"type":"Polygon","coordinates":[[[26.047795,44.611196],[26.047967,44.610935],[26.048159,44.610999],[26.047987,44.61126],[26.047795,44.611196]]]},"properties":{"id":"corbeanca-nord-b54","cod":"B54","proiect":"corbeanca-nord","sir":1,"status":"disponibil","suprafata":537,"front":16.8,"laturi":4,"pret_total":44034,"pret_mp":82,"tva_inclus":false,"observatii":null,"actualizat":"2026-08-12"}},{"type":"Feature","geometry":{"type":"Polygon","coordinates":[[[26.047987,44.61126],[26.048159,44.610999],[26.048345,44.611061],[26.048174,44.611322],[26.047987,44.61126]]]},"properties":{"id":"corbeanca-nord-b56","cod":"B56","proiect":"corbeanca-nord","sir":1,"status":"vandut","suprafata":522,"front":16.3,"laturi":4,"pret_total":40716,"pret_mp":78,"tva_inclus":false,"observatii":null,"actualizat":"2026-08-12"}},{"type":"Feature","geometry":{"type":"Polygon","coordinates":[[[26.048174,44.611322],[26.048345,44.611061],[26.048544,44.611127],[26.048372,44.611388],[26.048174,44.611322]]]},"properties":{"id":"corbeanca-nord-b58","cod":"B58","proiect":"corbeanca-nord","sir":1,"status":"vandut","suprafata":554,"front":17.3,"laturi":4,"pret_total":43212,"pret_mp":78,"tva_inclus":false,"observatii":null,"actualizat":"2026-08-12"}},{"type":"Feature","geometry":{"type":"Polygon","coordinates":[[[26.048372,44.611388],[26.048544,44.611127],[26.048744,44.611194],[26.048572,44.611454],[26.048372,44.611388]]]},"properties":{"id":"corbeanca-nord-b60","cod":"B60","proiect":"corbeanca-nord","sir":1,"status":"rezervat","suprafata":559,"front":17.5,"laturi":4,"pret_total":44720,"pret_mp":80,"tva_inclus":false,"observatii":null,"actualizat":"2026-08-12"}},{"type":"Feature","geometry":{"type":"Polygon","coordinates":[[[26.048572,44.611454],[26.048744,44.611194],[26.048923,44.611253],[26.048759,44.611517],[26.048572,44.611454]]]},"properties":{"id":"corbeanca-nord-b62","cod":"B62","proiect":"corbeanca-nord","sir":1,"status":"vandut","suprafata":512,"front":15.7,"laturi":4,"pret_total":42496,"pret_mp":83,"tva_inclus":false,"observatii":"lot de colț, deschidere pe două laturi","actualizat":"2026-08-12"}},{"type":"Feature","geometry":{"type":"Polygon","coordinates":[[[26.04237,44.609707],[26.042541,44.609447],[26.042743,44.609514],[26.042572,44.609774],[26.04237,44.609707]]]},"properties":{"id":"corbeanca-nord-c1","cod":"C1","proiect":"corbeanca-nord","sir":0,"status":"vandut","suprafata":563,"front":17.6,"laturi":4,"pret_total":47292,"pret_mp":84,"tva_inclus":false,"observatii":"lot de colț, deschidere pe două laturi","actualizat":"2026-08-12"}},{"type":"Feature","geometry":{"type":"Polygon","coordinates":[[[26.042572,44.609774],[26.042743,44.609514],[26.042936,44.609578],[26.042765,44.609839],[26.042572,44.609774]]]},"properties":{"id":"corbeanca-nord-c3","cod":"C3","proiect":"corbeanca-nord","sir":0,"status":"vandut","suprafata":541,"front":16.9,"laturi":4,"pret_total":43280,"pret_mp":80,"tva_inclus":false,"observatii":null,"actualizat":"2026-08-12"}},{"type":"Feature","geometry":{"type":"Polygon","coordinates":[[[26.042765,44.609839],[26.042936,44.609578],[26.043131,44.609643],[26.042959,44.609903],[26.042765,44.609839]]]},"properties":{"id":"corbeanca-nord-c5","cod":"C5","proiect":"corbeanca-nord","sir":0,"status":"vandut","suprafata":544,"front":17,"laturi":4,"pret_total":42432,"pret_mp":78,"tva_inclus":false,"observatii":null,"actualizat":"2026-08-12"}},{"type":"Feature","geometry":{"type":"Polygon","coordinates":[[[26.042959,44.609903],[26.043131,44.609643],[26.043329,44.609709],[26.043158,44.60997],[26.042959,44.609903]]]},"properties":{"id":"corbeanca-nord-c7","cod":"C7","proiect":"corbeanca-nord","sir":0,"status":"vandut","suprafata":555,"front":17.4,"laturi":4,"pret_total":43290,"pret_mp":78,"tva_inclus":false,"observatii":null,"actualizat":"2026-08-12"}},{"type":"Feature","geometry":{"type":"Polygon","coordinates":[[[26.043158,44.60997],[26.043329,44.609709],[26.043518,44.609772],[26.043347,44.610033],[26.043158,44.60997]]]},"properties":{"id":"corbeanca-nord-c9","cod":"C9","proiect":"corbeanca-nord","sir":0,"status":"vandut","suprafata":529,"front":16.5,"laturi":4,"pret_total":40204,"pret_mp":76,"tva_inclus":false,"observatii":null,"actualizat":"2026-08-12"}},{"type":"Feature","geometry":{"type":"Polygon","coordinates":[[[26.043347,44.610033],[26.043518,44.609772],[26.043706,44.609834],[26.043535,44.610095],[26.043347,44.610033]]]},"properties":{"id":"corbeanca-nord-c11","cod":"C11","proiect":"corbeanca-nord","sir":0,"status":"vandut","suprafata":525,"front":16.4,"laturi":4,"pret_total":42000,"pret_mp":80,"tva_inclus":false,"observatii":null,"actualizat":"2026-08-12"}},{"type":"Feature","geometry":{"type":"Polygon","coordinates":[[[26.043535,44.610095],[26.043706,44.609834],[26.043897,44.609898],[26.043725,44.610158],[26.043535,44.610095]]]},"properties":{"id":"corbeanca-nord-c13","cod":"C13","proiect":"corbeanca-nord","sir":0,"status":"vandut","suprafata":533,"front":16.7,"laturi":4,"pret_total":41041,"pret_mp":77,"tva_inclus":false,"observatii":null,"actualizat":"2026-08-12"}},{"type":"Feature","geometry":{"type":"Polygon","coordinates":[[[26.043831,44.610194],[26.044002,44.609933],[26.04419,44.609995],[26.044019,44.610256],[26.043831,44.610194]]]},"properties":{"id":"corbeanca-nord-c15","cod":"C15","proiect":"corbeanca-nord","sir":0,"status":"vandut","suprafata":525,"front":16.4,"laturi":4,"pret_total":40425,"pret_mp":77,"tva_inclus":false,"observatii":null,"actualizat":"2026-08-12"}},{"type":"Feature","geometry":{"type":"Polygon","coordinates":[[[26.044019,44.610256],[26.04419,44.609995],[26.044382,44.610059],[26.044211,44.61032],[26.044019,44.610256]]]},"properties":{"id":"corbeanca-nord-c17","cod":"C17","proiect":"corbeanca-nord","sir":0,"status":"vandut","suprafata":537,"front":16.8,"laturi":4,"pret_total":42960,"pret_mp":80,"tva_inclus":false,"observatii":null,"actualizat":"2026-08-12"}},{"type":"Feature","geometry":{"type":"Polygon","coordinates":[[[26.044211,44.61032],[26.044382,44.610059],[26.044568,44.610121],[26.044397,44.610382],[26.044211,44.61032]]]},"properties":{"id":"corbeanca-nord-c19","cod":"C19","proiect":"corbeanca-nord","sir":0,"status":"vandut","suprafata":519,"front":16.2,"laturi":4,"pret_total":39444,"pret_mp":76,"tva_inclus":false,"observatii":null,"actualizat":"2026-08-12"}},{"type":"Feature","geometry":{"type":"Polygon","coordinates":[[[26.044397,44.610382],[26.044568,44.610121],[26.044757,44.610184],[26.044586,44.610445],[26.044397,44.610382]]]},"properties":{"id":"corbeanca-nord-c21","cod":"C21","proiect":"corbeanca-nord","sir":0,"status":"vandut","suprafata":530,"front":16.6,"laturi":4,"pret_total":41340,"pret_mp":78,"tva_inclus":false,"observatii":null,"actualizat":"2026-08-12"}},{"type":"Feature","geometry":{"type":"Polygon","coordinates":[[[26.044586,44.610445],[26.044757,44.610184],[26.044953,44.610249],[26.044782,44.61051],[26.044586,44.610445]]]},"properties":{"id":"corbeanca-nord-c23","cod":"C23","proiect":"corbeanca-nord","sir":0,"status":"vandut","suprafata":546,"front":17.1,"laturi":4,"pret_total":43134,"pret_mp":79,"tva_inclus":false,"observatii":null,"actualizat":"2026-08-12"}},{"type":"Feature","geometry":{"type":"Polygon","coordinates":[[[26.044782,44.61051],[26.044953,44.610249],[26.045138,44.610311],[26.044967,44.610572],[26.044782,44.61051]]]},"properties":{"id":"corbeanca-nord-c25","cod":"C25","proiect":"corbeanca-nord","sir":0,"status":"vandut","suprafata":518,"front":16.2,"laturi":4,"pret_total":40404,"pret_mp":78,"tva_inclus":false,"observatii":null,"actualizat":"2026-08-12"}},{"type":"Feature","geometry":{"type":"Polygon","coordinates":[[[26.044967,44.610572],[26.045138,44.610311],[26.045327,44.610374],[26.045155,44.610635],[26.044967,44.610572]]]},"properties":{"id":"corbeanca-nord-c27","cod":"C27","proiect":"corbeanca-nord","sir":0,"status":"vandut","suprafata":528,"front":16.5,"laturi":4,"pret_total":41712,"pret_mp":79,"tva_inclus":false,"observatii":null,"actualizat":"2026-08-12"}},{"type":"Feature","geometry":{"type":"Polygon","coordinates":[[[26.045155,44.610635],[26.045327,44.610374],[26.045511,44.610435],[26.04534,44.610696],[26.045155,44.610635]]]},"properties":{"id":"corbeanca-nord-c29","cod":"C29","proiect":"corbeanca-nord","sir":0,"status":"vandut","suprafata":516,"front":16.1,"laturi":4,"pret_total":39732,"pret_mp":77,"tva_inclus":false,"observatii":null,"actualizat":"2026-08-12"}},{"type":"Feature","geometry":{"type":"Polygon","coordinates":[[[26.045431,44.610726],[26.045603,44.610466],[26.045789,44.610528],[26.045618,44.610788],[26.045431,44.610726]]]},"properties":{"id":"corbeanca-nord-c31","cod":"C31","proiect":"corbeanca-nord","sir":0,"status":"vandut","suprafata":522,"front":16.3,"laturi":4,"pret_total":41238,"pret_mp":79,"tva_inclus":false,"observatii":null,"actualizat":"2026-08-12"}},{"type":"Feature","geometry":{"type":"Polygon","coordinates":[[[26.045618,44.610788],[26.045789,44.610528],[26.045978,44.610591],[26.045807,44.610851],[26.045618,44.610788]]]},"properties":{"id":"corbeanca-nord-c33","cod":"C33","proiect":"corbeanca-nord","sir":0,"status":"vandut","suprafata":528,"front":16.5,"laturi":4,"pret_total":40656,"pret_mp":77,"tva_inclus":false,"observatii":null,"actualizat":"2026-08-12"}},{"type":"Feature","geometry":{"type":"Polygon","coordinates":[[[26.045807,44.610851],[26.045978,44.610591],[26.046171,44.610655],[26.046,44.610916],[26.045807,44.610851]]]},"properties":{"id":"corbeanca-nord-c35","cod":"C35","proiect":"corbeanca-nord","sir":0,"status":"vandut","suprafata":540,"front":16.9,"laturi":4,"pret_total":41040,"pret_mp":76,"tva_inclus":false,"observatii":null,"actualizat":"2026-08-12"}},{"type":"Feature","geometry":{"type":"Polygon","coordinates":[[[26.046,44.610916],[26.046171,44.610655],[26.046369,44.610721],[26.046197,44.610981],[26.046,44.610916]]]},"properties":{"id":"corbeanca-nord-c37","cod":"C37","proiect":"corbeanca-nord","sir":0,"status":"rezervat","suprafata":553,"front":17.3,"laturi":4,"pret_total":43687,"pret_mp":79,"tva_inclus":false,"observatii":null,"actualizat":"2026-08-12"}},{"type":"Feature","geometry":{"type":"Polygon","coordinates":[[[26.046197,44.610981],[26.046369,44.610721],[26.046566,44.610786],[26.046394,44.611047],[26.046197,44.610981]]]},"properties":{"id":"corbeanca-nord-c39","cod":"C39","proiect":"corbeanca-nord","sir":0,"status":"vandut","suprafata":551,"front":17.2,"laturi":4,"pret_total":42978,"pret_mp":78,"tva_inclus":false,"observatii":null,"actualizat":"2026-08-12"}},{"type":"Feature","geometry":{"type":"Polygon","coordinates":[[[26.046394,44.611047],[26.046566,44.610786],[26.04676,44.610851],[26.046589,44.611112],[26.046394,44.611047]]]},"properties":{"id":"corbeanca-nord-c41","cod":"C41","proiect":"corbeanca-nord","sir":0,"status":"disponibil","suprafata":545,"front":17,"laturi":4,"pret_total":43600,"pret_mp":80,"tva_inclus":false,"observatii":null,"actualizat":"2026-08-12"}},{"type":"Feature","geometry":{"type":"Polygon","coordinates":[[[26.046589,44.611112],[26.04676,44.610851],[26.046957,44.610917],[26.046786,44.611177],[26.046589,44.611112]]]},"properties":{"id":"corbeanca-nord-c43","cod":"C43","proiect":"corbeanca-nord","sir":0,"status":"vandut","suprafata":550,"front":17.2,"laturi":4,"pret_total":41800,"pret_mp":76,"tva_inclus":false,"observatii":null,"actualizat":"2026-08-12"}},{"type":"Feature","geometry":{"type":"Polygon","coordinates":[[[26.046786,44.611177],[26.046957,44.610917],[26.047111,44.610968],[26.04694,44.611229],[26.046786,44.611177]]]},"properties":{"id":"corbeanca-nord-c45","cod":"C45","proiect":"corbeanca-nord","sir":0,"status":"vandut","suprafata":432,"front":13.5,"laturi":4,"pret_total":32832,"pret_mp":76,"tva_inclus":false,"observatii":null,"actualizat":"2026-08-12"}},{"type":"Feature","geometry":{"type":"Polygon","coordinates":[[[26.047032,44.611259],[26.047203,44.610998],[26.047402,44.611065],[26.047231,44.611326],[26.047032,44.611259]]]},"properties":{"id":"corbeanca-nord-c47","cod":"C47","proiect":"corbeanca-nord","sir":0,"status":"vandut","suprafata":558,"front":17.4,"laturi":4,"pret_total":42966,"pret_mp":77,"tva_inclus":false,"observatii":null,"actualizat":"2026-08-12"}},{"type":"Feature","geometry":{"type":"Polygon","coordinates":[[[26.047231,44.611326],[26.047402,44.611065],[26.047591,44.611128],[26.047419,44.611388],[26.047231,44.611326]]]},"properties":{"id":"corbeanca-nord-c49","cod":"C49","proiect":"corbeanca-nord","sir":0,"status":"disponibil","suprafata":527,"front":16.5,"laturi":4,"pret_total":40579,"pret_mp":77,"tva_inclus":false,"observatii":null,"actualizat":"2026-08-12"}},{"type":"Feature","geometry":{"type":"Polygon","coordinates":[[[26.047419,44.611388],[26.047591,44.611128],[26.047795,44.611196],[26.047624,44.611456],[26.047419,44.611388]]]},"properties":{"id":"corbeanca-nord-c51","cod":"C51","proiect":"corbeanca-nord","sir":0,"status":"disponibil","suprafata":571,"front":17.8,"laturi":4,"pret_total":43967,"pret_mp":77,"tva_inclus":false,"observatii":null,"actualizat":"2026-08-12"}},{"type":"Feature","geometry":{"type":"Polygon","coordinates":[[[26.047624,44.611456],[26.047795,44.611196],[26.047995,44.611262],[26.047823,44.611523],[26.047624,44.611456]]]},"properties":{"id":"corbeanca-nord-c53","cod":"C53","proiect":"corbeanca-nord","sir":0,"status":"vandut","suprafata":558,"front":17.4,"laturi":4,"pret_total":44082,"pret_mp":79,"tva_inclus":false,"observatii":null,"actualizat":"2026-08-12"}},{"type":"Feature","geometry":{"type":"Polygon","coordinates":[[[26.047823,44.611523],[26.047995,44.611262],[26.048184,44.611325],[26.048013,44.611586],[26.047823,44.611523]]]},"properties":{"id":"corbeanca-nord-c55","cod":"C55","proiect":"corbeanca-nord","sir":0,"status":"disponibil","suprafata":530,"front":16.6,"laturi":4,"pret_total":42400,"pret_mp":80,"tva_inclus":false,"observatii":null,"actualizat":"2026-08-12"}},{"type":"Feature","geometry":{"type":"Polygon","coordinates":[[[26.048013,44.611586],[26.048184,44.611325],[26.048378,44.61139],[26.048207,44.61165],[26.048013,44.611586]]]},"properties":{"id":"corbeanca-nord-c57","cod":"C57","proiect":"corbeanca-nord","sir":0,"status":"disponibil","suprafata":542,"front":16.9,"laturi":4,"pret_total":41192,"pret_mp":76,"tva_inclus":false,"observatii":null,"actualizat":"2026-08-12"}},{"type":"Feature","geometry":{"type":"Polygon","coordinates":[[[26.048207,44.61165],[26.048378,44.61139],[26.048578,44.611456],[26.048406,44.611717],[26.048207,44.61165]]]},"properties":{"id":"corbeanca-nord-c59","cod":"C59","proiect":"corbeanca-nord","sir":0,"status":"disponibil","suprafata":558,"front":17.4,"laturi":4,"pret_total":44082,"pret_mp":79,"tva_inclus":false,"observatii":null,"actualizat":"2026-08-12"}},{"type":"Feature","geometry":{"type":"Polygon","coordinates":[[[26.048406,44.611717],[26.048578,44.611456],[26.048759,44.611517],[26.048643,44.611705],[26.048594,44.611779],[26.048406,44.611717]]]},"properties":{"id":"corbeanca-nord-c61","cod":"C61","proiect":"corbeanca-nord","sir":0,"status":"rezervat","suprafata":519,"front":16.4,"laturi":5,"pret_total":41001,"pret_mp":79,"tva_inclus":false,"observatii":"lot de colț, deschidere pe două laturi, formă neregulată, urmează hotarul terenului","actualizat":"2026-08-12"}},{"type":"Feature","geometry":{"type":"Polygon","coordinates":[[[26.042173,44.610039],[26.042345,44.609778],[26.042535,44.609842],[26.042364,44.610102],[26.042173,44.610039]]]},"properties":{"id":"corbeanca-nord-c2","cod":"C2","proiect":"corbeanca-nord","sir":1,"status":"vandut","suprafata":534,"front":16.7,"laturi":4,"pret_total":43788,"pret_mp":82,"tva_inclus":false,"observatii":"lot de colț, deschidere pe două laturi","actualizat":"2026-08-12"}},{"type":"Feature","geometry":{"type":"Polygon","coordinates":[[[26.042364,44.610102],[26.042535,44.609842],[26.042726,44.609905],[26.042555,44.610166],[26.042364,44.610102]]]},"properties":{"id":"corbeanca-nord-c4","cod":"C4","proiect":"corbeanca-nord","sir":1,"status":"vandut","suprafata":534,"front":16.7,"laturi":4,"pret_total":41118,"pret_mp":77,"tva_inclus":false,"observatii":null,"actualizat":"2026-08-12"}},{"type":"Feature","geometry":{"type":"Polygon","coordinates":[[[26.042555,44.610166],[26.042726,44.609905],[26.042926,44.609972],[26.042755,44.610232],[26.042555,44.610166]]]},"properties":{"id":"corbeanca-nord-c6","cod":"C6","proiect":"corbeanca-nord","sir":1,"status":"vandut","suprafata":559,"front":17.5,"laturi":4,"pret_total":44161,"pret_mp":79,"tva_inclus":false,"observatii":null,"actualizat":"2026-08-12"}},{"type":"Feature","geometry":{"type":"Polygon","coordinates":[[[26.042755,44.610232],[26.042926,44.609972],[26.043122,44.610037],[26.042951,44.610298],[26.042755,44.610232]]]},"properties":{"id":"corbeanca-nord-c8","cod":"C8","proiect":"corbeanca-nord","sir":1,"status":"vandut","suprafata":548,"front":17.1,"laturi":4,"pret_total":43840,"pret_mp":80,"tva_inclus":false,"observatii":null,"actualizat":"2026-08-12"}},{"type":"Feature","geometry":{"type":"Polygon","coordinates":[[[26.042951,44.610298],[26.043122,44.610037],[26.04331,44.6101],[26.043139,44.61036],[26.042951,44.610298]]]},"properties":{"id":"corbeanca-nord-c10","cod":"C10","proiect":"corbeanca-nord","sir":1,"status":"vandut","suprafata":526,"front":16.4,"laturi":4,"pret_total":40502,"pret_mp":77,"tva_inclus":false,"observatii":null,"actualizat":"2026-08-12"}},{"type":"Feature","geometry":{"type":"Polygon","coordinates":[[[26.043139,44.61036],[26.04331,44.6101],[26.043496,44.610161],[26.043324,44.610422],[26.043139,44.61036]]]},"properties":{"id":"corbeanca-nord-c12","cod":"C12","proiect":"corbeanca-nord","sir":1,"status":"vandut","suprafata":518,"front":16.2,"laturi":4,"pret_total":40922,"pret_mp":79,"tva_inclus":false,"observatii":null,"actualizat":"2026-08-12"}},{"type":"Feature","geometry":{"type":"Polygon","coordinates":[[[26.043324,44.610422],[26.043496,44.610161],[26.043695,44.610228],[26.043523,44.610488],[26.043324,44.610422]]]},"properties":{"id":"corbeanca-nord-c14","cod":"C14","proiect":"corbeanca-nord","sir":1,"status":"vandut","suprafata":557,"front":17.4,"laturi":4,"pret_total":43446,"pret_mp":78,"tva_inclus":false,"observatii":null,"actualizat":"2026-08-12"}},{"type":"Feature","geometry":{"type":"Polygon","coordinates":[[[26.043617,44.61052],[26.043788,44.610259],[26.043984,44.610324],[26.043813,44.610585],[26.043617,44.61052]]]},"properties":{"id":"corbeanca-nord-c16","cod":"C16","proiect":"corbeanca-nord","sir":1,"status":"vandut","suprafata":547,"front":17.1,"laturi":4,"pret_total":43213,"pret_mp":79,"tva_inclus":false,"observatii":null,"actualizat":"2026-08-12"}},{"type":"Feature","geometry":{"type":"Polygon","coordinates":[[[26.043813,44.610585],[26.043984,44.610324],[26.044177,44.610388],[26.044006,44.610649],[26.043813,44.610585]]]},"properties":{"id":"corbeanca-nord-c18","cod":"C18","proiect":"corbeanca-nord","sir":1,"status":"vandut","suprafata":541,"front":16.9,"laturi":4,"pret_total":43280,"pret_mp":80,"tva_inclus":false,"observatii":null,"actualizat":"2026-08-12"}},{"type":"Feature","geometry":{"type":"Polygon","coordinates":[[[26.044006,44.610649],[26.044177,44.610388],[26.044367,44.610451],[26.044195,44.610712],[26.044006,44.610649]]]},"properties":{"id":"corbeanca-nord-c20","cod":"C20","proiect":"corbeanca-nord","sir":1,"status":"vandut","suprafata":529,"front":16.5,"laturi":4,"pret_total":40733,"pret_mp":77,"tva_inclus":false,"observatii":null,"actualizat":"2026-08-12"}},{"type":"Feature","geometry":{"type":"Polygon","coordinates":[[[26.044195,44.610712],[26.044367,44.610451],[26.044552,44.610513],[26.044381,44.610774],[26.044195,44.610712]]]},"properties":{"id":"corbeanca-nord-c22","cod":"C22","proiect":"corbeanca-nord","sir":1,"status":"vandut","suprafata":520,"front":16.2,"laturi":4,"pret_total":39520,"pret_mp":76,"tva_inclus":false,"observatii":null,"actualizat":"2026-08-12"}},{"type":"Feature","geometry":{"type":"Polygon","coordinates":[[[26.044381,44.610774],[26.044552,44.610513],[26.044753,44.61058],[26.044582,44.610841],[26.044381,44.610774]]]},"properties":{"id":"corbeanca-nord-c24","cod":"C24","proiect":"corbeanca-nord","sir":1,"status":"vandut","suprafata":562,"front":17.6,"laturi":4,"pret_total":45522,"pret_mp":81,"tva_inclus":false,"observatii":null,"actualizat":"2026-08-12"}},{"type":"Feature","geometry":{"type":"Polygon","coordinates":[[[26.044582,44.610841],[26.044753,44.61058],[26.044942,44.610643],[26.044771,44.610904],[26.044582,44.610841]]]},"properties":{"id":"corbeanca-nord-c26","cod":"C26","proiect":"corbeanca-nord","sir":1,"status":"vandut","suprafata":528,"front":16.5,"laturi":4,"pret_total":40128,"pret_mp":76,"tva_inclus":false,"observatii":null,"actualizat":"2026-08-12"}},{"type":"Feature","geometry":{"type":"Polygon","coordinates":[[[26.044771,44.610904],[26.044942,44.610643],[26.045133,44.610707],[26.044962,44.610967],[26.044771,44.610904]]]},"properties":{"id":"corbeanca-nord-c28","cod":"C28","proiect":"corbeanca-nord","sir":1,"status":"vandut","suprafata":535,"front":16.7,"laturi":4,"pret_total":40660,"pret_mp":76,"tva_inclus":false,"observatii":null,"actualizat":"2026-08-12"}},{"type":"Feature","geometry":{"type":"Polygon","coordinates":[[[26.044962,44.610967],[26.045133,44.610707],[26.045297,44.610761],[26.045126,44.611022],[26.044962,44.610967]]]},"properties":{"id":"corbeanca-nord-c30","cod":"C30","proiect":"corbeanca-nord","sir":1,"status":"rezervat","suprafata":457,"front":14.3,"laturi":4,"pret_total":33361,"pret_mp":73,"tva_inclus":false,"observatii":null,"actualizat":"2026-08-12"}},{"type":"Feature","geometry":{"type":"Polygon","coordinates":[[[26.045217,44.611052],[26.045389,44.610792],[26.04558,44.610855],[26.045409,44.611116],[26.045217,44.611052]]]},"properties":{"id":"corbeanca-nord-c32","cod":"C32","proiect":"corbeanca-nord","sir":1,"status":"vandut","suprafata":535,"front":16.7,"laturi":4,"pret_total":41730,"pret_mp":78,"tva_inclus":false,"observatii":null,"actualizat":"2026-08-12"}},{"type":"Feature","geometry":{"type":"Polygon","coordinates":[[[26.045409,44.611116],[26.04558,44.610855],[26.045778,44.610921],[26.045607,44.611182],[26.045409,44.611116]]]},"properties":{"id":"corbeanca-nord-c34","cod":"C34","proiect":"corbeanca-nord","sir":1,"status":"vandut","suprafata":554,"front":17.3,"laturi":4,"pret_total":44320,"pret_mp":80,"tva_inclus":false,"observatii":null,"actualizat":"2026-08-12"}},{"type":"Feature","geometry":{"type":"Polygon","coordinates":[[[26.045607,44.611182],[26.045778,44.610921],[26.04598,44.610988],[26.045809,44.611249],[26.045607,44.611182]]]},"properties":{"id":"corbeanca-nord-c36","cod":"C36","proiect":"corbeanca-nord","sir":1,"status":"vandut","suprafata":565,"front":17.7,"laturi":4,"pret_total":43505,"pret_mp":77,"tva_inclus":false,"observatii":null,"actualizat":"2026-08-12"}},{"type":"Feature","geometry":{"type":"Polygon","coordinates":[[[26.045809,44.611249],[26.04598,44.610988],[26.046181,44.611055],[26.04601,44.611316],[26.045809,44.611249]]]},"properties":{"id":"corbeanca-nord-c38","cod":"C38","proiect":"corbeanca-nord","sir":1,"status":"disponibil","suprafata":561,"front":17.5,"laturi":4,"pret_total":43197,"pret_mp":77,"tva_inclus":false,"observatii":null,"actualizat":"2026-08-12"}},{"type":"Feature","geometry":{"type":"Polygon","coordinates":[[[26.04601,44.611316],[26.046181,44.611055],[26.046373,44.611119],[26.046202,44.61138],[26.04601,44.611316]]]},"properties":{"id":"corbeanca-nord-c40","cod":"C40","proiect":"corbeanca-nord","sir":1,"status":"rezervat","suprafata":538,"front":16.8,"laturi":4,"pret_total":41964,"pret_mp":78,"tva_inclus":false,"observatii":null,"actualizat":"2026-08-12"}},{"type":"Feature","geometry":{"type":"Polygon","coordinates":[[[26.046202,44.61138],[26.046373,44.611119],[26.046576,44.611187],[26.046405,44.611447],[26.046202,44.61138]]]},"properties":{"id":"corbeanca-nord-c42","cod":"C42","proiect":"corbeanca-nord","sir":1,"status":"vandut","suprafata":567,"front":17.7,"laturi":4,"pret_total":44793,"pret_mp":79,"tva_inclus":false,"observatii":null,"actualizat":"2026-08-12"}},{"type":"Feature","geometry":{"type":"Polygon","coordinates":[[[26.046405,44.611447],[26.046576,44.611187],[26.046767,44.611251],[26.046596,44.611511],[26.046405,44.611447]]]},"properties":{"id":"corbeanca-nord-c44","cod":"C44","proiect":"corbeanca-nord","sir":1,"status":"vandut","suprafata":536,"front":16.7,"laturi":4,"pret_total":40736,"pret_mp":76,"tva_inclus":false,"observatii":null,"actualizat":"2026-08-12"}},{"type":"Feature","geometry":{"type":"Polygon","coordinates":[[[26.046596,44.611511],[26.046767,44.611251],[26.046897,44.611294],[26.046726,44.611554],[26.046596,44.611511]]]},"properties":{"id":"corbeanca-nord-c46","cod":"C46","proiect":"corbeanca-nord","sir":1,"status":"disponibil","suprafata":363,"front":11.4,"laturi":4,"pret_total":25047,"pret_mp":69,"tva_inclus":false,"observatii":null,"actualizat":"2026-08-12"}},{"type":"Feature","geometry":{"type":"Polygon","coordinates":[[[26.046818,44.611585],[26.046989,44.611324],[26.047177,44.611387],[26.047006,44.611648],[26.046818,44.611585]]]},"properties":{"id":"corbeanca-nord-c48","cod":"C48","proiect":"corbeanca-nord","sir":1,"status":"rezervat","suprafata":527,"front":16.5,"laturi":4,"pret_total":41633,"pret_mp":79,"tva_inclus":false,"observatii":null,"actualizat":"2026-08-12"}},{"type":"Feature","geometry":{"type":"Polygon","coordinates":[[[26.047006,44.611648],[26.047177,44.611387],[26.047368,44.611451],[26.047197,44.611711],[26.047006,44.611648]]]},"properties":{"id":"corbeanca-nord-c50","cod":"C50","proiect":"corbeanca-nord","sir":1,"status":"disponibil","suprafata":534,"front":16.7,"laturi":4,"pret_total":40584,"pret_mp":76,"tva_inclus":false,"observatii":null,"actualizat":"2026-08-12"}},{"type":"Feature","geometry":{"type":"Polygon","coordinates":[[[26.047197,44.611711],[26.047368,44.611451],[26.04757,44.611518],[26.047398,44.611778],[26.047197,44.611711]]]},"properties":{"id":"corbeanca-nord-c52","cod":"C52","proiect":"corbeanca-nord","sir":1,"status":"disponibil","suprafata":564,"front":17.6,"laturi":4,"pret_total":45120,"pret_mp":80,"tva_inclus":false,"observatii":null,"actualizat":"2026-08-12"}},{"type":"Feature","geometry":{"type":"Polygon","coordinates":[[[26.047398,44.611778],[26.04757,44.611518],[26.047772,44.611585],[26.047601,44.611846],[26.047398,44.611778]]]},"properties":{"id":"corbeanca-nord-c54","cod":"C54","proiect":"corbeanca-nord","sir":1,"status":"rezervat","suprafata":565,"front":17.7,"laturi":4,"pret_total":44635,"pret_mp":79,"tva_inclus":false,"observatii":null,"actualizat":"2026-08-12"}},{"type":"Feature","geometry":{"type":"Polygon","coordinates":[[[26.047601,44.611846],[26.047772,44.611585],[26.047968,44.61165],[26.047797,44.611911],[26.047601,44.611846]]]},"properties":{"id":"corbeanca-nord-c56","cod":"C56","proiect":"corbeanca-nord","sir":1,"status":"disponibil","suprafata":549,"front":17.2,"laturi":4,"pret_total":42273,"pret_mp":77,"tva_inclus":false,"observatii":null,"actualizat":"2026-08-12"}},{"type":"Feature","geometry":{"type":"Polygon","coordinates":[[[26.047797,44.611911],[26.047968,44.61165],[26.048171,44.611718],[26.048,44.611979],[26.047797,44.611911]]]},"properties":{"id":"corbeanca-nord-c58","cod":"C58","proiect":"corbeanca-nord","sir":1,"status":"vandut","suprafata":567,"front":17.7,"laturi":4,"pret_total":44793,"pret_mp":79,"tva_inclus":false,"observatii":null,"actualizat":"2026-08-12"}},{"type":"Feature","geometry":{"type":"Polygon","coordinates":[[[26.048,44.611979],[26.048171,44.611718],[26.048358,44.61178],[26.048186,44.612041],[26.048,44.611979]]]},"properties":{"id":"corbeanca-nord-c60","cod":"C60","proiect":"corbeanca-nord","sir":1,"status":"disponibil","suprafata":522,"front":16.3,"laturi":4,"pret_total":41238,"pret_mp":79,"tva_inclus":false,"observatii":null,"actualizat":"2026-08-12"}},{"type":"Feature","geometry":{"type":"Polygon","coordinates":[[[26.048186,44.612041],[26.048358,44.61178],[26.048543,44.611842],[26.048372,44.612102],[26.048186,44.612041]]]},"properties":{"id":"corbeanca-nord-c62","cod":"C62","proiect":"corbeanca-nord","sir":1,"status":"disponibil","suprafata":519,"front":16.2,"laturi":4,"pret_total":41520,"pret_mp":80,"tva_inclus":false,"observatii":"lot de colț, deschidere pe două laturi","actualizat":"2026-08-12"}},{"type":"Feature","geometry":{"type":"Polygon","coordinates":[[[26.04185,44.610249],[26.042052,44.609998],[26.042166,44.610036],[26.041995,44.610297],[26.04185,44.610249]]]},"properties":{"id":"corbeanca-nord-d1","cod":"D1","proiect":"corbeanca-nord","sir":0,"status":"vandut","suprafata":361,"front":12.6,"laturi":4,"pret_total":26714,"pret_mp":74,"tva_inclus":false,"observatii":"lot de colț, deschidere pe două laturi","actualizat":"2026-08-12"}},{"type":"Feature","geometry":{"type":"Polygon","coordinates":[[[26.041995,44.610297],[26.042166,44.610036],[26.042365,44.610103],[26.042194,44.610363],[26.041995,44.610297]]]},"properties":{"id":"corbeanca-nord-d3","cod":"D3","proiect":"corbeanca-nord","sir":0,"status":"vandut","suprafata":557,"front":17.4,"laturi":4,"pret_total":42889,"pret_mp":77,"tva_inclus":false,"observatii":null,"actualizat":"2026-08-12"}},{"type":"Feature","geometry":{"type":"Polygon","coordinates":[[[26.042194,44.610363],[26.042365,44.610103],[26.042557,44.610167],[26.042386,44.610427],[26.042194,44.610363]]]},"properties":{"id":"corbeanca-nord-d5","cod":"D5","proiect":"corbeanca-nord","sir":0,"status":"vandut","suprafata":537,"front":16.8,"laturi":4,"pret_total":41349,"pret_mp":77,"tva_inclus":false,"observatii":null,"actualizat":"2026-08-12"}},{"type":"Feature","geometry":{"type":"Polygon","coordinates":[[[26.042386,44.610427],[26.042557,44.610167],[26.042756,44.610233],[26.042585,44.610493],[26.042386,44.610427]]]},"properties":{"id":"corbeanca-nord-d7","cod":"D7","proiect":"corbeanca-nord","sir":0,"status":"vandut","suprafata":556,"front":17.4,"laturi":4,"pret_total":42256,"pret_mp":76,"tva_inclus":false,"observatii":null,"actualizat":"2026-08-12"}},{"type":"Feature","geometry":{"type":"Polygon","coordinates":[[[26.042585,44.610493],[26.042756,44.610233],[26.042949,44.610297],[26.042778,44.610558],[26.042585,44.610493]]]},"properties":{"id":"corbeanca-nord-d9","cod":"D9","proiect":"corbeanca-nord","sir":0,"status":"vandut","suprafata":541,"front":16.9,"laturi":4,"pret_total":40575,"pret_mp":75,"tva_inclus":false,"observatii":null,"actualizat":"2026-08-12"}},{"type":"Feature","geometry":{"type":"Polygon","coordinates":[[[26.042778,44.610558],[26.042949,44.610297],[26.043151,44.610364],[26.04298,44.610625],[26.042778,44.610558]]]},"properties":{"id":"corbeanca-nord-d11","cod":"D11","proiect":"corbeanca-nord","sir":0,"status":"rezervat","suprafata":565,"front":17.7,"laturi":4,"pret_total":45200,"pret_mp":80,"tva_inclus":false,"observatii":null,"actualizat":"2026-08-12"}},{"type":"Feature","geometry":{"type":"Polygon","coordinates":[[[26.04298,44.610625],[26.043151,44.610364],[26.043337,44.610426],[26.043166,44.610687],[26.04298,44.610625]]]},"properties":{"id":"corbeanca-nord-d13","cod":"D13","proiect":"corbeanca-nord","sir":0,"status":"vandut","suprafata":520,"front":16.3,"laturi":4,"pret_total":40560,"pret_mp":78,"tva_inclus":false,"observatii":null,"actualizat":"2026-08-12"}},{"type":"Feature","geometry":{"type":"Polygon","coordinates":[[[26.043166,44.610687],[26.043337,44.610426],[26.043526,44.610489],[26.043354,44.61075],[26.043166,44.610687]]]},"properties":{"id":"corbeanca-nord-d15","cod":"D15","proiect":"corbeanca-nord","sir":0,"status":"vandut","suprafata":526,"front":16.4,"laturi":4,"pret_total":38924,"pret_mp":74,"tva_inclus":false,"observatii":null,"actualizat":"2026-08-12"}},{"type":"Feature","geometry":{"type":"Polygon","coordinates":[[[26.043446,44.61078],[26.043617,44.61052],[26.043802,44.610581],[26.043631,44.610842],[26.043446,44.61078]]]},"properties":{"id":"corbeanca-nord-d17","cod":"D17","proiect":"corbeanca-nord","sir":0,"status":"disponibil","suprafata":518,"front":16.2,"laturi":4,"pret_total":39886,"pret_mp":77,"tva_inclus":false,"observatii":null,"actualizat":"2026-08-12"}},{"type":"Feature","geometry":{"type":"Polygon","coordinates":[[[26.043631,44.610842],[26.043802,44.610581],[26.044001,44.610647],[26.04383,44.610908],[26.043631,44.610842]]]},"properties":{"id":"corbeanca-nord-d19","cod":"D19","proiect":"corbeanca-nord","sir":0,"status":"rezervat","suprafata":556,"front":17.4,"laturi":4,"pret_total":41700,"pret_mp":75,"tva_inclus":false,"observatii":null,"actualizat":"2026-08-12"}},{"type":"Feature","geometry":{"type":"Polygon","coordinates":[[[26.04383,44.610908],[26.044001,44.610647],[26.044197,44.610712],[26.044025,44.610973],[26.04383,44.610908]]]},"properties":{"id":"corbeanca-nord-d21","cod":"D21","proiect":"corbeanca-nord","sir":0,"status":"vandut","suprafata":547,"front":17.1,"laturi":4,"pret_total":41025,"pret_mp":75,"tva_inclus":false,"observatii":null,"actualizat":"2026-08-12"}},{"type":"Feature","geometry":{"type":"Polygon","coordinates":[[[26.044025,44.610973],[26.044197,44.610712],[26.044391,44.610777],[26.044219,44.611038],[26.044025,44.610973]]]},"properties":{"id":"corbeanca-nord-d23","cod":"D23","proiect":"corbeanca-nord","sir":0,"status":"vandut","suprafata":542,"front":16.9,"laturi":4,"pret_total":40650,"pret_mp":75,"tva_inclus":false,"observatii":null,"actualizat":"2026-08-12"}},{"type":"Feature","geometry":{"type":"Polygon","coordinates":[[[26.044219,44.611038],[26.044391,44.610777],[26.044592,44.610844],[26.04442,44.611105],[26.044219,44.611038]]]},"properties":{"id":"corbeanca-nord-d25","cod":"D25","proiect":"corbeanca-nord","sir":0,"status":"disponibil","suprafata":562,"front":17.6,"laturi":4,"pret_total":44398,"pret_mp":79,"tva_inclus":false,"observatii":null,"actualizat":"2026-08-12"}},{"type":"Feature","geometry":{"type":"Polygon","coordinates":[[[26.04442,44.611105],[26.044592,44.610844],[26.044778,44.610906],[26.044607,44.611167],[26.04442,44.611105]]]},"properties":{"id":"corbeanca-nord-d27","cod":"D27","proiect":"corbeanca-nord","sir":0,"status":"disponibil","suprafata":522,"front":16.3,"laturi":4,"pret_total":38106,"pret_mp":73,"tva_inclus":false,"observatii":null,"actualizat":"2026-08-12"}},{"type":"Feature","geometry":{"type":"Polygon","coordinates":[[[26.044607,44.611167],[26.044778,44.610906],[26.044982,44.610974],[26.044811,44.611235],[26.044607,44.611167]]]},"properties":{"id":"corbeanca-nord-d29","cod":"D29","proiect":"corbeanca-nord","sir":0,"status":"disponibil","suprafata":569,"front":17.8,"laturi":4,"pret_total":42675,"pret_mp":75,"tva_inclus":false,"observatii":null,"actualizat":"2026-08-12"}},{"type":"Feature","geometry":{"type":"Polygon","coordinates":[[[26.044811,44.611235],[26.044982,44.610974],[26.045126,44.611022],[26.044955,44.611282],[26.044811,44.611235]]]},"properties":{"id":"corbeanca-nord-d31","cod":"D31","proiect":"corbeanca-nord","sir":0,"status":"rezervat","suprafata":402,"front":12.6,"laturi":4,"pret_total":28542,"pret_mp":71,"tva_inclus":false,"observatii":null,"actualizat":"2026-08-12"}},{"type":"Feature","geometry":{"type":"Polygon","coordinates":[[[26.045046,44.611313],[26.045217,44.611052],[26.04542,44.61112],[26.045248,44.61138],[26.045046,44.611313]]]},"properties":{"id":"corbeanca-nord-d33","cod":"D33","proiect":"corbeanca-nord","sir":0,"status":"rezervat","suprafata":565,"front":17.7,"laturi":4,"pret_total":42940,"pret_mp":76,"tva_inclus":false,"observatii":null,"actualizat":"2026-08-12"}},{"type":"Feature","geometry":{"type":"Polygon","coordinates":[[[26.045248,44.61138],[26.04542,44.61112],[26.045609,44.611183],[26.045438,44.611443],[26.045248,44.61138]]]},"properties":{"id":"corbeanca-nord-d35","cod":"D35","proiect":"corbeanca-nord","sir":0,"status":"disponibil","suprafata":531,"front":16.6,"laturi":4,"pret_total":39825,"pret_mp":75,"tva_inclus":false,"observatii":null,"actualizat":"2026-08-12"}},{"type":"Feature","geometry":{"type":"Polygon","coordinates":[[[26.045438,44.611443],[26.045609,44.611183],[26.045795,44.611244],[26.045624,44.611505],[26.045438,44.611443]]]},"properties":{"id":"corbeanca-nord-d37","cod":"D37","proiect":"corbeanca-nord","sir":0,"status":"rezervat","suprafata":519,"front":16.2,"laturi":4,"pret_total":39444,"pret_mp":76,"tva_inclus":false,"observatii":null,"actualizat":"2026-08-12"}},{"type":"Feature","geometry":{"type":"Polygon","coordinates":[[[26.045624,44.611505],[26.045795,44.611244],[26.045985,44.611308],[26.045814,44.611568],[26.045624,44.611505]]]},"properties":{"id":"corbeanca-nord-d39","cod":"D39","proiect":"corbeanca-nord","sir":0,"status":"disponibil","suprafata":531,"front":16.6,"laturi":4,"pret_total":39825,"pret_mp":75,"tva_inclus":false,"observatii":null,"actualizat":"2026-08-12"}},{"type":"Feature","geometry":{"type":"Polygon","coordinates":[[[26.045814,44.611568],[26.045985,44.611308],[26.046189,44.611376],[26.046017,44.611636],[26.045814,44.611568]]]},"properties":{"id":"corbeanca-nord-d41","cod":"D41","proiect":"corbeanca-nord","sir":0,"status":"disponibil","suprafata":570,"front":17.8,"laturi":4,"pret_total":42750,"pret_mp":75,"tva_inclus":false,"observatii":null,"actualizat":"2026-08-12"}},{"type":"Feature","geometry":{"type":"Polygon","coordinates":[[[26.046017,44.611636],[26.046189,44.611376],[26.046389,44.611442],[26.046218,44.611703],[26.046017,44.611636]]]},"properties":{"id":"corbeanca-nord-d43","cod":"D43","proiect":"corbeanca-nord","sir":0,"status":"disponibil","suprafata":561,"front":17.5,"laturi":4,"pret_total":42075,"pret_mp":75,"tva_inclus":false,"observatii":null,"actualizat":"2026-08-12"}},{"type":"Feature","geometry":{"type":"Polygon","coordinates":[[[26.046218,44.611703],[26.046389,44.611442],[26.046582,44.611507],[26.046411,44.611767],[26.046218,44.611703]]]},"properties":{"id":"corbeanca-nord-d45","cod":"D45","proiect":"corbeanca-nord","sir":0,"status":"disponibil","suprafata":540,"front":16.9,"laturi":4,"pret_total":41040,"pret_mp":76,"tva_inclus":false,"observatii":null,"actualizat":"2026-08-12"}},{"type":"Feature","geometry":{"type":"Polygon","coordinates":[[[26.046411,44.611767],[26.046582,44.611507],[26.046726,44.611554],[26.046555,44.611815],[26.046411,44.611767]]]},"properties":{"id":"corbeanca-nord-d47","cod":"D47","proiect":"corbeanca-nord","sir":0,"status":"disponibil","suprafata":402,"front":12.6,"laturi":4,"pret_total":29748,"pret_mp":74,"tva_inclus":false,"observatii":null,"actualizat":"2026-08-12"}},{"type":"Feature","geometry":{"type":"Polygon","coordinates":[[[26.046646,44.611846],[26.046818,44.611585],[26.04702,44.611652],[26.046849,44.611913],[26.046646,44.611846]]]},"properties":{"id":"corbeanca-nord-d49","cod":"D49","proiect":"corbeanca-nord","sir":0,"status":"disponibil","suprafata":567,"front":17.7,"laturi":4,"pret_total":44793,"pret_mp":79,"tva_inclus":false,"observatii":null,"actualizat":"2026-08-12"}},{"type":"Feature","geometry":{"type":"Polygon","coordinates":[[[26.046849,44.611913],[26.04702,44.611652],[26.047218,44.611718],[26.047046,44.611979],[26.046849,44.611913]]]},"properties":{"id":"corbeanca-nord-d51","cod":"D51","proiect":"corbeanca-nord","sir":0,"status":"disponibil","suprafata":551,"front":17.2,"laturi":4,"pret_total":42978,"pret_mp":78,"tva_inclus":false,"observatii":null,"actualizat":"2026-08-12"}},{"type":"Feature","geometry":{"type":"Polygon","coordinates":[[[26.047046,44.611979],[26.047218,44.611718],[26.047417,44.611785],[26.047246,44.612045],[26.047046,44.611979]]]},"properties":{"id":"corbeanca-nord-d53","cod":"D53","proiect":"corbeanca-nord","sir":0,"status":"disponibil","suprafata":558,"front":17.4,"laturi":4,"pret_total":42408,"pret_mp":76,"tva_inclus":false,"observatii":null,"actualizat":"2026-08-12"}},{"type":"Feature","geometry":{"type":"Polygon","coordinates":[[[26.047246,44.612045],[26.047417,44.611785],[26.047608,44.611848],[26.047437,44.612109],[26.047246,44.612045]]]},"properties":{"id":"corbeanca-nord-d55","cod":"D55","proiect":"corbeanca-nord","sir":0,"status":"disponibil","suprafata":534,"front":16.7,"laturi":4,"pret_total":39516,"pret_mp":74,"tva_inclus":false,"observatii":null,"actualizat":"2026-08-12"}},{"type":"Feature","geometry":{"type":"Polygon","coordinates":[[[26.047437,44.612109],[26.047608,44.611848],[26.047807,44.611914],[26.047636,44.612175],[26.047437,44.612109]]]},"properties":{"id":"corbeanca-nord-d57","cod":"D57","proiect":"corbeanca-nord","sir":0,"status":"disponibil","suprafata":557,"front":17.4,"laturi":4,"pret_total":41775,"pret_mp":75,"tva_inclus":false,"observatii":null,"actualizat":"2026-08-12"}},{"type":"Feature","geometry":{"type":"Polygon","coordinates":[[[26.047636,44.612175],[26.047807,44.611914],[26.048,44.611979],[26.047829,44.612239],[26.047636,44.612175]]]},"properties":{"id":"corbeanca-nord-d59","cod":"D59","proiect":"corbeanca-nord","sir":0,"status":"disponibil","suprafata":540,"front":16.9,"laturi":4,"pret_total":40500,"pret_mp":75,"tva_inclus":false,"observatii":null,"actualizat":"2026-08-12"}},{"type":"Feature","geometry":{"type":"Polygon","coordinates":[[[26.047829,44.612239],[26.048,44.611979],[26.048198,44.612045],[26.048027,44.612305],[26.047829,44.612239]]]},"properties":{"id":"corbeanca-nord-d61","cod":"D61","proiect":"corbeanca-nord","sir":0,"status":"disponibil","suprafata":553,"front":17.3,"laturi":4,"pret_total":42028,"pret_mp":76,"tva_inclus":false,"observatii":null,"actualizat":"2026-08-12"}},{"type":"Feature","geometry":{"type":"Polygon","coordinates":[[[26.048027,44.612305],[26.048198,44.612045],[26.048392,44.612109],[26.048347,44.612181],[26.048223,44.61237],[26.048027,44.612305]]]},"properties":{"id":"corbeanca-nord-d63","cod":"D63","proiect":"corbeanca-nord","sir":0,"status":"disponibil","suprafata":548,"front":17.1,"laturi":5,"pret_total":43292,"pret_mp":79,"tva_inclus":false,"observatii":"lot de colț, deschidere pe două laturi, formă neregulată, urmează hotarul terenului","actualizat":"2026-08-12"}},{"type":"Feature","geometry":{"type":"Polygon","coordinates":[[[26.041633,44.610574],[26.041671,44.610471],[26.0418,44.610312],[26.041957,44.610364],[26.041785,44.610625],[26.041633,44.610574]]]},"properties":{"id":"corbeanca-nord-d2","cod":"D2","proiect":"corbeanca-nord","sir":1,"status":"vandut","suprafata":464,"front":13.8,"laturi":5,"pret_total":35264,"pret_mp":76,"tva_inclus":false,"observatii":"lot de colț, deschidere pe două laturi, formă neregulată, urmează hotarul terenului","actualizat":"2026-08-12"}},{"type":"Feature","geometry":{"type":"Polygon","coordinates":[[[26.041785,44.610625],[26.041957,44.610364],[26.042158,44.610431],[26.041986,44.610691],[26.041785,44.610625]]]},"properties":{"id":"corbeanca-nord-d4","cod":"D4","proiect":"corbeanca-nord","sir":1,"status":"vandut","suprafata":562,"front":17.6,"laturi":4,"pret_total":43274,"pret_mp":77,"tva_inclus":false,"observatii":null,"actualizat":"2026-08-12"}},{"type":"Feature","geometry":{"type":"Polygon","coordinates":[[[26.041986,44.610691],[26.042158,44.610431],[26.042349,44.610494],[26.042178,44.610755],[26.041986,44.610691]]]},"properties":{"id":"corbeanca-nord-d6","cod":"D6","proiect":"corbeanca-nord","sir":1,"status":"vandut","suprafata":535,"front":16.7,"laturi":4,"pret_total":41195,"pret_mp":77,"tva_inclus":false,"observatii":null,"actualizat":"2026-08-12"}},{"type":"Feature","geometry":{"type":"Polygon","coordinates":[[[26.042178,44.610755],[26.042349,44.610494],[26.042542,44.610559],[26.042371,44.610819],[26.042178,44.610755]]]},"properties":{"id":"corbeanca-nord-d8","cod":"D8","proiect":"corbeanca-nord","sir":1,"status":"disponibil","suprafata":539,"front":16.9,"laturi":4,"pret_total":41503,"pret_mp":77,"tva_inclus":false,"observatii":null,"actualizat":"2026-08-12"}},{"type":"Feature","geometry":{"type":"Polygon","coordinates":[[[26.042371,44.610819],[26.042542,44.610559],[26.042737,44.610624],[26.042565,44.610884],[26.042371,44.610819]]]},"properties":{"id":"corbeanca-nord-d10","cod":"D10","proiect":"corbeanca-nord","sir":1,"status":"vandut","suprafata":545,"front":17,"laturi":4,"pret_total":43055,"pret_mp":79,"tva_inclus":false,"observatii":null,"actualizat":"2026-08-12"}},{"type":"Feature","geometry":{"type":"Polygon","coordinates":[[[26.042565,44.610884],[26.042737,44.610624],[26.042935,44.61069],[26.042764,44.61095],[26.042565,44.610884]]]},"properties":{"id":"corbeanca-nord-d12","cod":"D12","proiect":"corbeanca-nord","sir":1,"status":"vandut","suprafata":556,"front":17.4,"laturi":4,"pret_total":43924,"pret_mp":79,"tva_inclus":false,"observatii":null,"actualizat":"2026-08-12"}},{"type":"Feature","geometry":{"type":"Polygon","coordinates":[[[26.042764,44.61095],[26.042935,44.61069],[26.043131,44.610755],[26.042959,44.611015],[26.042764,44.61095]]]},"properties":{"id":"corbeanca-nord-d14","cod":"D14","proiect":"corbeanca-nord","sir":1,"status":"rezervat","suprafata":546,"front":17.1,"laturi":4,"pret_total":41496,"pret_mp":76,"tva_inclus":false,"observatii":null,"actualizat":"2026-08-12"}},{"type":"Feature","geometry":{"type":"Polygon","coordinates":[[[26.042959,44.611015],[26.043131,44.610755],[26.043311,44.610815],[26.04314,44.611076],[26.042959,44.611015]]]},"properties":{"id":"corbeanca-nord-d16","cod":"D16","proiect":"corbeanca-nord","sir":1,"status":"disponibil","suprafata":506,"front":15.8,"laturi":4,"pret_total":37950,"pret_mp":75,"tva_inclus":false,"observatii":null,"actualizat":"2026-08-12"}},{"type":"Feature","geometry":{"type":"Polygon","coordinates":[[[26.043232,44.611106],[26.043403,44.610845],[26.0436,44.610911],[26.043428,44.611172],[26.043232,44.611106]]]},"properties":{"id":"corbeanca-nord-d18","cod":"D18","proiect":"corbeanca-nord","sir":1,"status":"rezervat","suprafata":550,"front":17.2,"laturi":4,"pret_total":42900,"pret_mp":78,"tva_inclus":false,"observatii":null,"actualizat":"2026-08-12"}},{"type":"Feature","geometry":{"type":"Polygon","coordinates":[[[26.043428,44.611172],[26.0436,44.610911],[26.043802,44.610978],[26.04363,44.611239],[26.043428,44.611172]]]},"properties":{"id":"corbeanca-nord-d20","cod":"D20","proiect":"corbeanca-nord","sir":1,"status":"vandut","suprafata":565,"front":17.6,"laturi":4,"pret_total":42375,"pret_mp":75,"tva_inclus":false,"observatii":null,"actualizat":"2026-08-12"}},{"type":"Feature","geometry":{"type":"Polygon","coordinates":[[[26.04363,44.611239],[26.043802,44.610978],[26.043993,44.611042],[26.043822,44.611302],[26.04363,44.611239]]]},"properties":{"id":"corbeanca-nord-d22","cod":"D22","proiect":"corbeanca-nord","sir":1,"status":"rezervat","suprafata":535,"front":16.7,"laturi":4,"pret_total":39590,"pret_mp":74,"tva_inclus":false,"observatii":null,"actualizat":"2026-08-12"}},{"type":"Feature","geometry":{"type":"Polygon","coordinates":[[[26.043822,44.611302],[26.043993,44.611042],[26.044194,44.611109],[26.044023,44.611369],[26.043822,44.611302]]]},"properties":{"id":"corbeanca-nord-d24","cod":"D24","proiect":"corbeanca-nord","sir":1,"status":"rezervat","suprafata":562,"front":17.6,"laturi":4,"pret_total":42150,"pret_mp":75,"tva_inclus":false,"observatii":null,"actualizat":"2026-08-12"}},{"type":"Feature","geometry":{"type":"Polygon","coordinates":[[[26.044023,44.611369],[26.044194,44.611109],[26.044393,44.611175],[26.044222,44.611436],[26.044023,44.611369]]]},"properties":{"id":"corbeanca-nord-d26","cod":"D26","proiect":"corbeanca-nord","sir":1,"status":"disponibil","suprafata":557,"front":17.4,"laturi":4,"pret_total":41775,"pret_mp":75,"tva_inclus":false,"observatii":null,"actualizat":"2026-08-12"}},{"type":"Feature","geometry":{"type":"Polygon","coordinates":[[[26.044222,44.611436],[26.044393,44.611175],[26.044596,44.611242],[26.044424,44.611503],[26.044222,44.611436]]]},"properties":{"id":"corbeanca-nord-d28","cod":"D28","proiect":"corbeanca-nord","sir":1,"status":"disponibil","suprafata":566,"front":17.7,"laturi":4,"pret_total":44148,"pret_mp":78,"tva_inclus":false,"observatii":null,"actualizat":"2026-08-12"}},{"type":"Feature","geometry":{"type":"Polygon","coordinates":[[[26.044424,44.611503],[26.044596,44.611242],[26.044785,44.611305],[26.044613,44.611566],[26.044424,44.611503]]]},"properties":{"id":"corbeanca-nord-d30","cod":"D30","proiect":"corbeanca-nord","sir":1,"status":"vandut","suprafata":528,"front":16.5,"laturi":4,"pret_total":40656,"pret_mp":77,"tva_inclus":false,"observatii":null,"actualizat":"2026-08-12"}},{"type":"Feature","geometry":{"type":"Polygon","coordinates":[[[26.044613,44.611566],[26.044785,44.611305],[26.044912,44.611348],[26.044741,44.611608],[26.044613,44.611566]]]},"properties":{"id":"corbeanca-nord-d32","cod":"D32","proiect":"corbeanca-nord","sir":1,"status":"disponibil","suprafata":356,"front":11.1,"laturi":4,"pret_total":24208,"pret_mp":68,"tva_inclus":false,"observatii":null,"actualizat":"2026-08-12"}},{"type":"Feature","geometry":{"type":"Polygon","coordinates":[[[26.044832,44.611639],[26.045003,44.611378],[26.045192,44.611441],[26.045021,44.611702],[26.044832,44.611639]]]},"properties":{"id":"corbeanca-nord-d34","cod":"D34","proiect":"corbeanca-nord","sir":1,"status":"disponibil","suprafata":527,"front":16.5,"laturi":4,"pret_total":40052,"pret_mp":76,"tva_inclus":false,"observatii":null,"actualizat":"2026-08-12"}},{"type":"Feature","geometry":{"type":"Polygon","coordinates":[[[26.045021,44.611702],[26.045192,44.611441],[26.045385,44.611505],[26.045214,44.611766],[26.045021,44.611702]]]},"properties":{"id":"corbeanca-nord-d36","cod":"D36","proiect":"corbeanca-nord","sir":1,"status":"disponibil","suprafata":540,"front":16.9,"laturi":4,"pret_total":41580,"pret_mp":77,"tva_inclus":false,"observatii":null,"actualizat":"2026-08-12"}},{"type":"Feature","geometry":{"type":"Polygon","coordinates":[[[26.045214,44.611766],[26.045385,44.611505],[26.045572,44.611567],[26.045401,44.611828],[26.045214,44.611766]]]},"properties":{"id":"corbeanca-nord-d38","cod":"D38","proiect":"corbeanca-nord","sir":1,"status":"disponibil","suprafata":523,"front":16.3,"laturi":4,"pret_total":40271,"pret_mp":77,"tva_inclus":false,"observatii":null,"actualizat":"2026-08-12"}},{"type":"Feature","geometry":{"type":"Polygon","coordinates":[[[26.045401,44.611828],[26.045572,44.611567],[26.045759,44.61163],[26.045587,44.61189],[26.045401,44.611828]]]},"properties":{"id":"corbeanca-nord-d40","cod":"D40","proiect":"corbeanca-nord","sir":1,"status":"vandut","suprafata":522,"front":16.3,"laturi":4,"pret_total":39672,"pret_mp":76,"tva_inclus":false,"observatii":null,"actualizat":"2026-08-12"}},{"type":"Feature","geometry":{"type":"Polygon","coordinates":[[[26.045587,44.61189],[26.045759,44.61163],[26.045961,44.611697],[26.04579,44.611958],[26.045587,44.61189]]]},"properties":{"id":"corbeanca-nord-d42","cod":"D42","proiect":"corbeanca-nord","sir":1,"status":"disponibil","suprafata":568,"front":17.7,"laturi":4,"pret_total":43168,"pret_mp":76,"tva_inclus":false,"observatii":null,"actualizat":"2026-08-12"}},{"type":"Feature","geometry":{"type":"Polygon","coordinates":[[[26.04579,44.611958],[26.045961,44.611697],[26.046161,44.611764],[26.04599,44.612024],[26.04579,44.611958]]]},"properties":{"id":"corbeanca-nord-d44","cod":"D44","proiect":"corbeanca-nord","sir":1,"status":"rezervat","suprafata":559,"front":17.5,"laturi":4,"pret_total":42484,"pret_mp":76,"tva_inclus":false,"observatii":null,"actualizat":"2026-08-12"}},{"type":"Feature","geometry":{"type":"Polygon","coordinates":[[[26.04599,44.612024],[26.046161,44.611764],[26.046356,44.611828],[26.046184,44.612089],[26.04599,44.612024]]]},"properties":{"id":"corbeanca-nord-d46","cod":"D46","proiect":"corbeanca-nord","sir":1,"status":"disponibil","suprafata":543,"front":17,"laturi":4,"pret_total":40725,"pret_mp":75,"tva_inclus":false,"observatii":null,"actualizat":"2026-08-12"}},{"type":"Feature","geometry":{"type":"Polygon","coordinates":[[[26.046184,44.612089],[26.046356,44.611828],[26.046512,44.61188],[26.046341,44.612141],[26.046184,44.612089]]]},"properties":{"id":"corbeanca-nord-d48","cod":"D48","proiect":"corbeanca-nord","sir":1,"status":"disponibil","suprafata":437,"front":13.7,"laturi":4,"pret_total":32775,"pret_mp":75,"tva_inclus":false,"observatii":null,"actualizat":"2026-08-12"}},{"type":"Feature","geometry":{"type":"Polygon","coordinates":[[[26.046432,44.612172],[26.046604,44.611911],[26.046791,44.611973],[26.04662,44.612234],[26.046432,44.612172]]]},"properties":{"id":"corbeanca-nord-d50","cod":"D50","proiect":"corbeanca-nord","sir":1,"status":"disponibil","suprafata":525,"front":16.4,"laturi":4,"pret_total":39900,"pret_mp":76,"tva_inclus":false,"observatii":null,"actualizat":"2026-08-12"}},{"type":"Feature","geometry":{"type":"Polygon","coordinates":[[[26.04662,44.612234],[26.046791,44.611973],[26.046993,44.61204],[26.046822,44.612301],[26.04662,44.612234]]]},"properties":{"id":"corbeanca-nord-d52","cod":"D52","proiect":"corbeanca-nord","sir":1,"status":"disponibil","suprafata":564,"front":17.6,"laturi":4,"pret_total":42864,"pret_mp":76,"tva_inclus":false,"observatii":null,"actualizat":"2026-08-12"}},{"type":"Feature","geometry":{"type":"Polygon","coordinates":[[[26.046822,44.612301],[26.046993,44.61204],[26.047193,44.612107],[26.047022,44.612368],[26.046822,44.612301]]]},"properties":{"id":"corbeanca-nord-d54","cod":"D54","proiect":"corbeanca-nord","sir":1,"status":"disponibil","suprafata":560,"front":17.5,"laturi":4,"pret_total":44240,"pret_mp":79,"tva_inclus":false,"observatii":null,"actualizat":"2026-08-12"}},{"type":"Feature","geometry":{"type":"Polygon","coordinates":[[[26.047022,44.612368],[26.047193,44.612107],[26.047383,44.61217],[26.047212,44.612431],[26.047022,44.612368]]]},"properties":{"id":"corbeanca-nord-d56","cod":"D56","proiect":"corbeanca-nord","sir":1,"status":"disponibil","suprafata":531,"front":16.6,"laturi":4,"pret_total":40887,"pret_mp":77,"tva_inclus":false,"observatii":null,"actualizat":"2026-08-12"}},{"type":"Feature","geometry":{"type":"Polygon","coordinates":[[[26.047212,44.612431],[26.047383,44.61217],[26.04758,44.612236],[26.047409,44.612497],[26.047212,44.612431]]]},"properties":{"id":"corbeanca-nord-d58","cod":"D58","proiect":"corbeanca-nord","sir":1,"status":"disponibil","suprafata":552,"front":17.3,"laturi":4,"pret_total":43056,"pret_mp":78,"tva_inclus":false,"observatii":null,"actualizat":"2026-08-12"}},{"type":"Feature","geometry":{"type":"Polygon","coordinates":[[[26.047409,44.612497],[26.04758,44.612236],[26.047772,44.6123],[26.047601,44.61256],[26.047409,44.612497]]]},"properties":{"id":"corbeanca-nord-d60","cod":"D60","proiect":"corbeanca-nord","sir":1,"status":"disponibil","suprafata":536,"front":16.7,"laturi":4,"pret_total":41272,"pret_mp":77,"tva_inclus":false,"observatii":null,"actualizat":"2026-08-12"}},{"type":"Feature","geometry":{"type":"Polygon","coordinates":[[[26.047601,44.61256],[26.047772,44.6123],[26.047968,44.612365],[26.047797,44.612626],[26.047601,44.61256]]]},"properties":{"id":"corbeanca-nord-d62","cod":"D62","proiect":"corbeanca-nord","sir":1,"status":"disponibil","suprafata":547,"front":17.1,"laturi":4,"pret_total":42666,"pret_mp":78,"tva_inclus":false,"observatii":null,"actualizat":"2026-08-12"}},{"type":"Feature","geometry":{"type":"Polygon","coordinates":[[[26.047797,44.612626],[26.047968,44.612365],[26.048154,44.612427],[26.047983,44.612688],[26.047797,44.612626]]]},"properties":{"id":"corbeanca-nord-d64","cod":"D64","proiect":"corbeanca-nord","sir":1,"status":"disponibil","suprafata":521,"front":16.3,"laturi":4,"pret_total":41680,"pret_mp":80,"tva_inclus":false,"observatii":"lot de colț, deschidere pe două laturi","actualizat":"2026-08-12"}},{"type":"Feature","geometry":{"type":"Polygon","coordinates":[[[26.041415,44.610819],[26.04152,44.610659],[26.041529,44.610647],[26.041543,44.610645],[26.041555,44.610642],[26.041567,44.610638],[26.041577,44.610632],[26.041586,44.610625],[26.04162,44.610593],[26.041627,44.610585],[26.041632,44.610575],[26.041633,44.610574],[26.041788,44.610625],[26.041617,44.610886],[26.041415,44.610819]]]},"properties":{"id":"corbeanca-nord-e1","cod":"E1","proiect":"corbeanca-nord","sir":0,"status":"disponibil","suprafata":531,"front":17.7,"laturi":14,"pret_total":41418,"pret_mp":78,"tva_inclus":false,"observatii":"lot de colț, deschidere pe două laturi, formă neregulată, urmează hotarul terenului","actualizat":"2026-08-12"}},{"type":"Feature","geometry":{"type":"Polygon","coordinates":[[[26.041617,44.610886],[26.041788,44.610625],[26.04199,44.610693],[26.041819,44.610953],[26.041617,44.610886]]]},"properties":{"id":"corbeanca-nord-e3","cod":"E3","proiect":"corbeanca-nord","sir":0,"status":"disponibil","suprafata":566,"front":17.7,"laturi":4,"pret_total":43582,"pret_mp":77,"tva_inclus":false,"observatii":null,"actualizat":"2026-08-12"}},{"type":"Feature","geometry":{"type":"Polygon","coordinates":[[[26.041819,44.610953],[26.04199,44.610693],[26.042182,44.610757],[26.042011,44.611017],[26.041819,44.610953]]]},"properties":{"id":"corbeanca-nord-e5","cod":"E5","proiect":"corbeanca-nord","sir":0,"status":"vandut","suprafata":537,"front":16.8,"laturi":4,"pret_total":40275,"pret_mp":75,"tva_inclus":false,"observatii":null,"actualizat":"2026-08-12"}},{"type":"Feature","geometry":{"type":"Polygon","coordinates":[[[26.042011,44.611017],[26.042182,44.610757],[26.042376,44.610821],[26.042205,44.611082],[26.042011,44.611017]]]},"properties":{"id":"corbeanca-nord-e7","cod":"E7","proiect":"corbeanca-nord","sir":0,"status":"disponibil","suprafata":543,"front":17,"laturi":4,"pret_total":39639,"pret_mp":73,"tva_inclus":false,"observatii":null,"actualizat":"2026-08-12"}},{"type":"Feature","geometry":{"type":"Polygon","coordinates":[[[26.042205,44.611082],[26.042376,44.610821],[26.042579,44.610889],[26.042408,44.611149],[26.042205,44.611082]]]},"properties":{"id":"corbeanca-nord-e9","cod":"E9","proiect":"corbeanca-nord","sir":0,"status":"vandut","suprafata":567,"front":17.7,"laturi":4,"pret_total":42525,"pret_mp":75,"tva_inclus":false,"observatii":null,"actualizat":"2026-08-12"}},{"type":"Feature","geometry":{"type":"Polygon","coordinates":[[[26.042408,44.611149],[26.042579,44.610889],[26.042768,44.610952],[26.042597,44.611212],[26.042408,44.611149]]]},"properties":{"id":"corbeanca-nord-e11","cod":"E11","proiect":"corbeanca-nord","sir":0,"status":"rezervat","suprafata":529,"front":16.5,"laturi":4,"pret_total":38088,"pret_mp":72,"tva_inclus":false,"observatii":null,"actualizat":"2026-08-12"}},{"type":"Feature","geometry":{"type":"Polygon","coordinates":[[[26.042597,44.611212],[26.042768,44.610952],[26.04297,44.611019],[26.042799,44.61128],[26.042597,44.611212]]]},"properties":{"id":"corbeanca-nord-e13","cod":"E13","proiect":"corbeanca-nord","sir":0,"status":"disponibil","suprafata":565,"front":17.6,"laturi":4,"pret_total":44070,"pret_mp":78,"tva_inclus":false,"observatii":null,"actualizat":"2026-08-12"}},{"type":"Feature","geometry":{"type":"Polygon","coordinates":[[[26.042799,44.61128],[26.04297,44.611019],[26.04314,44.611076],[26.042969,44.611336],[26.042799,44.61128]]]},"properties":{"id":"corbeanca-nord-e15","cod":"E15","proiect":"corbeanca-nord","sir":0,"status":"disponibil","suprafata":475,"front":14.9,"laturi":4,"pret_total":33725,"pret_mp":71,"tva_inclus":false,"observatii":null,"actualizat":"2026-08-12"}},{"type":"Feature","geometry":{"type":"Polygon","coordinates":[[[26.043061,44.611367],[26.043232,44.611106],[26.04343,44.611172],[26.043258,44.611433],[26.043061,44.611367]]]},"properties":{"id":"corbeanca-nord-e17","cod":"E17","proiect":"corbeanca-nord","sir":0,"status":"disponibil","suprafata":553,"front":17.3,"laturi":4,"pret_total":41475,"pret_mp":75,"tva_inclus":false,"observatii":null,"actualizat":"2026-08-12"}},{"type":"Feature","geometry":{"type":"Polygon","coordinates":[[[26.043258,44.611433],[26.04343,44.611172],[26.043627,44.611237],[26.043455,44.611498],[26.043258,44.611433]]]},"properties":{"id":"corbeanca-nord-e19","cod":"E19","proiect":"corbeanca-nord","sir":0,"status":"disponibil","suprafata":551,"front":17.2,"laturi":4,"pret_total":40774,"pret_mp":74,"tva_inclus":false,"observatii":null,"actualizat":"2026-08-12"}},{"type":"Feature","geometry":{"type":"Polygon","coordinates":[[[26.043455,44.611498],[26.043627,44.611237],[26.043818,44.611301],[26.043647,44.611562],[26.043455,44.611498]]]},"properties":{"id":"corbeanca-nord-e21","cod":"E21","proiect":"corbeanca-nord","sir":0,"status":"disponibil","suprafata":535,"front":16.7,"laturi":4,"pret_total":39055,"pret_mp":73,"tva_inclus":false,"observatii":null,"actualizat":"2026-08-12"}},{"type":"Feature","geometry":{"type":"Polygon","coordinates":[[[26.043647,44.611562],[26.043818,44.611301],[26.044017,44.611368],[26.043846,44.611628],[26.043647,44.611562]]]},"properties":{"id":"corbeanca-nord-e23","cod":"E23","proiect":"corbeanca-nord","sir":0,"status":"disponibil","suprafata":558,"front":17.4,"laturi":4,"pret_total":41292,"pret_mp":74,"tva_inclus":false,"observatii":null,"actualizat":"2026-08-12"}},{"type":"Feature","geometry":{"type":"Polygon","coordinates":[[[26.043846,44.611628],[26.044017,44.611368],[26.044204,44.61143],[26.044033,44.611691],[26.043846,44.611628]]]},"properties":{"id":"corbeanca-nord-e25","cod":"E25","proiect":"corbeanca-nord","sir":0,"status":"disponibil","suprafata":523,"front":16.3,"laturi":4,"pret_total":38702,"pret_mp":74,"tva_inclus":false,"observatii":null,"actualizat":"2026-08-12"}},{"type":"Feature","geometry":{"type":"Polygon","coordinates":[[[26.044033,44.611691],[26.044204,44.61143],[26.044407,44.611497],[26.044236,44.611758],[26.044033,44.611691]]]},"properties":{"id":"corbeanca-nord-e27","cod":"E27","proiect":"corbeanca-nord","sir":0,"status":"disponibil","suprafata":568,"front":17.8,"laturi":4,"pret_total":44304,"pret_mp":78,"tva_inclus":false,"observatii":null,"actualizat":"2026-08-12"}},{"type":"Feature","geometry":{"type":"Polygon","coordinates":[[[26.044236,44.611758],[26.044407,44.611497],[26.044604,44.611563],[26.044433,44.611824],[26.044236,44.611758]]]},"properties":{"id":"corbeanca-nord-e29","cod":"E29","proiect":"corbeanca-nord","sir":0,"status":"disponibil","suprafata":551,"front":17.2,"laturi":4,"pret_total":40223,"pret_mp":73,"tva_inclus":false,"observatii":null,"actualizat":"2026-08-12"}},{"type":"Feature","geometry":{"type":"Polygon","coordinates":[[[26.044433,44.611824],[26.044604,44.611563],[26.044741,44.611608],[26.044569,44.611869],[26.044433,44.611824]]]},"properties":{"id":"corbeanca-nord-e31","cod":"E31","proiect":"corbeanca-nord","sir":0,"status":"disponibil","suprafata":381,"front":11.9,"laturi":4,"pret_total":25527,"pret_mp":67,"tva_inclus":false,"observatii":null,"actualizat":"2026-08-12"}},{"type":"Feature","geometry":{"type":"Polygon","coordinates":[[[26.044661,44.611899],[26.044832,44.611639],[26.045028,44.611704],[26.044857,44.611965],[26.044661,44.611899]]]},"properties":{"id":"corbeanca-nord-e33","cod":"E33","proiect":"corbeanca-nord","sir":0,"status":"disponibil","suprafata":549,"front":17.2,"laturi":4,"pret_total":42273,"pret_mp":77,"tva_inclus":false,"observatii":null,"actualizat":"2026-08-12"}},{"type":"Feature","geometry":{"type":"Polygon","coordinates":[[[26.044857,44.611965],[26.045028,44.611704],[26.045215,44.611766],[26.045044,44.612027],[26.044857,44.611965]]]},"properties":{"id":"corbeanca-nord-e35","cod":"E35","proiect":"corbeanca-nord","sir":0,"status":"disponibil","suprafata":522,"front":16.3,"laturi":4,"pret_total":37584,"pret_mp":72,"tva_inclus":false,"observatii":null,"actualizat":"2026-08-12"}},{"type":"Feature","geometry":{"type":"Polygon","coordinates":[[[26.045044,44.612027],[26.045215,44.611766],[26.045414,44.611833],[26.045243,44.612093],[26.045044,44.612027]]]},"properties":{"id":"corbeanca-nord-e37","cod":"E37","proiect":"corbeanca-nord","sir":0,"status":"disponibil","suprafata":557,"front":17.4,"laturi":4,"pret_total":42889,"pret_mp":77,"tva_inclus":false,"observatii":null,"actualizat":"2026-08-12"}},{"type":"Feature","geometry":{"type":"Polygon","coordinates":[[[26.045243,44.612093],[26.045414,44.611833],[26.045609,44.611897],[26.045438,44.612158],[26.045243,44.612093]]]},"properties":{"id":"corbeanca-nord-e39","cod":"E39","proiect":"corbeanca-nord","sir":0,"status":"disponibil","suprafata":544,"front":17,"laturi":4,"pret_total":40800,"pret_mp":75,"tva_inclus":false,"observatii":null,"actualizat":"2026-08-12"}},{"type":"Feature","geometry":{"type":"Polygon","coordinates":[[[26.045438,44.612158],[26.045609,44.611897],[26.045799,44.611961],[26.045628,44.612221],[26.045438,44.612158]]]},"properties":{"id":"corbeanca-nord-e41","cod":"E41","proiect":"corbeanca-nord","sir":0,"status":"in_pregatire","suprafata":531,"front":16.6,"laturi":4,"pret_total":38232,"pret_mp":72,"tva_inclus":false,"observatii":null,"actualizat":"2026-08-12"}},{"type":"Feature","geometry":{"type":"Polygon","coordinates":[[[26.045628,44.612221],[26.045799,44.611961],[26.04599,44.612024],[26.045818,44.612285],[26.045628,44.612221]]]},"properties":{"id":"corbeanca-nord-e43","cod":"E43","proiect":"corbeanca-nord","sir":0,"status":"disponibil","suprafata":534,"front":16.7,"laturi":4,"pret_total":39516,"pret_mp":74,"tva_inclus":false,"observatii":null,"actualizat":"2026-08-12"}},{"type":"Feature","geometry":{"type":"Polygon","coordinates":[[[26.045818,44.612285],[26.04599,44.612024],[26.046189,44.61209],[26.046017,44.612351],[26.045818,44.612285]]]},"properties":{"id":"corbeanca-nord-e45","cod":"E45","proiect":"corbeanca-nord","sir":0,"status":"disponibil","suprafata":556,"front":17.4,"laturi":4,"pret_total":42256,"pret_mp":76,"tva_inclus":false,"observatii":null,"actualizat":"2026-08-12"}},{"type":"Feature","geometry":{"type":"Polygon","coordinates":[[[26.046017,44.612351],[26.046189,44.61209],[26.046341,44.612141],[26.04617,44.612402],[26.046017,44.612351]]]},"properties":{"id":"corbeanca-nord-e47","cod":"E47","proiect":"corbeanca-nord","sir":0,"status":"disponibil","suprafata":426,"front":13.3,"laturi":4,"pret_total":30672,"pret_mp":72,"tva_inclus":false,"observatii":null,"actualizat":"2026-08-12"}},{"type":"Feature","geometry":{"type":"Polygon","coordinates":[[[26.046261,44.612432],[26.046432,44.612172],[26.046634,44.612239],[26.046463,44.612499],[26.046261,44.612432]]]},"properties":{"id":"corbeanca-nord-e49","cod":"E49","proiect":"corbeanca-nord","sir":0,"status":"in_pregatire","suprafata":565,"front":17.7,"laturi":4,"pret_total":42940,"pret_mp":76,"tva_inclus":false,"observatii":null,"actualizat":"2026-08-12"}},{"type":"Feature","geometry":{"type":"Polygon","coordinates":[[[26.046463,44.612499],[26.046634,44.612239],[26.046829,44.612304],[26.046658,44.612564],[26.046463,44.612499]]]},"properties":{"id":"corbeanca-nord-e51","cod":"E51","proiect":"corbeanca-nord","sir":0,"status":"disponibil","suprafata":544,"front":17,"laturi":4,"pret_total":40800,"pret_mp":75,"tva_inclus":false,"observatii":null,"actualizat":"2026-08-12"}},{"type":"Feature","geometry":{"type":"Polygon","coordinates":[[[26.046658,44.612564],[26.046829,44.612304],[26.047022,44.612368],[26.046851,44.612628],[26.046658,44.612564]]]},"properties":{"id":"corbeanca-nord-e53","cod":"E53","proiect":"corbeanca-nord","sir":0,"status":"in_pregatire","suprafata":539,"front":16.9,"laturi":4,"pret_total":40425,"pret_mp":75,"tva_inclus":false,"observatii":null,"actualizat":"2026-08-12"}},{"type":"Feature","geometry":{"type":"Polygon","coordinates":[[[26.046851,44.612628],[26.047022,44.612368],[26.047221,44.612434],[26.047049,44.612695],[26.046851,44.612628]]]},"properties":{"id":"corbeanca-nord-e55","cod":"E55","proiect":"corbeanca-nord","sir":0,"status":"disponibil","suprafata":556,"front":17.4,"laturi":4,"pret_total":41144,"pret_mp":74,"tva_inclus":false,"observatii":null,"actualizat":"2026-08-12"}},{"type":"Feature","geometry":{"type":"Polygon","coordinates":[[[26.047049,44.612695],[26.047221,44.612434],[26.047417,44.612499],[26.047245,44.61276],[26.047049,44.612695]]]},"properties":{"id":"corbeanca-nord-e57","cod":"E57","proiect":"corbeanca-nord","sir":0,"status":"in_pregatire","suprafata":548,"front":17.1,"laturi":4,"pret_total":40004,"pret_mp":73,"tva_inclus":false,"observatii":null,"actualizat":"2026-08-12"}},{"type":"Feature","geometry":{"type":"Polygon","coordinates":[[[26.047245,44.61276],[26.047417,44.612499],[26.047617,44.612566],[26.047446,44.612827],[26.047245,44.61276]]]},"properties":{"id":"corbeanca-nord-e59","cod":"E59","proiect":"corbeanca-nord","sir":0,"status":"disponibil","suprafata":561,"front":17.5,"laturi":4,"pret_total":42075,"pret_mp":75,"tva_inclus":false,"observatii":null,"actualizat":"2026-08-12"}},{"type":"Feature","geometry":{"type":"Polygon","coordinates":[[[26.047446,44.612827],[26.047617,44.612566],[26.047816,44.612632],[26.047645,44.612893],[26.047446,44.612827]]]},"properties":{"id":"corbeanca-nord-e61","cod":"E61","proiect":"corbeanca-nord","sir":0,"status":"in_pregatire","suprafata":556,"front":17.4,"laturi":4,"pret_total":42256,"pret_mp":76,"tva_inclus":false,"observatii":null,"actualizat":"2026-08-12"}},{"type":"Feature","geometry":{"type":"Polygon","coordinates":[[[26.047645,44.612893],[26.047816,44.612632],[26.048011,44.612697],[26.047839,44.612958],[26.047645,44.612893]]]},"properties":{"id":"corbeanca-nord-e63","cod":"E63","proiect":"corbeanca-nord","sir":0,"status":"in_pregatire","suprafata":544,"front":17,"laturi":4,"pret_total":42432,"pret_mp":78,"tva_inclus":false,"observatii":"lot de colț, deschidere pe două laturi","actualizat":"2026-08-12"}},{"type":"Feature","geometry":{"type":"Polygon","coordinates":[[[26.0412,44.611145],[26.041372,44.610884],[26.041558,44.610946],[26.041387,44.611207],[26.0412,44.611145]]]},"properties":{"id":"corbeanca-nord-e2","cod":"E2","proiect":"corbeanca-nord","sir":1,"status":"disponibil","suprafata":520,"front":16.3,"laturi":4,"pret_total":41080,"pret_mp":79,"tva_inclus":false,"observatii":"lot de colț, deschidere pe două laturi","actualizat":"2026-08-12"}},{"type":"Feature","geometry":{"type":"Polygon","coordinates":[[[26.041387,44.611207],[26.041558,44.610946],[26.041757,44.611012],[26.041586,44.611273],[26.041387,44.611207]]]},"properties":{"id":"corbeanca-nord-e4","cod":"E4","proiect":"corbeanca-nord","sir":1,"status":"disponibil","suprafata":557,"front":17.4,"laturi":4,"pret_total":42889,"pret_mp":77,"tva_inclus":false,"observatii":null,"actualizat":"2026-08-12"}},{"type":"Feature","geometry":{"type":"Polygon","coordinates":[[[26.041586,44.611273],[26.041757,44.611012],[26.041952,44.611077],[26.041781,44.611338],[26.041586,44.611273]]]},"properties":{"id":"corbeanca-nord-e6","cod":"E6","proiect":"corbeanca-nord","sir":1,"status":"disponibil","suprafata":546,"front":17.1,"laturi":4,"pret_total":40950,"pret_mp":75,"tva_inclus":false,"observatii":null,"actualizat":"2026-08-12"}},{"type":"Feature","geometry":{"type":"Polygon","coordinates":[[[26.041781,44.611338],[26.041952,44.611077],[26.04214,44.61114],[26.041969,44.6114],[26.041781,44.611338]]]},"properties":{"id":"corbeanca-nord-e8","cod":"E8","proiect":"corbeanca-nord","sir":1,"status":"disponibil","suprafata":526,"front":16.4,"laturi":4,"pret_total":37872,"pret_mp":72,"tva_inclus":false,"observatii":null,"actualizat":"2026-08-12"}},{"type":"Feature","geometry":{"type":"Polygon","coordinates":[[[26.041969,44.6114],[26.04214,44.61114],[26.04233,44.611203],[26.042158,44.611464],[26.041969,44.6114]]]},"properties":{"id":"corbeanca-nord-e10","cod":"E10","proiect":"corbeanca-nord","sir":1,"status":"disponibil","suprafata":529,"front":16.5,"laturi":4,"pret_total":39675,"pret_mp":75,"tva_inclus":false,"observatii":null,"actualizat":"2026-08-12"}},{"type":"Feature","geometry":{"type":"Polygon","coordinates":[[[26.042158,44.611464],[26.04233,44.611203],[26.042531,44.61127],[26.04236,44.611531],[26.042158,44.611464]]]},"properties":{"id":"corbeanca-nord-e12","cod":"E12","proiect":"corbeanca-nord","sir":1,"status":"disponibil","suprafata":565,"front":17.6,"laturi":4,"pret_total":42375,"pret_mp":75,"tva_inclus":false,"observatii":null,"actualizat":"2026-08-12"}},{"type":"Feature","geometry":{"type":"Polygon","coordinates":[[[26.04236,44.611531],[26.042531,44.61127],[26.042726,44.611335],[26.042555,44.611595],[26.04236,44.611531]]]},"properties":{"id":"corbeanca-nord-e14","cod":"E14","proiect":"corbeanca-nord","sir":1,"status":"disponibil","suprafata":543,"front":17,"laturi":4,"pret_total":41811,"pret_mp":77,"tva_inclus":false,"observatii":null,"actualizat":"2026-08-12"}},{"type":"Feature","geometry":{"type":"Polygon","coordinates":[[[26.042555,44.611595],[26.042726,44.611335],[26.042912,44.611397],[26.042741,44.611658],[26.042555,44.611595]]]},"properties":{"id":"corbeanca-nord-e16","cod":"E16","proiect":"corbeanca-nord","sir":1,"status":"disponibil","suprafata":522,"front":16.3,"laturi":4,"pret_total":38628,"pret_mp":74,"tva_inclus":false,"observatii":null,"actualizat":"2026-08-12"}},{"type":"Feature","geometry":{"type":"Polygon","coordinates":[[[26.042847,44.611693],[26.043018,44.611432],[26.043207,44.611495],[26.043036,44.611756],[26.042847,44.611693]]]},"properties":{"id":"corbeanca-nord-e18","cod":"E18","proiect":"corbeanca-nord","sir":1,"status":"disponibil","suprafata":529,"front":16.5,"laturi":4,"pret_total":38617,"pret_mp":73,"tva_inclus":false,"observatii":null,"actualizat":"2026-08-12"}},{"type":"Feature","geometry":{"type":"Polygon","coordinates":[[[26.043036,44.611756],[26.043207,44.611495],[26.043411,44.611563],[26.04324,44.611824],[26.043036,44.611756]]]},"properties":{"id":"corbeanca-nord-e20","cod":"E20","proiect":"corbeanca-nord","sir":1,"status":"disponibil","suprafata":571,"front":17.8,"laturi":4,"pret_total":42825,"pret_mp":75,"tva_inclus":false,"observatii":null,"actualizat":"2026-08-12"}},{"type":"Feature","geometry":{"type":"Polygon","coordinates":[[[26.04324,44.611824],[26.043411,44.611563],[26.043604,44.611627],[26.043433,44.611888],[26.04324,44.611824]]]},"properties":{"id":"corbeanca-nord-e22","cod":"E22","proiect":"corbeanca-nord","sir":1,"status":"disponibil","suprafata":540,"front":16.9,"laturi":4,"pret_total":39960,"pret_mp":74,"tva_inclus":false,"observatii":null,"actualizat":"2026-08-12"}},{"type":"Feature","geometry":{"type":"Polygon","coordinates":[[[26.043433,44.611888],[26.043604,44.611627],[26.04379,44.611689],[26.043619,44.61195],[26.043433,44.611888]]]},"properties":{"id":"corbeanca-nord-e24","cod":"E24","proiect":"corbeanca-nord","sir":1,"status":"disponibil","suprafata":520,"front":16.2,"laturi":4,"pret_total":37960,"pret_mp":73,"tva_inclus":false,"observatii":null,"actualizat":"2026-08-12"}},{"type":"Feature","geometry":{"type":"Polygon","coordinates":[[[26.043619,44.61195],[26.04379,44.611689],[26.043992,44.611756],[26.043821,44.612017],[26.043619,44.61195]]]},"properties":{"id":"corbeanca-nord-e26","cod":"E26","proiect":"corbeanca-nord","sir":1,"status":"disponibil","suprafata":566,"front":17.7,"laturi":4,"pret_total":43016,"pret_mp":76,"tva_inclus":false,"observatii":null,"actualizat":"2026-08-12"}},{"type":"Feature","geometry":{"type":"Polygon","coordinates":[[[26.043821,44.612017],[26.043992,44.611756],[26.044188,44.611821],[26.044017,44.612082],[26.043821,44.612017]]]},"properties":{"id":"corbeanca-nord-e28","cod":"E28","proiect":"corbeanca-nord","sir":1,"status":"disponibil","suprafata":547,"front":17.1,"laturi":4,"pret_total":40478,"pret_mp":74,"tva_inclus":false,"observatii":null,"actualizat":"2026-08-12"}},{"type":"Feature","geometry":{"type":"Polygon","coordinates":[[[26.044017,44.612082],[26.044188,44.611821],[26.044375,44.611884],[26.044204,44.612145],[26.044017,44.612082]]]},"properties":{"id":"corbeanca-nord-e30","cod":"E30","proiect":"corbeanca-nord","sir":1,"status":"disponibil","suprafata":524,"front":16.4,"laturi":4,"pret_total":38252,"pret_mp":73,"tva_inclus":false,"observatii":null,"actualizat":"2026-08-12"}},{"type":"Feature","geometry":{"type":"Polygon","coordinates":[[[26.044204,44.612145],[26.044375,44.611884],[26.044526,44.611934],[26.044355,44.612195],[26.044204,44.612145]]]},"properties":{"id":"corbeanca-nord-e32","cod":"E32","proiect":"corbeanca-nord","sir":1,"status":"disponibil","suprafata":422,"front":13.2,"laturi":4,"pret_total":28696,"pret_mp":68,"tva_inclus":false,"observatii":null,"actualizat":"2026-08-12"}},{"type":"Feature","geometry":{"type":"Polygon","coordinates":[[[26.044447,44.612225],[26.044618,44.611965],[26.044812,44.612029],[26.044641,44.61229],[26.044447,44.612225]]]},"properties":{"id":"corbeanca-nord-e34","cod":"E34","proiect":"corbeanca-nord","sir":1,"status":"disponibil","suprafata":543,"front":17,"laturi":4,"pret_total":39639,"pret_mp":73,"tva_inclus":false,"observatii":null,"actualizat":"2026-08-12"}},{"type":"Feature","geometry":{"type":"Polygon","coordinates":[[[26.044641,44.61229],[26.044812,44.612029],[26.044998,44.612091],[26.044827,44.612352],[26.044641,44.61229]]]},"properties":{"id":"corbeanca-nord-e36","cod":"E36","proiect":"corbeanca-nord","sir":1,"status":"disponibil","suprafata":519,"front":16.2,"laturi":4,"pret_total":38925,"pret_mp":75,"tva_inclus":false,"observatii":null,"actualizat":"2026-08-12"}},{"type":"Feature","geometry":{"type":"Polygon","coordinates":[[[26.044827,44.612352],[26.044998,44.612091],[26.045201,44.612159],[26.04503,44.61242],[26.044827,44.612352]]]},"properties":{"id":"corbeanca-nord-e38","cod":"E38","proiect":"corbeanca-nord","sir":1,"status":"disponibil","suprafata":569,"front":17.8,"laturi":4,"pret_total":43813,"pret_mp":77,"tva_inclus":false,"observatii":null,"actualizat":"2026-08-12"}},{"type":"Feature","geometry":{"type":"Polygon","coordinates":[[[26.04503,44.61242],[26.045201,44.612159],[26.045391,44.612222],[26.04522,44.612483],[26.04503,44.61242]]]},"properties":{"id":"corbeanca-nord-e40","cod":"E40","proiect":"corbeanca-nord","sir":1,"status":"disponibil","suprafata":530,"front":16.6,"laturi":4,"pret_total":38160,"pret_mp":72,"tva_inclus":false,"observatii":null,"actualizat":"2026-08-12"}},{"type":"Feature","geometry":{"type":"Polygon","coordinates":[[[26.04522,44.612483],[26.045391,44.612222],[26.04559,44.612288],[26.045419,44.612549],[26.04522,44.612483]]]},"properties":{"id":"corbeanca-nord-e42","cod":"E42","proiect":"corbeanca-nord","sir":1,"status":"disponibil","suprafata":556,"front":17.4,"laturi":4,"pret_total":41700,"pret_mp":75,"tva_inclus":false,"observatii":null,"actualizat":"2026-08-12"}},{"type":"Feature","geometry":{"type":"Polygon","coordinates":[[[26.045419,44.612549],[26.04559,44.612288],[26.045792,44.612356],[26.045621,44.612616],[26.045419,44.612549]]]},"properties":{"id":"corbeanca-nord-e44","cod":"E44","proiect":"corbeanca-nord","sir":1,"status":"disponibil","suprafata":566,"front":17.7,"laturi":4,"pret_total":41884,"pret_mp":74,"tva_inclus":false,"observatii":null,"actualizat":"2026-08-12"}},{"type":"Feature","geometry":{"type":"Polygon","coordinates":[[[26.045621,44.612616],[26.045792,44.612356],[26.045988,44.612421],[26.045816,44.612681],[26.045621,44.612616]]]},"properties":{"id":"corbeanca-nord-e46","cod":"E46","proiect":"corbeanca-nord","sir":1,"status":"in_pregatire","suprafata":547,"front":17.1,"laturi":4,"pret_total":41025,"pret_mp":75,"tva_inclus":false,"observatii":null,"actualizat":"2026-08-12"}},{"type":"Feature","geometry":{"type":"Polygon","coordinates":[[[26.045816,44.612681],[26.045988,44.612421],[26.046127,44.612467],[26.045956,44.612728],[26.045816,44.612681]]]},"properties":{"id":"corbeanca-nord-e48","cod":"E48","proiect":"corbeanca-nord","sir":1,"status":"disponibil","suprafata":389,"front":12.2,"laturi":4,"pret_total":26452,"pret_mp":68,"tva_inclus":false,"observatii":null,"actualizat":"2026-08-12"}},{"type":"Feature","geometry":{"type":"Polygon","coordinates":[[[26.046047,44.612758],[26.046218,44.612497],[26.046413,44.612562],[26.046242,44.612823],[26.046047,44.612758]]]},"properties":{"id":"corbeanca-nord-e50","cod":"E50","proiect":"corbeanca-nord","sir":1,"status":"disponibil","suprafata":544,"front":17,"laturi":4,"pret_total":40800,"pret_mp":75,"tva_inclus":false,"observatii":null,"actualizat":"2026-08-12"}},{"type":"Feature","geometry":{"type":"Polygon","coordinates":[[[26.046242,44.612823],[26.046413,44.612562],[26.046616,44.61263],[26.046445,44.612891],[26.046242,44.612823]]]},"properties":{"id":"corbeanca-nord-e52","cod":"E52","proiect":"corbeanca-nord","sir":1,"status":"in_pregatire","suprafata":568,"front":17.8,"laturi":4,"pret_total":43736,"pret_mp":77,"tva_inclus":false,"observatii":null,"actualizat":"2026-08-12"}},{"type":"Feature","geometry":{"type":"Polygon","coordinates":[[[26.046445,44.612891],[26.046616,44.61263],[26.046804,44.612692],[26.046632,44.612953],[26.046445,44.612891]]]},"properties":{"id":"corbeanca-nord-e54","cod":"E54","proiect":"corbeanca-nord","sir":1,"status":"disponibil","suprafata":524,"front":16.4,"laturi":4,"pret_total":38776,"pret_mp":74,"tva_inclus":false,"observatii":null,"actualizat":"2026-08-12"}},{"type":"Feature","geometry":{"type":"Polygon","coordinates":[[[26.046632,44.612953],[26.046804,44.612692],[26.047006,44.61276],[26.046835,44.61302],[26.046632,44.612953]]]},"properties":{"id":"corbeanca-nord-e56","cod":"E56","proiect":"corbeanca-nord","sir":1,"status":"in_pregatire","suprafata":566,"front":17.7,"laturi":4,"pret_total":43016,"pret_mp":76,"tva_inclus":false,"observatii":null,"actualizat":"2026-08-12"}},{"type":"Feature","geometry":{"type":"Polygon","coordinates":[[[26.046835,44.61302],[26.047006,44.61276],[26.047204,44.612826],[26.047033,44.613086],[26.046835,44.61302]]]},"properties":{"id":"corbeanca-nord-e58","cod":"E58","proiect":"corbeanca-nord","sir":1,"status":"disponibil","suprafata":554,"front":17.3,"laturi":4,"pret_total":40996,"pret_mp":74,"tva_inclus":false,"observatii":null,"actualizat":"2026-08-12"}},{"type":"Feature","geometry":{"type":"Polygon","coordinates":[[[26.047033,44.613086],[26.047204,44.612826],[26.04739,44.612887],[26.047218,44.613148],[26.047033,44.613086]]]},"properties":{"id":"corbeanca-nord-e60","cod":"E60","proiect":"corbeanca-nord","sir":1,"status":"in_pregatire","suprafata":519,"front":16.2,"laturi":4,"pret_total":38925,"pret_mp":75,"tva_inclus":false,"observatii":null,"actualizat":"2026-08-12"}},{"type":"Feature","geometry":{"type":"Polygon","coordinates":[[[26.047218,44.613148],[26.04739,44.612887],[26.047581,44.612951],[26.04741,44.613212],[26.047218,44.613148]]]},"properties":{"id":"corbeanca-nord-e62","cod":"E62","proiect":"corbeanca-nord","sir":1,"status":"in_pregatire","suprafata":535,"front":16.7,"laturi":4,"pret_total":39055,"pret_mp":73,"tva_inclus":false,"observatii":null,"actualizat":"2026-08-12"}},{"type":"Feature","geometry":{"type":"Polygon","coordinates":[[[26.04741,44.613212],[26.047581,44.612951],[26.047771,44.613014],[26.047599,44.613275],[26.04741,44.613212]]]},"properties":{"id":"corbeanca-nord-e64","cod":"E64","proiect":"corbeanca-nord","sir":1,"status":"in_pregatire","suprafata":530,"front":16.6,"laturi":4,"pret_total":41340,"pret_mp":78,"tva_inclus":false,"observatii":"lot de colț, deschidere pe două laturi","actualizat":"2026-08-12"}},{"type":"Feature","geometry":{"type":"Polygon","coordinates":[[[26.065168,44.615351],[26.065585,44.615338],[26.065596,44.615505],[26.065179,44.615518],[26.065168,44.615351]]]},"properties":{"id":"saftica-a2","cod":"A2","proiect":"saftica","sir":1,"status":"vandut","suprafata":613,"front":18.6,"laturi":4,"pret_total":43523,"pret_mp":71,"tva_inclus":false,"observatii":"lot de colț, deschidere pe două laturi","actualizat":"2026-08-12"}},{"type":"Feature","geometry":{"type":"Polygon","coordinates":[[[26.065179,44.615518],[26.065596,44.615505],[26.065606,44.615664],[26.065189,44.615678],[26.065179,44.615518]]]},"properties":{"id":"saftica-a4","cod":"A4","proiect":"saftica","sir":1,"status":"vandut","suprafata":586,"front":17.8,"laturi":4,"pret_total":40434,"pret_mp":69,"tva_inclus":false,"observatii":null,"actualizat":"2026-08-12"}},{"type":"Feature","geometry":{"type":"Polygon","coordinates":[[[26.065189,44.615678],[26.065606,44.615664],[26.065608,44.615704],[26.06557,44.615818],[26.065559,44.615827],[26.0652,44.615838],[26.065189,44.615678]]]},"properties":{"id":"saftica-a6","cod":"A6","proiect":"saftica","sir":1,"status":"vandut","suprafata":564,"front":6.5,"laturi":6,"pret_total":35532,"pret_mp":63,"tva_inclus":false,"observatii":"formă neregulată, urmează hotarul terenului","actualizat":"2026-08-12"}},{"type":"Feature","geometry":{"type":"Polygon","coordinates":[[[26.0652,44.615838],[26.065559,44.615827],[26.065345,44.616003],[26.065211,44.616008],[26.0652,44.615838]]]},"properties":{"id":"saftica-a8","cod":"A8","proiect":"saftica","sir":1,"status":"vandut","suprafata":369,"front":18.8,"laturi":4,"pret_total":26568,"pret_mp":72,"tva_inclus":false,"observatii":"lot de colț, deschidere pe două laturi","actualizat":"2026-08-12"}},{"type":"Feature","geometry":{"type":"Polygon","coordinates":[[[26.064752,44.61537],[26.065169,44.615356],[26.065179,44.615511],[26.064762,44.615525],[26.064752,44.61537]]]},"properties":{"id":"saftica-b1","cod":"B1","proiect":"saftica","sir":0,"status":"vandut","suprafata":568,"front":17.2,"laturi":4,"pret_total":39192,"pret_mp":69,"tva_inclus":false,"observatii":"lot de colț, deschidere pe două laturi","actualizat":"2026-08-12"}},{"type":"Feature","geometry":{"type":"Polygon","coordinates":[[[26.064762,44.615525],[26.065179,44.615511],[26.065189,44.615669],[26.064772,44.615683],[26.064762,44.615525]]]},"properties":{"id":"saftica-b3","cod":"B3","proiect":"saftica","sir":0,"status":"vandut","suprafata":581,"front":17.6,"laturi":4,"pret_total":39508,"pret_mp":68,"tva_inclus":false,"observatii":null,"actualizat":"2026-08-12"}},{"type":"Feature","geometry":{"type":"Polygon","coordinates":[[[26.064772,44.615683],[26.065189,44.615669],[26.065199,44.615828],[26.064783,44.615842],[26.064772,44.615683]]]},"properties":{"id":"saftica-b5","cod":"B5","proiect":"saftica","sir":0,"status":"vandut","suprafata":585,"front":17.7,"laturi":4,"pret_total":38025,"pret_mp":65,"tva_inclus":false,"observatii":null,"actualizat":"2026-08-12"}},{"type":"Feature","geometry":{"type":"Polygon","coordinates":[[[26.064783,44.615842],[26.065199,44.615828],[26.06521,44.615995],[26.064793,44.616009],[26.064783,44.615842]]]},"properties":{"id":"saftica-b7","cod":"B7","proiect":"saftica","sir":0,"status":"disponibil","suprafata":612,"front":18.6,"laturi":4,"pret_total":41004,"pret_mp":67,"tva_inclus":false,"observatii":null,"actualizat":"2026-08-12"}},{"type":"Feature","geometry":{"type":"Polygon","coordinates":[[[26.064793,44.616009],[26.06521,44.615995],[26.065217,44.616109],[26.065147,44.616167],[26.064804,44.616178],[26.064793,44.616009]]]},"properties":{"id":"saftica-b9","cod":"B9","proiect":"saftica","sir":0,"status":"disponibil","suprafata":603,"front":18.8,"laturi":5,"pret_total":42210,"pret_mp":70,"tva_inclus":false,"observatii":"lot de colț, deschidere pe două laturi, formă neregulată, urmează hotarul terenului","actualizat":"2026-08-12"}},{"type":"Feature","geometry":{"type":"Polygon","coordinates":[[[26.064212,44.615234],[26.064631,44.615252],[26.064638,44.615368],[26.064222,44.615381],[26.064212,44.615234]]]},"properties":{"id":"saftica-b2","cod":"B2","proiect":"saftica","sir":1,"status":"vandut","suprafata":484,"front":13,"laturi":4,"pret_total":32912,"pret_mp":68,"tva_inclus":false,"observatii":"lot de colț, deschidere pe două laturi","actualizat":"2026-08-12"}},{"type":"Feature","geometry":{"type":"Polygon","coordinates":[[[26.064222,44.615381],[26.064638,44.615368],[26.064649,44.615529],[26.064232,44.615542],[26.064222,44.615381]]]},"properties":{"id":"saftica-b4","cod":"B4","proiect":"saftica","sir":1,"status":"vandut","suprafata":591,"front":17.9,"laturi":4,"pret_total":39006,"pret_mp":66,"tva_inclus":false,"observatii":null,"actualizat":"2026-08-12"}},{"type":"Feature","geometry":{"type":"Polygon","coordinates":[[[26.064232,44.615542],[26.064649,44.615529],[26.064659,44.61569],[26.064242,44.615703],[26.064232,44.615542]]]},"properties":{"id":"saftica-b6","cod":"B6","proiect":"saftica","sir":1,"status":"vandut","suprafata":591,"front":17.9,"laturi":4,"pret_total":39597,"pret_mp":67,"tva_inclus":false,"observatii":null,"actualizat":"2026-08-12"}},{"type":"Feature","geometry":{"type":"Polygon","coordinates":[[[26.064242,44.615703],[26.064659,44.61569],[26.064669,44.61585],[26.064253,44.615864],[26.064242,44.615703]]]},"properties":{"id":"saftica-b8","cod":"B8","proiect":"saftica","sir":1,"status":"vandut","suprafata":590,"front":17.9,"laturi":4,"pret_total":40120,"pret_mp":68,"tva_inclus":false,"observatii":null,"actualizat":"2026-08-12"}},{"type":"Feature","geometry":{"type":"Polygon","coordinates":[[[26.064253,44.615864],[26.064669,44.61585],[26.064679,44.616008],[26.064263,44.616021],[26.064253,44.615864]]]},"properties":{"id":"saftica-b10","cod":"B10","proiect":"saftica","sir":1,"status":"vandut","suprafata":578,"front":17.5,"laturi":4,"pret_total":39304,"pret_mp":68,"tva_inclus":false,"observatii":null,"actualizat":"2026-08-12"}},{"type":"Feature","geometry":{"type":"Polygon","coordinates":[[[26.064263,44.616021],[26.064679,44.616008],[26.06469,44.616176],[26.064274,44.61619],[26.064263,44.616021]]]},"properties":{"id":"saftica-b12","cod":"B12","proiect":"saftica","sir":1,"status":"vandut","suprafata":620,"front":18.8,"laturi":4,"pret_total":42160,"pret_mp":68,"tva_inclus":false,"observatii":null,"actualizat":"2026-08-12"}},{"type":"Feature","geometry":{"type":"Polygon","coordinates":[[[26.064281,44.616296],[26.064697,44.616283],[26.064708,44.616448],[26.064291,44.616461],[26.064281,44.616296]]]},"properties":{"id":"saftica-b14","cod":"B14","proiect":"saftica","sir":1,"status":"disponibil","suprafata":607,"front":18.4,"laturi":4,"pret_total":40062,"pret_mp":66,"tva_inclus":false,"observatii":null,"actualizat":"2026-08-12"}},{"type":"Feature","geometry":{"type":"Polygon","coordinates":[[[26.064291,44.616461],[26.064708,44.616448],[26.064713,44.616524],[26.064614,44.616605],[26.064301,44.616616],[26.064291,44.616461]]]},"properties":{"id":"saftica-b16","cod":"B16","proiect":"saftica","sir":1,"status":"disponibil","suprafata":532,"front":9.2,"laturi":5,"pret_total":34580,"pret_mp":65,"tva_inclus":false,"observatii":"lot de colț, deschidere pe două laturi, formă neregulată, urmează hotarul terenului","actualizat":"2026-08-12"}},{"type":"Feature","geometry":{"type":"Polygon","coordinates":[[[26.063795,44.61524],[26.064109,44.61523],[26.064212,44.615234],[26.064222,44.615383],[26.063805,44.615397],[26.063795,44.61524]]]},"properties":{"id":"saftica-c1","cod":"C1","proiect":"saftica","sir":0,"status":"vandut","suprafata":573,"front":17.5,"laturi":5,"pret_total":40110,"pret_mp":70,"tva_inclus":false,"observatii":"lot de colț, deschidere pe două laturi, formă neregulată, urmează hotarul terenului","actualizat":"2026-08-12"}},{"type":"Feature","geometry":{"type":"Polygon","coordinates":[[[26.063805,44.615397],[26.064222,44.615383],[26.064232,44.615544],[26.063816,44.615558],[26.063805,44.615397]]]},"properties":{"id":"saftica-c3","cod":"C3","proiect":"saftica","sir":0,"status":"vandut","suprafata":593,"front":18,"laturi":4,"pret_total":38545,"pret_mp":65,"tva_inclus":false,"observatii":null,"actualizat":"2026-08-12"}},{"type":"Feature","geometry":{"type":"Polygon","coordinates":[[[26.063816,44.615558],[26.064232,44.615544],[26.064242,44.615699],[26.063826,44.615713],[26.063816,44.615558]]]},"properties":{"id":"saftica-c5","cod":"C5","proiect":"saftica","sir":0,"status":"disponibil","suprafata":569,"front":17.2,"laturi":4,"pret_total":36985,"pret_mp":65,"tva_inclus":false,"observatii":null,"actualizat":"2026-08-12"}},{"type":"Feature","geometry":{"type":"Polygon","coordinates":[[[26.063826,44.615713],[26.064242,44.615699],[26.064253,44.615866],[26.063836,44.61588],[26.063826,44.615713]]]},"properties":{"id":"saftica-c7","cod":"C7","proiect":"saftica","sir":0,"status":"disponibil","suprafata":613,"front":18.6,"laturi":4,"pret_total":41071,"pret_mp":67,"tva_inclus":false,"observatii":null,"actualizat":"2026-08-12"}},{"type":"Feature","geometry":{"type":"Polygon","coordinates":[[[26.063836,44.61588],[26.064253,44.615866],[26.064263,44.616022],[26.063846,44.616035],[26.063836,44.61588]]]},"properties":{"id":"saftica-c9","cod":"C9","proiect":"saftica","sir":0,"status":"disponibil","suprafata":571,"front":17.3,"laturi":4,"pret_total":37115,"pret_mp":65,"tva_inclus":false,"observatii":null,"actualizat":"2026-08-12"}},{"type":"Feature","geometry":{"type":"Polygon","coordinates":[[[26.063846,44.616035],[26.064263,44.616022],[26.064273,44.61618],[26.063857,44.616193],[26.063846,44.616035]]]},"properties":{"id":"saftica-c11","cod":"C11","proiect":"saftica","sir":0,"status":"disponibil","suprafata":580,"front":17.6,"laturi":4,"pret_total":37700,"pret_mp":65,"tva_inclus":false,"observatii":null,"actualizat":"2026-08-12"}},{"type":"Feature","geometry":{"type":"Polygon","coordinates":[[[26.063864,44.61631],[26.064281,44.616296],[26.064291,44.616457],[26.063874,44.616471],[26.063864,44.61631]]]},"properties":{"id":"saftica-c13","cod":"C13","proiect":"saftica","sir":0,"status":"rezervat","suprafata":591,"front":17.9,"laturi":4,"pret_total":39597,"pret_mp":67,"tva_inclus":false,"observatii":null,"actualizat":"2026-08-12"}},{"type":"Feature","geometry":{"type":"Polygon","coordinates":[[[26.063874,44.616471],[26.064291,44.616457],[26.064301,44.616614],[26.063884,44.616627],[26.063874,44.616471]]]},"properties":{"id":"saftica-c15","cod":"C15","proiect":"saftica","sir":0,"status":"disponibil","suprafata":575,"front":17.4,"laturi":4,"pret_total":37950,"pret_mp":66,"tva_inclus":false,"observatii":null,"actualizat":"2026-08-12"}},{"type":"Feature","geometry":{"type":"Polygon","coordinates":[[[26.063884,44.616627],[26.064301,44.616614],[26.064311,44.61677],[26.063894,44.616783],[26.063884,44.616627]]]},"properties":{"id":"saftica-c17","cod":"C17","proiect":"saftica","sir":0,"status":"vandut","suprafata":573,"front":17.4,"laturi":4,"pret_total":37245,"pret_mp":65,"tva_inclus":false,"observatii":null,"actualizat":"2026-08-12"}},{"type":"Feature","geometry":{"type":"Polygon","coordinates":[[[26.063894,44.616783],[26.064311,44.61677],[26.064316,44.616851],[26.064217,44.616933],[26.063905,44.616943],[26.063894,44.616783]]]},"properties":{"id":"saftica-c19","cod":"C19","proiect":"saftica","sir":0,"status":"vandut","suprafata":552,"front":17.8,"laturi":5,"pret_total":37536,"pret_mp":68,"tva_inclus":false,"observatii":"lot de colț, deschidere pe două laturi, formă neregulată, urmează hotarul terenului","actualizat":"2026-08-12"}},{"type":"Feature","geometry":{"type":"Polygon","coordinates":[[[26.063265,44.615246],[26.063681,44.615232],[26.063692,44.615397],[26.063275,44.615411],[26.063265,44.615246]]]},"properties":{"id":"saftica-c2","cod":"C2","proiect":"saftica","sir":1,"status":"vandut","suprafata":605,"front":18.3,"laturi":4,"pret_total":42955,"pret_mp":71,"tva_inclus":false,"observatii":"lot de colț, deschidere pe două laturi","actualizat":"2026-08-12"}},{"type":"Feature","geometry":{"type":"Polygon","coordinates":[[[26.063275,44.615411],[26.063692,44.615397],[26.063702,44.615559],[26.063286,44.615572],[26.063275,44.615411]]]},"properties":{"id":"saftica-c4","cod":"C4","proiect":"saftica","sir":1,"status":"vandut","suprafata":593,"front":18,"laturi":4,"pret_total":38545,"pret_mp":65,"tva_inclus":false,"observatii":null,"actualizat":"2026-08-12"}},{"type":"Feature","geometry":{"type":"Polygon","coordinates":[[[26.063286,44.615572],[26.063702,44.615559],[26.063712,44.615714],[26.063295,44.615728],[26.063286,44.615572]]]},"properties":{"id":"saftica-c6","cod":"C6","proiect":"saftica","sir":1,"status":"vandut","suprafata":571,"front":17.3,"laturi":4,"pret_total":37686,"pret_mp":66,"tva_inclus":false,"observatii":null,"actualizat":"2026-08-12"}},{"type":"Feature","geometry":{"type":"Polygon","coordinates":[[[26.063295,44.615728],[26.063712,44.615714],[26.063722,44.615871],[26.063306,44.615884],[26.063295,44.615728]]]},"properties":{"id":"saftica-c8","cod":"C8","proiect":"saftica","sir":1,"status":"rezervat","suprafata":576,"front":17.5,"laturi":4,"pret_total":38592,"pret_mp":67,"tva_inclus":false,"observatii":null,"actualizat":"2026-08-12"}},{"type":"Feature","geometry":{"type":"Polygon","coordinates":[[[26.063306,44.615884],[26.063722,44.615871],[26.063733,44.616037],[26.063316,44.616051],[26.063306,44.615884]]]},"properties":{"id":"saftica-c10","cod":"C10","proiect":"saftica","sir":1,"status":"rezervat","suprafata":612,"front":18.5,"laturi":4,"pret_total":41004,"pret_mp":67,"tva_inclus":false,"observatii":null,"actualizat":"2026-08-12"}},{"type":"Feature","geometry":{"type":"Polygon","coordinates":[[[26.063316,44.616051],[26.063733,44.616037],[26.063743,44.616194],[26.063326,44.616208],[26.063316,44.616051]]]},"properties":{"id":"saftica-c12","cod":"C12","proiect":"saftica","sir":1,"status":"vandut","suprafata":575,"front":17.4,"laturi":4,"pret_total":37375,"pret_mp":65,"tva_inclus":false,"observatii":null,"actualizat":"2026-08-12"}},{"type":"Feature","geometry":{"type":"Polygon","coordinates":[[[26.063334,44.616327],[26.06375,44.616313],[26.063761,44.616483],[26.063345,44.616496],[26.063334,44.616327]]]},"properties":{"id":"saftica-c14","cod":"C14","proiect":"saftica","sir":1,"status":"disponibil","suprafata":622,"front":18.8,"laturi":4,"pret_total":41052,"pret_mp":66,"tva_inclus":false,"observatii":null,"actualizat":"2026-08-12"}},{"type":"Feature","geometry":{"type":"Polygon","coordinates":[[[26.063345,44.616496],[26.063761,44.616483],[26.063771,44.616637],[26.063355,44.61665],[26.063345,44.616496]]]},"properties":{"id":"saftica-c16","cod":"C16","proiect":"saftica","sir":1,"status":"vandut","suprafata":566,"front":17.2,"laturi":4,"pret_total":37356,"pret_mp":66,"tva_inclus":false,"observatii":null,"actualizat":"2026-08-12"}},{"type":"Feature","geometry":{"type":"Polygon","coordinates":[[[26.063355,44.61665],[26.063771,44.616637],[26.063782,44.616799],[26.063365,44.616813],[26.063355,44.61665]]]},"properties":{"id":"saftica-c18","cod":"C18","proiect":"saftica","sir":1,"status":"vandut","suprafata":596,"front":18.1,"laturi":4,"pret_total":39932,"pret_mp":67,"tva_inclus":false,"observatii":null,"actualizat":"2026-08-12"}},{"type":"Feature","geometry":{"type":"Polygon","coordinates":[[[26.063365,44.616813],[26.063782,44.616799],[26.063792,44.616966],[26.063376,44.61698],[26.063365,44.616813]]]},"properties":{"id":"saftica-c20","cod":"C20","proiect":"saftica","sir":1,"status":"disponibil","suprafata":614,"front":18.6,"laturi":4,"pret_total":41138,"pret_mp":67,"tva_inclus":false,"observatii":null,"actualizat":"2026-08-12"}},{"type":"Feature","geometry":{"type":"Polygon","coordinates":[[[26.063376,44.61698],[26.063792,44.616966],[26.063803,44.617131],[26.063386,44.617145],[26.063376,44.61698]]]},"properties":{"id":"saftica-c22","cod":"C22","proiect":"saftica","sir":1,"status":"rezervat","suprafata":605,"front":18.3,"laturi":4,"pret_total":40535,"pret_mp":67,"tva_inclus":false,"observatii":null,"actualizat":"2026-08-12"}},{"type":"Feature","geometry":{"type":"Polygon","coordinates":[[[26.063386,44.617145],[26.063803,44.617131],[26.063812,44.617267],[26.063788,44.617286],[26.063396,44.617299],[26.063386,44.617145]]]},"properties":{"id":"saftica-c24","cod":"C24","proiect":"saftica","sir":1,"status":"disponibil","suprafata":564,"front":15.7,"laturi":5,"pret_total":37788,"pret_mp":67,"tva_inclus":false,"observatii":"formă neregulată, urmează hotarul terenului","actualizat":"2026-08-12"}},{"type":"Feature","geometry":{"type":"Polygon","coordinates":[[[26.063396,44.617299],[26.063788,44.617286],[26.063586,44.617453],[26.063407,44.617459],[26.063396,44.617299]]]},"properties":{"id":"saftica-c26","cod":"C26","proiect":"saftica","sir":1,"status":"rezervat","suprafata":403,"front":18.7,"laturi":4,"pret_total":27807,"pret_mp":69,"tva_inclus":false,"observatii":"lot de colț, deschidere pe două laturi","actualizat":"2026-08-12"}},{"type":"Feature","geometry":{"type":"Polygon","coordinates":[[[26.062848,44.615261],[26.063265,44.615247],[26.063275,44.615415],[26.062859,44.615428],[26.062848,44.615261]]]},"properties":{"id":"saftica-d1","cod":"D1","proiect":"saftica","sir":0,"status":"disponibil","suprafata":615,"front":18.6,"laturi":4,"pret_total":41820,"pret_mp":68,"tva_inclus":false,"observatii":"lot de colț, deschidere pe două laturi","actualizat":"2026-08-12"}},{"type":"Feature","geometry":{"type":"Polygon","coordinates":[[[26.062859,44.615428],[26.063275,44.615415],[26.063286,44.615577],[26.062869,44.61559],[26.062859,44.615428]]]},"properties":{"id":"saftica-d3","cod":"D3","proiect":"saftica","sir":0,"status":"vandut","suprafata":596,"front":18.1,"laturi":4,"pret_total":39932,"pret_mp":67,"tva_inclus":false,"observatii":null,"actualizat":"2026-08-12"}},{"type":"Feature","geometry":{"type":"Polygon","coordinates":[[[26.062869,44.61559],[26.063286,44.615577],[26.063296,44.615738],[26.06288,44.615751],[26.062869,44.61559]]]},"properties":{"id":"saftica-d5","cod":"D5","proiect":"saftica","sir":0,"status":"disponibil","suprafata":591,"front":17.9,"laturi":4,"pret_total":37824,"pret_mp":64,"tva_inclus":false,"observatii":null,"actualizat":"2026-08-12"}},{"type":"Feature","geometry":{"type":"Polygon","coordinates":[[[26.06288,44.615751],[26.063296,44.615738],[26.063307,44.615905],[26.06289,44.615918],[26.06288,44.615751]]]},"properties":{"id":"saftica-d7","cod":"D7","proiect":"saftica","sir":0,"status":"rezervat","suprafata":614,"front":18.6,"laturi":4,"pret_total":40524,"pret_mp":66,"tva_inclus":false,"observatii":null,"actualizat":"2026-08-12"}},{"type":"Feature","geometry":{"type":"Polygon","coordinates":[[[26.06289,44.615918],[26.063307,44.615905],[26.063317,44.61606],[26.0629,44.616073],[26.06289,44.615918]]]},"properties":{"id":"saftica-d9","cod":"D9","proiect":"saftica","sir":0,"status":"rezervat","suprafata":569,"front":17.2,"laturi":4,"pret_total":36416,"pret_mp":64,"tva_inclus":false,"observatii":null,"actualizat":"2026-08-12"}},{"type":"Feature","geometry":{"type":"Polygon","coordinates":[[[26.0629,44.616073],[26.063317,44.61606],[26.063327,44.616218],[26.06291,44.616231],[26.0629,44.616073]]]},"properties":{"id":"saftica-d11","cod":"D11","proiect":"saftica","sir":0,"status":"disponibil","suprafata":581,"front":17.6,"laturi":4,"pret_total":37184,"pret_mp":64,"tva_inclus":false,"observatii":null,"actualizat":"2026-08-12"}},{"type":"Feature","geometry":{"type":"Polygon","coordinates":[[[26.062917,44.61634],[26.063334,44.616327],[26.063345,44.616496],[26.062928,44.616509],[26.062917,44.61634]]]},"properties":{"id":"saftica-d13","cod":"D13","proiect":"saftica","sir":0,"status":"disponibil","suprafata":620,"front":18.8,"laturi":4,"pret_total":41540,"pret_mp":67,"tva_inclus":false,"observatii":null,"actualizat":"2026-08-12"}},{"type":"Feature","geometry":{"type":"Polygon","coordinates":[[[26.062928,44.616509],[26.063345,44.616496],[26.063355,44.61665],[26.062938,44.616664],[26.062928,44.616509]]]},"properties":{"id":"saftica-d15","cod":"D15","proiect":"saftica","sir":0,"status":"disponibil","suprafata":568,"front":17.2,"laturi":4,"pret_total":36920,"pret_mp":65,"tva_inclus":false,"observatii":null,"actualizat":"2026-08-12"}},{"type":"Feature","geometry":{"type":"Polygon","coordinates":[[[26.062938,44.616664],[26.063355,44.61665],[26.063365,44.616813],[26.062949,44.616827],[26.062938,44.616664]]]},"properties":{"id":"saftica-d17","cod":"D17","proiect":"saftica","sir":0,"status":"disponibil","suprafata":598,"front":18.1,"laturi":4,"pret_total":40066,"pret_mp":67,"tva_inclus":false,"observatii":null,"actualizat":"2026-08-12"}},{"type":"Feature","geometry":{"type":"Polygon","coordinates":[[[26.062949,44.616827],[26.063365,44.616813],[26.063376,44.61698],[26.062959,44.616994],[26.062949,44.616827]]]},"properties":{"id":"saftica-d19","cod":"D19","proiect":"saftica","sir":0,"status":"disponibil","suprafata":613,"front":18.6,"laturi":4,"pret_total":39845,"pret_mp":65,"tva_inclus":false,"observatii":null,"actualizat":"2026-08-12"}},{"type":"Feature","geometry":{"type":"Polygon","coordinates":[[[26.062959,44.616994],[26.063376,44.61698],[26.063386,44.617136],[26.062969,44.617149],[26.062959,44.616994]]]},"properties":{"id":"saftica-d21","cod":"D21","proiect":"saftica","sir":0,"status":"disponibil","suprafata":572,"front":17.3,"laturi":4,"pret_total":36608,"pret_mp":64,"tva_inclus":false,"observatii":null,"actualizat":"2026-08-12"}},{"type":"Feature","geometry":{"type":"Polygon","coordinates":[[[26.062969,44.617149],[26.063386,44.617136],[26.063397,44.617303],[26.06298,44.617317],[26.062969,44.617149]]]},"properties":{"id":"saftica-d23","cod":"D23","proiect":"saftica","sir":0,"status":"disponibil","suprafata":615,"front":18.6,"laturi":4,"pret_total":41205,"pret_mp":67,"tva_inclus":false,"observatii":null,"actualizat":"2026-08-12"}},{"type":"Feature","geometry":{"type":"Polygon","coordinates":[[[26.06298,44.617317],[26.063397,44.617303],[26.063407,44.617459],[26.06299,44.617472],[26.06298,44.617317]]]},"properties":{"id":"saftica-d25","cod":"D25","proiect":"saftica","sir":0,"status":"disponibil","suprafata":571,"front":17.3,"laturi":4,"pret_total":36544,"pret_mp":64,"tva_inclus":false,"observatii":null,"actualizat":"2026-08-12"}},{"type":"Feature","geometry":{"type":"Polygon","coordinates":[[[26.062995,44.617544],[26.063411,44.617531],[26.063415,44.617593],[26.063293,44.617694],[26.063005,44.617704],[26.062995,44.617544]]]},"properties":{"id":"saftica-d27","cod":"D27","proiect":"saftica","sir":0,"status":"disponibil","suprafata":531,"front":17.7,"laturi":5,"pret_total":36108,"pret_mp":68,"tva_inclus":false,"observatii":"lot de colț, deschidere pe două laturi, formă neregulată, urmează hotarul terenului","actualizat":"2026-08-12"}},{"type":"Feature","geometry":{"type":"Polygon","coordinates":[[[26.06231,44.615153],[26.062729,44.615171],[26.062735,44.615267],[26.062318,44.61528],[26.06231,44.615153]]]},"properties":{"id":"saftica-d2","cod":"D2","proiect":"saftica","sir":1,"status":"disponibil","suprafata":408,"front":10.7,"laturi":4,"pret_total":26112,"pret_mp":64,"tva_inclus":false,"observatii":"lot de colț, deschidere pe două laturi","actualizat":"2026-08-12"}},{"type":"Feature","geometry":{"type":"Polygon","coordinates":[[[26.062318,44.61528],[26.062735,44.615267],[26.062745,44.615421],[26.062328,44.615434],[26.062318,44.61528]]]},"properties":{"id":"saftica-d4","cod":"D4","proiect":"saftica","sir":1,"status":"vandut","suprafata":566,"front":17.2,"laturi":4,"pret_total":36790,"pret_mp":65,"tva_inclus":false,"observatii":null,"actualizat":"2026-08-12"}},{"type":"Feature","geometry":{"type":"Polygon","coordinates":[[[26.062328,44.615434],[26.062745,44.615421],[26.062755,44.615585],[26.062339,44.615599],[26.062328,44.615434]]]},"properties":{"id":"saftica-d6","cod":"D6","proiect":"saftica","sir":1,"status":"disponibil","suprafata":603,"front":18.3,"laturi":4,"pret_total":39195,"pret_mp":65,"tva_inclus":false,"observatii":null,"actualizat":"2026-08-12"}},{"type":"Feature","geometry":{"type":"Polygon","coordinates":[[[26.062339,44.615599],[26.062755,44.615585],[26.062765,44.615742],[26.062349,44.615756],[26.062339,44.615599]]]},"properties":{"id":"saftica-d8","cod":"D8","proiect":"saftica","sir":1,"status":"vandut","suprafata":578,"front":17.5,"laturi":4,"pret_total":36992,"pret_mp":64,"tva_inclus":false,"observatii":null,"actualizat":"2026-08-12"}},{"type":"Feature","geometry":{"type":"Polygon","coordinates":[[[26.062349,44.615756],[26.062765,44.615742],[26.062776,44.615902],[26.062359,44.615916],[26.062349,44.615756]]]},"properties":{"id":"saftica-d10","cod":"D10","proiect":"saftica","sir":1,"status":"disponibil","suprafata":588,"front":17.8,"laturi":4,"pret_total":38808,"pret_mp":66,"tva_inclus":false,"observatii":null,"actualizat":"2026-08-12"}},{"type":"Feature","geometry":{"type":"Polygon","coordinates":[[[26.062359,44.615916],[26.062776,44.615902],[26.062786,44.616069],[26.06237,44.616082],[26.062359,44.615916]]]},"properties":{"id":"saftica-d12","cod":"D12","proiect":"saftica","sir":1,"status":"disponibil","suprafata":611,"front":18.5,"laturi":4,"pret_total":39715,"pret_mp":65,"tva_inclus":false,"observatii":null,"actualizat":"2026-08-12"}},{"type":"Feature","geometry":{"type":"Polygon","coordinates":[[[26.06237,44.616082],[26.062786,44.616069],[26.062797,44.616232],[26.06238,44.616245],[26.06237,44.616082]]]},"properties":{"id":"saftica-d14","cod":"D14","proiect":"saftica","sir":1,"status":"disponibil","suprafata":598,"front":18.1,"laturi":4,"pret_total":38870,"pret_mp":65,"tva_inclus":false,"observatii":null,"actualizat":"2026-08-12"}},{"type":"Feature","geometry":{"type":"Polygon","coordinates":[[[26.062387,44.616358],[26.062804,44.616344],[26.062815,44.616513],[26.062398,44.616526],[26.062387,44.616358]]]},"properties":{"id":"saftica-d16","cod":"D16","proiect":"saftica","sir":1,"status":"rezervat","suprafata":619,"front":18.8,"laturi":4,"pret_total":41473,"pret_mp":67,"tva_inclus":false,"observatii":null,"actualizat":"2026-08-12"}},{"type":"Feature","geometry":{"type":"Polygon","coordinates":[[[26.062398,44.616526],[26.062815,44.616513],[26.062825,44.616669],[26.062408,44.616683],[26.062398,44.616526]]]},"properties":{"id":"saftica-d18","cod":"D18","proiect":"saftica","sir":1,"status":"disponibil","suprafata":576,"front":17.4,"laturi":4,"pret_total":37440,"pret_mp":65,"tva_inclus":false,"observatii":null,"actualizat":"2026-08-12"}},{"type":"Feature","geometry":{"type":"Polygon","coordinates":[[[26.062408,44.616683],[26.062825,44.616669],[26.062836,44.616839],[26.062419,44.616852],[26.062408,44.616683]]]},"properties":{"id":"saftica-d20","cod":"D20","proiect":"saftica","sir":1,"status":"disponibil","suprafata":621,"front":18.8,"laturi":4,"pret_total":40986,"pret_mp":66,"tva_inclus":false,"observatii":null,"actualizat":"2026-08-12"}},{"type":"Feature","geometry":{"type":"Polygon","coordinates":[[[26.062419,44.616852],[26.062836,44.616839],[26.062846,44.616997],[26.062429,44.61701],[26.062419,44.616852]]]},"properties":{"id":"saftica-d22","cod":"D22","proiect":"saftica","sir":1,"status":"disponibil","suprafata":581,"front":17.6,"laturi":4,"pret_total":37765,"pret_mp":65,"tva_inclus":false,"observatii":null,"actualizat":"2026-08-12"}},{"type":"Feature","geometry":{"type":"Polygon","coordinates":[[[26.062429,44.61701],[26.062846,44.616997],[26.062856,44.617155],[26.062439,44.617168],[26.062429,44.61701]]]},"properties":{"id":"saftica-d24","cod":"D24","proiect":"saftica","sir":1,"status":"disponibil","suprafata":581,"front":17.6,"laturi":4,"pret_total":37765,"pret_mp":65,"tva_inclus":false,"observatii":null,"actualizat":"2026-08-12"}},{"type":"Feature","geometry":{"type":"Polygon","coordinates":[[[26.062439,44.617168],[26.062856,44.617155],[26.062866,44.617316],[26.06245,44.617329],[26.062439,44.617168]]]},"properties":{"id":"saftica-d26","cod":"D26","proiect":"saftica","sir":1,"status":"disponibil","suprafata":590,"front":17.9,"laturi":4,"pret_total":39530,"pret_mp":67,"tva_inclus":false,"observatii":null,"actualizat":"2026-08-12"}},{"type":"Feature","geometry":{"type":"Polygon","coordinates":[[[26.06245,44.617329],[26.062866,44.617316],[26.062877,44.617476],[26.06246,44.617489],[26.06245,44.617329]]]},"properties":{"id":"saftica-d28","cod":"D28","proiect":"saftica","sir":1,"status":"disponibil","suprafata":589,"front":17.9,"laturi":4,"pret_total":37696,"pret_mp":64,"tva_inclus":false,"observatii":null,"actualizat":"2026-08-12"}},{"type":"Feature","geometry":{"type":"Polygon","coordinates":[[[26.062465,44.617561],[26.062881,44.617548],[26.062892,44.617712],[26.062475,44.617725],[26.062465,44.617561]]]},"properties":{"id":"saftica-d30","cod":"D30","proiect":"saftica","sir":1,"status":"disponibil","suprafata":603,"front":18.3,"laturi":4,"pret_total":39798,"pret_mp":66,"tva_inclus":false,"observatii":null,"actualizat":"2026-08-12"}},{"type":"Feature","geometry":{"type":"Polygon","coordinates":[[[26.062475,44.617725],[26.062892,44.617712],[26.062903,44.61788],[26.062486,44.617894],[26.062475,44.617725]]]},"properties":{"id":"saftica-d32","cod":"D32","proiect":"saftica","sir":1,"status":"rezervat","suprafata":619,"front":18.7,"laturi":4,"pret_total":40854,"pret_mp":66,"tva_inclus":false,"observatii":null,"actualizat":"2026-08-12"}},{"type":"Feature","geometry":{"type":"Polygon","coordinates":[[[26.062486,44.617894],[26.062903,44.61788],[26.062912,44.618025],[26.062892,44.618043],[26.062496,44.618056],[26.062486,44.617894]]]},"properties":{"id":"saftica-d34","cod":"D34","proiect":"saftica","sir":1,"status":"disponibil","suprafata":594,"front":16.8,"laturi":5,"pret_total":40986,"pret_mp":69,"tva_inclus":false,"observatii":"lot de colț, deschidere pe două laturi, formă neregulată, urmează hotarul terenului","actualizat":"2026-08-12"}},{"type":"Feature","geometry":{"type":"Polygon","coordinates":[[[26.061892,44.615136],[26.06231,44.615153],[26.062319,44.615287],[26.061902,44.615301],[26.061892,44.615136]]]},"properties":{"id":"saftica-e1","cod":"E1","proiect":"saftica","sir":0,"status":"rezervat","suprafata":549,"front":18.4,"laturi":4,"pret_total":36234,"pret_mp":66,"tva_inclus":false,"observatii":"lot de colț, deschidere pe două laturi","actualizat":"2026-08-12"}},{"type":"Feature","geometry":{"type":"Polygon","coordinates":[[[26.061902,44.615301],[26.062319,44.615287],[26.062329,44.61545],[26.061913,44.615464],[26.061902,44.615301]]]},"properties":{"id":"saftica-e3","cod":"E3","proiect":"saftica","sir":0,"status":"disponibil","suprafata":599,"front":18.1,"laturi":4,"pret_total":39534,"pret_mp":66,"tva_inclus":false,"observatii":null,"actualizat":"2026-08-12"}},{"type":"Feature","geometry":{"type":"Polygon","coordinates":[[[26.061913,44.615464],[26.062329,44.61545],[26.062339,44.615606],[26.061923,44.61562],[26.061913,44.615464]]]},"properties":{"id":"saftica-e5","cod":"E5","proiect":"saftica","sir":0,"status":"disponibil","suprafata":573,"front":17.4,"laturi":4,"pret_total":36672,"pret_mp":64,"tva_inclus":false,"observatii":null,"actualizat":"2026-08-12"}},{"type":"Feature","geometry":{"type":"Polygon","coordinates":[[[26.061923,44.61562],[26.062339,44.615606],[26.06235,44.615772],[26.061933,44.615785],[26.061923,44.61562]]]},"properties":{"id":"saftica-e7","cod":"E7","proiect":"saftica","sir":0,"status":"disponibil","suprafata":607,"front":18.4,"laturi":4,"pret_total":40062,"pret_mp":66,"tva_inclus":false,"observatii":null,"actualizat":"2026-08-12"}},{"type":"Feature","geometry":{"type":"Polygon","coordinates":[[[26.061933,44.615785],[26.06235,44.615772],[26.06236,44.615931],[26.061943,44.615944],[26.061933,44.615785]]]},"properties":{"id":"saftica-e9","cod":"E9","proiect":"saftica","sir":0,"status":"disponibil","suprafata":585,"front":17.7,"laturi":4,"pret_total":37440,"pret_mp":64,"tva_inclus":false,"observatii":null,"actualizat":"2026-08-12"}},{"type":"Feature","geometry":{"type":"Polygon","coordinates":[[[26.061943,44.615944],[26.06236,44.615931],[26.062371,44.616096],[26.061954,44.616109],[26.061943,44.615944]]]},"properties":{"id":"saftica-e11","cod":"E11","proiect":"saftica","sir":0,"status":"rezervat","suprafata":606,"front":18.4,"laturi":4,"pret_total":39996,"pret_mp":66,"tva_inclus":false,"observatii":null,"actualizat":"2026-08-12"}},{"type":"Feature","geometry":{"type":"Polygon","coordinates":[[[26.061954,44.616109],[26.062371,44.616096],[26.062381,44.616251],[26.061964,44.616264],[26.061954,44.616109]]]},"properties":{"id":"saftica-e13","cod":"E13","proiect":"saftica","sir":0,"status":"disponibil","suprafata":570,"front":17.3,"laturi":4,"pret_total":36480,"pret_mp":64,"tva_inclus":false,"observatii":null,"actualizat":"2026-08-12"}},{"type":"Feature","geometry":{"type":"Polygon","coordinates":[[[26.061971,44.616371],[26.062387,44.616358],[26.062398,44.616522],[26.061981,44.616535],[26.061971,44.616371]]]},"properties":{"id":"saftica-e15","cod":"E15","proiect":"saftica","sir":0,"status":"rezervat","suprafata":603,"front":18.3,"laturi":4,"pret_total":38592,"pret_mp":64,"tva_inclus":false,"observatii":null,"actualizat":"2026-08-12"}},{"type":"Feature","geometry":{"type":"Polygon","coordinates":[[[26.061981,44.616535],[26.062398,44.616522],[26.062408,44.616685],[26.061992,44.616698],[26.061981,44.616535]]]},"properties":{"id":"saftica-e17","cod":"E17","proiect":"saftica","sir":0,"status":"disponibil","suprafata":598,"front":18.1,"laturi":4,"pret_total":38870,"pret_mp":65,"tva_inclus":false,"observatii":null,"actualizat":"2026-08-12"}},{"type":"Feature","geometry":{"type":"Polygon","coordinates":[[[26.061992,44.616698],[26.062408,44.616685],[26.062418,44.61684],[26.062002,44.616854],[26.061992,44.616698]]]},"properties":{"id":"saftica-e19","cod":"E19","proiect":"saftica","sir":0,"status":"disponibil","suprafata":572,"front":17.3,"laturi":4,"pret_total":36608,"pret_mp":64,"tva_inclus":false,"observatii":null,"actualizat":"2026-08-12"}},{"type":"Feature","geometry":{"type":"Polygon","coordinates":[[[26.062002,44.616854],[26.062418,44.61684],[26.062429,44.61701],[26.062013,44.617023],[26.062002,44.616854]]]},"properties":{"id":"saftica-e21","cod":"E21","proiect":"saftica","sir":0,"status":"rezervat","suprafata":622,"front":18.8,"laturi":4,"pret_total":39808,"pret_mp":64,"tva_inclus":false,"observatii":null,"actualizat":"2026-08-12"}},{"type":"Feature","geometry":{"type":"Polygon","coordinates":[[[26.062013,44.617023],[26.062429,44.61701],[26.062439,44.617165],[26.062023,44.617178],[26.062013,44.617023]]]},"properties":{"id":"saftica-e23","cod":"E23","proiect":"saftica","sir":0,"status":"disponibil","suprafata":571,"front":17.3,"laturi":4,"pret_total":37686,"pret_mp":66,"tva_inclus":false,"observatii":null,"actualizat":"2026-08-12"}},{"type":"Feature","geometry":{"type":"Polygon","coordinates":[[[26.062023,44.617178],[26.062439,44.617165],[26.06245,44.617325],[26.062033,44.617339],[26.062023,44.617178]]]},"properties":{"id":"saftica-e25","cod":"E25","proiect":"saftica","sir":0,"status":"disponibil","suprafata":589,"front":17.9,"laturi":4,"pret_total":39463,"pret_mp":67,"tva_inclus":false,"observatii":null,"actualizat":"2026-08-12"}},{"type":"Feature","geometry":{"type":"Polygon","coordinates":[[[26.062033,44.617339],[26.06245,44.617325],[26.06246,44.617483],[26.062043,44.617497],[26.062033,44.617339]]]},"properties":{"id":"saftica-e27","cod":"E27","proiect":"saftica","sir":0,"status":"disponibil","suprafata":580,"front":17.6,"laturi":4,"pret_total":36540,"pret_mp":63,"tva_inclus":false,"observatii":null,"actualizat":"2026-08-12"}},{"type":"Feature","geometry":{"type":"Polygon","coordinates":[[[26.062048,44.617575],[26.062465,44.617561],[26.062475,44.617716],[26.062058,44.61773],[26.062048,44.617575]]]},"properties":{"id":"saftica-e29","cod":"E29","proiect":"saftica","sir":0,"status":"disponibil","suprafata":569,"front":17.3,"laturi":4,"pret_total":36985,"pret_mp":65,"tva_inclus":false,"observatii":null,"actualizat":"2026-08-12"}},{"type":"Feature","geometry":{"type":"Polygon","coordinates":[[[26.062058,44.61773],[26.062475,44.617716],[26.062485,44.617885],[26.062069,44.617898],[26.062058,44.61773]]]},"properties":{"id":"saftica-e31","cod":"E31","proiect":"saftica","sir":0,"status":"disponibil","suprafata":619,"front":18.7,"laturi":4,"pret_total":40235,"pret_mp":65,"tva_inclus":false,"observatii":null,"actualizat":"2026-08-12"}},{"type":"Feature","geometry":{"type":"Polygon","coordinates":[[[26.062069,44.617898],[26.062485,44.617885],[26.062496,44.61805],[26.06208,44.618064],[26.062069,44.617898]]]},"properties":{"id":"saftica-e33","cod":"E33","proiect":"saftica","sir":0,"status":"disponibil","suprafata":608,"front":18.4,"laturi":4,"pret_total":39520,"pret_mp":65,"tva_inclus":false,"observatii":null,"actualizat":"2026-08-12"}},{"type":"Feature","geometry":{"type":"Polygon","coordinates":[[[26.06208,44.618064],[26.062496,44.61805],[26.062501,44.618132],[26.062467,44.618127],[26.062455,44.618126],[26.062443,44.618127],[26.062431,44.618129],[26.06242,44.618133],[26.06241,44.618139],[26.062402,44.618145],[26.062396,44.618153],[26.062392,44.618161],[26.062391,44.61817],[26.062392,44.618179],[26.062395,44.618187],[26.062401,44.618195],[26.062409,44.618202],[26.062418,44.618208],[26.062429,44.618212],[26.062441,44.618215],[26.062465,44.618219],[26.06209,44.618231],[26.06208,44.618064]]]},"properties":{"id":"saftica-e35","cod":"E35","proiect":"saftica","sir":0,"status":"disponibil","suprafata":535,"front":18.6,"laturi":22,"pret_total":34775,"pret_mp":65,"tva_inclus":false,"observatii":"formă neregulată, urmează hotarul terenului","actualizat":"2026-08-12"}},{"type":"Feature","geometry":{"type":"Polygon","coordinates":[[[26.06209,44.618231],[26.062465,44.618219],[26.062507,44.618225],[26.062517,44.61838],[26.062101,44.618394],[26.06209,44.618231]]]},"properties":{"id":"saftica-e37","cod":"E37","proiect":"saftica","sir":0,"status":"disponibil","suprafata":597,"front":18.1,"laturi":5,"pret_total":39402,"pret_mp":66,"tva_inclus":false,"observatii":"formă neregulată, urmează hotarul terenului","actualizat":"2026-08-12"}},{"type":"Feature","geometry":{"type":"Polygon","coordinates":[[[26.062101,44.618394],[26.062517,44.61838],[26.062518,44.618387],[26.062348,44.618543],[26.062111,44.61855],[26.062101,44.618394]]]},"properties":{"id":"saftica-e39","cod":"E39","proiect":"saftica","sir":0,"status":"disponibil","suprafata":456,"front":17.4,"laturi":5,"pret_total":31008,"pret_mp":68,"tva_inclus":false,"observatii":"lot de colț, deschidere pe două laturi, formă neregulată, urmează hotarul terenului","actualizat":"2026-08-12"}},{"type":"Feature","geometry":{"type":"Polygon","coordinates":[[[26.061361,44.615149],[26.061778,44.615135],[26.061789,44.615304],[26.061372,44.615317],[26.061361,44.615149]]]},"properties":{"id":"saftica-e2","cod":"E2","proiect":"saftica","sir":1,"status":"disponibil","suprafata":618,"front":18.7,"laturi":4,"pret_total":42024,"pret_mp":68,"tva_inclus":false,"observatii":"lot de colț, deschidere pe două laturi","actualizat":"2026-08-12"}},{"type":"Feature","geometry":{"type":"Polygon","coordinates":[[[26.061372,44.615317],[26.061789,44.615304],[26.061799,44.615469],[26.061383,44.615483],[26.061372,44.615317]]]},"properties":{"id":"saftica-e4","cod":"E4","proiect":"saftica","sir":1,"status":"disponibil","suprafata":608,"front":18.4,"laturi":4,"pret_total":38912,"pret_mp":64,"tva_inclus":false,"observatii":null,"actualizat":"2026-08-12"}},{"type":"Feature","geometry":{"type":"Polygon","coordinates":[[[26.061383,44.615483],[26.061799,44.615469],[26.06181,44.615632],[26.061393,44.615645],[26.061383,44.615483]]]},"properties":{"id":"saftica-e6","cod":"E6","proiect":"saftica","sir":1,"status":"rezervat","suprafata":596,"front":18.1,"laturi":4,"pret_total":38144,"pret_mp":64,"tva_inclus":false,"observatii":null,"actualizat":"2026-08-12"}},{"type":"Feature","geometry":{"type":"Polygon","coordinates":[[[26.061393,44.615645],[26.06181,44.615632],[26.06182,44.615799],[26.061404,44.615813],[26.061393,44.615645]]]},"properties":{"id":"saftica-e8","cod":"E8","proiect":"saftica","sir":1,"status":"disponibil","suprafata":616,"front":18.7,"laturi":4,"pret_total":40656,"pret_mp":66,"tva_inclus":false,"observatii":null,"actualizat":"2026-08-12"}},{"type":"Feature","geometry":{"type":"Polygon","coordinates":[[[26.061404,44.615813],[26.06182,44.615799],[26.061831,44.615961],[26.061414,44.615974],[26.061404,44.615813]]]},"properties":{"id":"saftica-e10","cod":"E10","proiect":"saftica","sir":1,"status":"disponibil","suprafata":593,"front":18,"laturi":4,"pret_total":37359,"pret_mp":63,"tva_inclus":false,"observatii":null,"actualizat":"2026-08-12"}},{"type":"Feature","geometry":{"type":"Polygon","coordinates":[[[26.061414,44.615974],[26.061831,44.615961],[26.061841,44.616117],[26.061424,44.61613],[26.061414,44.615974]]]},"properties":{"id":"saftica-e12","cod":"E12","proiect":"saftica","sir":1,"status":"disponibil","suprafata":573,"front":17.4,"laturi":4,"pret_total":37245,"pret_mp":65,"tva_inclus":false,"observatii":null,"actualizat":"2026-08-12"}},{"type":"Feature","geometry":{"type":"Polygon","coordinates":[[[26.061424,44.61613],[26.061841,44.616117],[26.061851,44.616279],[26.061435,44.616293],[26.061424,44.61613]]]},"properties":{"id":"saftica-e14","cod":"E14","proiect":"saftica","sir":1,"status":"rezervat","suprafata":597,"front":18.1,"laturi":4,"pret_total":39402,"pret_mp":66,"tva_inclus":false,"observatii":null,"actualizat":"2026-08-12"}},{"type":"Feature","geometry":{"type":"Polygon","coordinates":[[[26.061441,44.616388],[26.061857,44.616375],[26.061867,44.616531],[26.061451,44.616545],[26.061441,44.616388]]]},"properties":{"id":"saftica-e16","cod":"E16","proiect":"saftica","sir":1,"status":"disponibil","suprafata":573,"front":17.4,"laturi":4,"pret_total":36672,"pret_mp":64,"tva_inclus":false,"observatii":null,"actualizat":"2026-08-12"}},{"type":"Feature","geometry":{"type":"Polygon","coordinates":[[[26.061451,44.616545],[26.061867,44.616531],[26.061878,44.6167],[26.061462,44.616713],[26.061451,44.616545]]]},"properties":{"id":"saftica-e18","cod":"E18","proiect":"saftica","sir":1,"status":"disponibil","suprafata":619,"front":18.8,"laturi":4,"pret_total":40235,"pret_mp":65,"tva_inclus":false,"observatii":null,"actualizat":"2026-08-12"}},{"type":"Feature","geometry":{"type":"Polygon","coordinates":[[[26.061462,44.616713],[26.061878,44.6167],[26.061888,44.616854],[26.061472,44.616867],[26.061462,44.616713]]]},"properties":{"id":"saftica-e20","cod":"E20","proiect":"saftica","sir":1,"status":"disponibil","suprafata":567,"front":17.2,"laturi":4,"pret_total":35721,"pret_mp":63,"tva_inclus":false,"observatii":null,"actualizat":"2026-08-12"}},{"type":"Feature","geometry":{"type":"Polygon","coordinates":[[[26.061472,44.616867],[26.061888,44.616854],[26.061898,44.617013],[26.061482,44.617026],[26.061472,44.616867]]]},"properties":{"id":"saftica-e22","cod":"E22","proiect":"saftica","sir":1,"status":"disponibil","suprafata":582,"front":17.7,"laturi":4,"pret_total":37248,"pret_mp":64,"tva_inclus":false,"observatii":null,"actualizat":"2026-08-12"}},{"type":"Feature","geometry":{"type":"Polygon","coordinates":[[[26.061482,44.617026],[26.061898,44.617013],[26.061909,44.617174],[26.061492,44.617188],[26.061482,44.617026]]]},"properties":{"id":"saftica-e24","cod":"E24","proiect":"saftica","sir":1,"status":"disponibil","suprafata":595,"front":18,"laturi":4,"pret_total":38080,"pret_mp":64,"tva_inclus":false,"observatii":null,"actualizat":"2026-08-12"}},{"type":"Feature","geometry":{"type":"Polygon","coordinates":[[[26.061492,44.617188],[26.061909,44.617174],[26.061919,44.617334],[26.061502,44.617347],[26.061492,44.617188]]]},"properties":{"id":"saftica-e26","cod":"E26","proiect":"saftica","sir":1,"status":"disponibil","suprafata":586,"front":17.7,"laturi":4,"pret_total":37504,"pret_mp":64,"tva_inclus":false,"observatii":null,"actualizat":"2026-08-12"}},{"type":"Feature","geometry":{"type":"Polygon","coordinates":[[[26.061502,44.617347],[26.061919,44.617334],[26.061929,44.617488],[26.061512,44.617502],[26.061502,44.617347]]]},"properties":{"id":"saftica-e28","cod":"E28","proiect":"saftica","sir":1,"status":"disponibil","suprafata":567,"front":17.2,"laturi":4,"pret_total":37422,"pret_mp":66,"tva_inclus":false,"observatii":null,"actualizat":"2026-08-12"}},{"type":"Feature","geometry":{"type":"Polygon","coordinates":[[[26.061518,44.617592],[26.061935,44.617579],[26.061945,44.617733],[26.061528,44.617747],[26.061518,44.617592]]]},"properties":{"id":"saftica-e30","cod":"E30","proiect":"saftica","sir":1,"status":"disponibil","suprafata":568,"front":17.2,"laturi":4,"pret_total":36352,"pret_mp":64,"tva_inclus":false,"observatii":null,"actualizat":"2026-08-12"}},{"type":"Feature","geometry":{"type":"Polygon","coordinates":[[[26.061528,44.617747],[26.061945,44.617733],[26.061955,44.617896],[26.061539,44.61791],[26.061528,44.617747]]]},"properties":{"id":"saftica-e32","cod":"E32","proiect":"saftica","sir":1,"status":"disponibil","suprafata":599,"front":18.1,"laturi":4,"pret_total":38935,"pret_mp":65,"tva_inclus":false,"observatii":null,"actualizat":"2026-08-12"}},{"type":"Feature","geometry":{"type":"Polygon","coordinates":[[[26.061539,44.61791],[26.061955,44.617896],[26.061965,44.618056],[26.061549,44.61807],[26.061539,44.61791]]]},"properties":{"id":"saftica-e34","cod":"E34","proiect":"saftica","sir":1,"status":"disponibil","suprafata":586,"front":17.8,"laturi":4,"pret_total":37504,"pret_mp":64,"tva_inclus":false,"observatii":null,"actualizat":"2026-08-12"}},{"type":"Feature","geometry":{"type":"Polygon","coordinates":[[[26.061549,44.61807],[26.061965,44.618056],[26.061975,44.618213],[26.061559,44.618227],[26.061549,44.61807]]]},"properties":{"id":"saftica-e36","cod":"E36","proiect":"saftica","sir":1,"status":"disponibil","suprafata":578,"front":17.5,"laturi":4,"pret_total":36992,"pret_mp":64,"tva_inclus":false,"observatii":null,"actualizat":"2026-08-12"}},{"type":"Feature","geometry":{"type":"Polygon","coordinates":[[[26.061559,44.618227],[26.061975,44.618213],[26.061986,44.618372],[26.061569,44.618386],[26.061559,44.618227]]]},"properties":{"id":"saftica-e38","cod":"E38","proiect":"saftica","sir":1,"status":"disponibil","suprafata":584,"front":17.7,"laturi":4,"pret_total":37960,"pret_mp":65,"tva_inclus":false,"observatii":null,"actualizat":"2026-08-12"}},{"type":"Feature","geometry":{"type":"Polygon","coordinates":[[[26.061569,44.618386],[26.061986,44.618372],[26.061996,44.618538],[26.06158,44.618552],[26.061569,44.618386]]]},"properties":{"id":"saftica-e40","cod":"E40","proiect":"saftica","sir":1,"status":"disponibil","suprafata":610,"front":18.5,"laturi":4,"pret_total":39040,"pret_mp":64,"tva_inclus":false,"observatii":null,"actualizat":"2026-08-12"}},{"type":"Feature","geometry":{"type":"Polygon","coordinates":[[[26.06158,44.618552],[26.061996,44.618538],[26.062007,44.618704],[26.06159,44.618717],[26.06158,44.618552]]]},"properties":{"id":"saftica-e42","cod":"E42","proiect":"saftica","sir":1,"status":"disponibil","suprafata":607,"front":18.4,"laturi":4,"pret_total":42490,"pret_mp":70,"tva_inclus":false,"observatii":"lot de colț, deschidere pe două laturi","actualizat":"2026-08-12"}},{"type":"Feature","geometry":{"type":"Polygon","coordinates":[[[26.060948,44.615218],[26.061107,44.615157],[26.061361,44.615149],[26.061371,44.615306],[26.060955,44.61532],[26.060948,44.615218]]]},"properties":{"id":"saftica-f1","cod":"F1","proiect":"saftica","sir":0,"status":"rezervat","suprafata":537,"front":11.6,"laturi":5,"pret_total":33831,"pret_mp":63,"tva_inclus":false,"observatii":"lot de colț, deschidere pe două laturi, formă neregulată, urmează hotarul terenului","actualizat":"2026-08-12"}},{"type":"Feature","geometry":{"type":"Polygon","coordinates":[[[26.060955,44.61532],[26.061371,44.615306],[26.061382,44.615465],[26.060965,44.615479],[26.060955,44.61532]]]},"properties":{"id":"saftica-f3","cod":"F3","proiect":"saftica","sir":0,"status":"rezervat","suprafata":584,"front":17.7,"laturi":4,"pret_total":37376,"pret_mp":64,"tva_inclus":false,"observatii":null,"actualizat":"2026-08-12"}},{"type":"Feature","geometry":{"type":"Polygon","coordinates":[[[26.060965,44.615479],[26.061382,44.615465],[26.061392,44.615621],[26.060975,44.615635],[26.060965,44.615479]]]},"properties":{"id":"saftica-f5","cod":"F5","proiect":"saftica","sir":0,"status":"disponibil","suprafata":574,"front":17.4,"laturi":4,"pret_total":37310,"pret_mp":65,"tva_inclus":false,"observatii":null,"actualizat":"2026-08-12"}},{"type":"Feature","geometry":{"type":"Polygon","coordinates":[[[26.060975,44.615635],[26.061392,44.615621],[26.061402,44.615787],[26.060986,44.6158],[26.060975,44.615635]]]},"properties":{"id":"saftica-f7","cod":"F7","proiect":"saftica","sir":0,"status":"rezervat","suprafata":608,"front":18.4,"laturi":4,"pret_total":40128,"pret_mp":66,"tva_inclus":false,"observatii":null,"actualizat":"2026-08-12"}},{"type":"Feature","geometry":{"type":"Polygon","coordinates":[[[26.060986,44.6158],[26.061402,44.615787],[26.061413,44.615956],[26.060997,44.615969],[26.060986,44.6158]]]},"properties":{"id":"saftica-f9","cod":"F9","proiect":"saftica","sir":0,"status":"disponibil","suprafata":620,"front":18.8,"laturi":4,"pret_total":39060,"pret_mp":63,"tva_inclus":false,"observatii":null,"actualizat":"2026-08-12"}},{"type":"Feature","geometry":{"type":"Polygon","coordinates":[[[26.060997,44.615969],[26.061413,44.615956],[26.061424,44.616121],[26.061007,44.616134],[26.060997,44.615969]]]},"properties":{"id":"saftica-f11","cod":"F11","proiect":"saftica","sir":0,"status":"disponibil","suprafata":607,"front":18.4,"laturi":4,"pret_total":38848,"pret_mp":64,"tva_inclus":false,"observatii":null,"actualizat":"2026-08-12"}},{"type":"Feature","geometry":{"type":"Polygon","coordinates":[[[26.061007,44.616134],[26.061424,44.616121],[26.061434,44.616288],[26.061018,44.616302],[26.061007,44.616134]]]},"properties":{"id":"saftica-f13","cod":"F13","proiect":"saftica","sir":0,"status":"disponibil","suprafata":616,"front":18.7,"laturi":4,"pret_total":40656,"pret_mp":66,"tva_inclus":false,"observatii":null,"actualizat":"2026-08-12"}},{"type":"Feature","geometry":{"type":"Polygon","coordinates":[[[26.061024,44.616402],[26.061441,44.616388],[26.061451,44.61655],[26.061035,44.616564],[26.061024,44.616402]]]},"properties":{"id":"saftica-f15","cod":"F15","proiect":"saftica","sir":0,"status":"disponibil","suprafata":594,"front":18,"laturi":4,"pret_total":38610,"pret_mp":65,"tva_inclus":false,"observatii":null,"actualizat":"2026-08-12"}},{"type":"Feature","geometry":{"type":"Polygon","coordinates":[[[26.061035,44.616564],[26.061451,44.61655],[26.061461,44.616708],[26.061045,44.616722],[26.061035,44.616564]]]},"properties":{"id":"saftica-f17","cod":"F17","proiect":"saftica","sir":0,"status":"disponibil","suprafata":581,"front":17.6,"laturi":4,"pret_total":37184,"pret_mp":64,"tva_inclus":false,"observatii":null,"actualizat":"2026-08-12"}},{"type":"Feature","geometry":{"type":"Polygon","coordinates":[[[26.061045,44.616722],[26.061461,44.616708],[26.061472,44.616871],[26.061055,44.616885],[26.061045,44.616722]]]},"properties":{"id":"saftica-f19","cod":"F19","proiect":"saftica","sir":0,"status":"disponibil","suprafata":597,"front":18.1,"laturi":4,"pret_total":37014,"pret_mp":62,"tva_inclus":false,"observatii":null,"actualizat":"2026-08-12"}},{"type":"Feature","geometry":{"type":"Polygon","coordinates":[[[26.061055,44.616885],[26.061472,44.616871],[26.061482,44.617028],[26.061065,44.617041],[26.061055,44.616885]]]},"properties":{"id":"saftica-f21","cod":"F21","proiect":"saftica","sir":0,"status":"disponibil","suprafata":576,"front":17.4,"laturi":4,"pret_total":37440,"pret_mp":65,"tva_inclus":false,"observatii":null,"actualizat":"2026-08-12"}},{"type":"Feature","geometry":{"type":"Polygon","coordinates":[[[26.061065,44.617041],[26.061482,44.617028],[26.061492,44.617187],[26.061076,44.6172],[26.061065,44.617041]]]},"properties":{"id":"saftica-f23","cod":"F23","proiect":"saftica","sir":0,"status":"disponibil","suprafata":584,"front":17.7,"laturi":4,"pret_total":36792,"pret_mp":63,"tva_inclus":false,"observatii":null,"actualizat":"2026-08-12"}},{"type":"Feature","geometry":{"type":"Polygon","coordinates":[[[26.061076,44.6172],[26.061492,44.617187],[26.061502,44.617344],[26.061086,44.617357],[26.061076,44.6172]]]},"properties":{"id":"saftica-f25","cod":"F25","proiect":"saftica","sir":0,"status":"disponibil","suprafata":576,"front":17.5,"laturi":4,"pret_total":37440,"pret_mp":65,"tva_inclus":false,"observatii":null,"actualizat":"2026-08-12"}},{"type":"Feature","geometry":{"type":"Polygon","coordinates":[[[26.061086,44.617357],[26.061502,44.617344],[26.061513,44.61751],[26.061096,44.617524],[26.061086,44.617357]]]},"properties":{"id":"saftica-f27","cod":"F27","proiect":"saftica","sir":0,"status":"disponibil","suprafata":612,"front":18.5,"laturi":4,"pret_total":39168,"pret_mp":64,"tva_inclus":false,"observatii":null,"actualizat":"2026-08-12"}},{"type":"Feature","geometry":{"type":"Polygon","coordinates":[[[26.061102,44.617606],[26.061518,44.617592],[26.061528,44.61775],[26.061112,44.617764],[26.061102,44.617606]]]},"properties":{"id":"saftica-f29","cod":"F29","proiect":"saftica","sir":0,"status":"disponibil","suprafata":580,"front":17.6,"laturi":4,"pret_total":37700,"pret_mp":65,"tva_inclus":false,"observatii":null,"actualizat":"2026-08-12"}},{"type":"Feature","geometry":{"type":"Polygon","coordinates":[[[26.061112,44.617764],[26.061528,44.61775],[26.061539,44.617917],[26.061122,44.617931],[26.061112,44.617764]]]},"properties":{"id":"saftica-f31","cod":"F31","proiect":"saftica","sir":0,"status":"disponibil","suprafata":614,"front":18.6,"laturi":4,"pret_total":38682,"pret_mp":63,"tva_inclus":false,"observatii":null,"actualizat":"2026-08-12"}},{"type":"Feature","geometry":{"type":"Polygon","coordinates":[[[26.061122,44.617931],[26.061539,44.617917],[26.061549,44.61808],[26.061133,44.618093],[26.061122,44.617931]]]},"properties":{"id":"saftica-f33","cod":"F33","proiect":"saftica","sir":0,"status":"disponibil","suprafata":596,"front":18.1,"laturi":4,"pret_total":38144,"pret_mp":64,"tva_inclus":false,"observatii":null,"actualizat":"2026-08-12"}},{"type":"Feature","geometry":{"type":"Polygon","coordinates":[[[26.061133,44.618093],[26.061549,44.61808],[26.06156,44.618237],[26.061143,44.618251],[26.061133,44.618093]]]},"properties":{"id":"saftica-f35","cod":"F35","proiect":"saftica","sir":0,"status":"disponibil","suprafata":579,"front":17.5,"laturi":4,"pret_total":37056,"pret_mp":64,"tva_inclus":false,"observatii":null,"actualizat":"2026-08-12"}},{"type":"Feature","geometry":{"type":"Polygon","coordinates":[[[26.061143,44.618251],[26.06156,44.618237],[26.06157,44.618397],[26.061153,44.618411],[26.061143,44.618251]]]},"properties":{"id":"saftica-f37","cod":"F37","proiect":"saftica","sir":0,"status":"in_pregatire","suprafata":588,"front":17.8,"laturi":4,"pret_total":38220,"pret_mp":65,"tva_inclus":false,"observatii":null,"actualizat":"2026-08-12"}},{"type":"Feature","geometry":{"type":"Polygon","coordinates":[[[26.061153,44.618411],[26.06157,44.618397],[26.061581,44.618564],[26.061164,44.618578],[26.061153,44.618411]]]},"properties":{"id":"saftica-f39","cod":"F39","proiect":"saftica","sir":0,"status":"disponibil","suprafata":614,"front":18.6,"laturi":4,"pret_total":40524,"pret_mp":66,"tva_inclus":false,"observatii":null,"actualizat":"2026-08-12"}},{"type":"Feature","geometry":{"type":"Polygon","coordinates":[[[26.061164,44.618578],[26.061581,44.618564],[26.061591,44.618731],[26.061255,44.618742],[26.061174,44.618737],[26.061164,44.618578]]]},"properties":{"id":"saftica-f41","cod":"F41","proiect":"saftica","sir":0,"status":"disponibil","suprafata":608,"front":17.8,"laturi":5,"pret_total":40128,"pret_mp":66,"tva_inclus":false,"observatii":"lot de colț, deschidere pe două laturi, formă neregulată, urmează hotarul terenului","actualizat":"2026-08-12"}},{"type":"Feature","geometry":{"type":"Polygon","coordinates":[[[26.06043,44.615417],[26.060659,44.615329],[26.060841,44.615323],[26.060852,44.615492],[26.060436,44.615506],[26.06043,44.615417]]]},"properties":{"id":"saftica-f2","cod":"F2","proiect":"saftica","sir":1,"status":"disponibil","suprafata":539,"front":18.9,"laturi":5,"pret_total":35574,"pret_mp":66,"tva_inclus":false,"observatii":"lot de colț, deschidere pe două laturi, formă neregulată, urmează hotarul terenului","actualizat":"2026-08-12"}},{"type":"Feature","geometry":{"type":"Polygon","coordinates":[[[26.060436,44.615506],[26.060852,44.615492],[26.060862,44.615649],[26.060446,44.615662],[26.060436,44.615506]]]},"properties":{"id":"saftica-f4","cod":"F4","proiect":"saftica","sir":1,"status":"rezervat","suprafata":575,"front":17.4,"laturi":4,"pret_total":37375,"pret_mp":65,"tva_inclus":false,"observatii":null,"actualizat":"2026-08-12"}},{"type":"Feature","geometry":{"type":"Polygon","coordinates":[[[26.060446,44.615662],[26.060862,44.615649],[26.060872,44.615807],[26.060456,44.615821],[26.060446,44.615662]]]},"properties":{"id":"saftica-f6","cod":"F6","proiect":"saftica","sir":1,"status":"disponibil","suprafata":582,"front":17.6,"laturi":4,"pret_total":37248,"pret_mp":64,"tva_inclus":false,"observatii":null,"actualizat":"2026-08-12"}},{"type":"Feature","geometry":{"type":"Polygon","coordinates":[[[26.060456,44.615821],[26.060872,44.615807],[26.060883,44.615975],[26.060467,44.615989],[26.060456,44.615821]]]},"properties":{"id":"saftica-f8","cod":"F8","proiect":"saftica","sir":1,"status":"disponibil","suprafata":619,"front":18.7,"laturi":4,"pret_total":40235,"pret_mp":65,"tva_inclus":false,"observatii":null,"actualizat":"2026-08-12"}},{"type":"Feature","geometry":{"type":"Polygon","coordinates":[[[26.060467,44.615989],[26.060883,44.615975],[26.060893,44.616136],[26.060477,44.61615],[26.060467,44.615989]]]},"properties":{"id":"saftica-f10","cod":"F10","proiect":"saftica","sir":1,"status":"disponibil","suprafata":590,"front":17.9,"laturi":4,"pret_total":37170,"pret_mp":63,"tva_inclus":false,"observatii":null,"actualizat":"2026-08-12"}},{"type":"Feature","geometry":{"type":"Polygon","coordinates":[[[26.060477,44.61615],[26.060893,44.616136],[26.060903,44.616291],[26.060487,44.616304],[26.060477,44.61615]]]},"properties":{"id":"saftica-f12","cod":"F12","proiect":"saftica","sir":1,"status":"disponibil","suprafata":567,"front":17.2,"laturi":4,"pret_total":36288,"pret_mp":64,"tva_inclus":false,"observatii":null,"actualizat":"2026-08-12"}},{"type":"Feature","geometry":{"type":"Polygon","coordinates":[[[26.060494,44.616419],[26.060911,44.616406],[26.060921,44.61657],[26.060505,44.616583],[26.060494,44.616419]]]},"properties":{"id":"saftica-f14","cod":"F14","proiect":"saftica","sir":1,"status":"disponibil","suprafata":603,"front":18.3,"laturi":4,"pret_total":38592,"pret_mp":64,"tva_inclus":false,"observatii":null,"actualizat":"2026-08-12"}},{"type":"Feature","geometry":{"type":"Polygon","coordinates":[[[26.060505,44.616583],[26.060921,44.61657],[26.060932,44.616735],[26.060515,44.616749],[26.060505,44.616583]]]},"properties":{"id":"saftica-f16","cod":"F16","proiect":"saftica","sir":1,"status":"disponibil","suprafata":608,"front":18.4,"laturi":4,"pret_total":39520,"pret_mp":65,"tva_inclus":false,"observatii":null,"actualizat":"2026-08-12"}},{"type":"Feature","geometry":{"type":"Polygon","coordinates":[[[26.060515,44.616749],[26.060932,44.616735],[26.060942,44.616889],[26.060525,44.616903],[26.060515,44.616749]]]},"properties":{"id":"saftica-f18","cod":"F18","proiect":"saftica","sir":1,"status":"disponibil","suprafata":566,"front":17.1,"laturi":4,"pret_total":35658,"pret_mp":63,"tva_inclus":false,"observatii":null,"actualizat":"2026-08-12"}},{"type":"Feature","geometry":{"type":"Polygon","coordinates":[[[26.060525,44.616903],[26.060942,44.616889],[26.060952,44.617046],[26.060535,44.61706],[26.060525,44.616903]]]},"properties":{"id":"saftica-f20","cod":"F20","proiect":"saftica","sir":1,"status":"disponibil","suprafata":576,"front":17.4,"laturi":4,"pret_total":36864,"pret_mp":64,"tva_inclus":false,"observatii":null,"actualizat":"2026-08-12"}},{"type":"Feature","geometry":{"type":"Polygon","coordinates":[[[26.060535,44.61706],[26.060952,44.617046],[26.060963,44.617213],[26.060546,44.617226],[26.060535,44.61706]]]},"properties":{"id":"saftica-f22","cod":"F22","proiect":"saftica","sir":1,"status":"disponibil","suprafata":612,"front":18.6,"laturi":4,"pret_total":39168,"pret_mp":64,"tva_inclus":false,"observatii":null,"actualizat":"2026-08-12"}},{"type":"Feature","geometry":{"type":"Polygon","coordinates":[[[26.060546,44.617226],[26.060963,44.617213],[26.060973,44.617379],[26.060557,44.617392],[26.060546,44.617226]]]},"properties":{"id":"saftica-f24","cod":"F24","proiect":"saftica","sir":1,"status":"disponibil","suprafata":610,"front":18.5,"laturi":4,"pret_total":38430,"pret_mp":63,"tva_inclus":false,"observatii":null,"actualizat":"2026-08-12"}},{"type":"Feature","geometry":{"type":"Polygon","coordinates":[[[26.060557,44.617392],[26.060973,44.617379],[26.060983,44.617537],[26.060567,44.617551],[26.060557,44.617392]]]},"properties":{"id":"saftica-f26","cod":"F26","proiect":"saftica","sir":1,"status":"disponibil","suprafata":583,"front":17.7,"laturi":4,"pret_total":37895,"pret_mp":65,"tva_inclus":false,"observatii":null,"actualizat":"2026-08-12"}},{"type":"Feature","geometry":{"type":"Polygon","coordinates":[[[26.060572,44.617623],[26.060988,44.617609],[26.060998,44.61777],[26.060582,44.617783],[26.060572,44.617623]]]},"properties":{"id":"saftica-f28","cod":"F28","proiect":"saftica","sir":1,"status":"disponibil","suprafata":589,"front":17.8,"laturi":4,"pret_total":37107,"pret_mp":63,"tva_inclus":false,"observatii":null,"actualizat":"2026-08-12"}},{"type":"Feature","geometry":{"type":"Polygon","coordinates":[[[26.060582,44.617783],[26.060998,44.61777],[26.061008,44.617927],[26.060592,44.617941],[26.060582,44.617783]]]},"properties":{"id":"saftica-f30","cod":"F30","proiect":"saftica","sir":1,"status":"disponibil","suprafata":579,"front":17.5,"laturi":4,"pret_total":37056,"pret_mp":64,"tva_inclus":false,"observatii":null,"actualizat":"2026-08-12"}},{"type":"Feature","geometry":{"type":"Polygon","coordinates":[[[26.060592,44.617941],[26.061008,44.617927],[26.061019,44.618097],[26.060603,44.61811],[26.060592,44.617941]]]},"properties":{"id":"saftica-f32","cod":"F32","proiect":"saftica","sir":1,"status":"disponibil","suprafata":622,"front":18.9,"laturi":4,"pret_total":39808,"pret_mp":64,"tva_inclus":false,"observatii":null,"actualizat":"2026-08-12"}},{"type":"Feature","geometry":{"type":"Polygon","coordinates":[[[26.060603,44.61811],[26.061019,44.618097],[26.061029,44.618255],[26.060613,44.618269],[26.060603,44.61811]]]},"properties":{"id":"saftica-f34","cod":"F34","proiect":"saftica","sir":1,"status":"disponibil","suprafata":583,"front":17.7,"laturi":4,"pret_total":37895,"pret_mp":65,"tva_inclus":false,"observatii":null,"actualizat":"2026-08-12"}},{"type":"Feature","geometry":{"type":"Polygon","coordinates":[[[26.060613,44.618269],[26.061029,44.618255],[26.06104,44.618425],[26.060624,44.618438],[26.060613,44.618269]]]},"properties":{"id":"saftica-f36","cod":"F36","proiect":"saftica","sir":1,"status":"disponibil","suprafata":622,"front":18.8,"laturi":4,"pret_total":39808,"pret_mp":64,"tva_inclus":false,"observatii":null,"actualizat":"2026-08-12"}},{"type":"Feature","geometry":{"type":"Polygon","coordinates":[[[26.060624,44.618438],[26.06104,44.618425],[26.061051,44.618593],[26.060635,44.618606],[26.060624,44.618438]]]},"properties":{"id":"saftica-f38","cod":"F38","proiect":"saftica","sir":1,"status":"in_pregatire","suprafata":617,"front":18.7,"laturi":4,"pret_total":40722,"pret_mp":66,"tva_inclus":false,"observatii":null,"actualizat":"2026-08-12"}},{"type":"Feature","geometry":{"type":"Polygon","coordinates":[[[26.060635,44.618606],[26.061051,44.618593],[26.06106,44.61873],[26.060641,44.618706],[26.060635,44.618606]]]},"properties":{"id":"saftica-f40","cod":"F40","proiect":"saftica","sir":1,"status":"in_pregatire","suprafata":437,"front":15.3,"laturi":4,"pret_total":28842,"pret_mp":66,"tva_inclus":false,"observatii":"lot de colț, deschidere pe două laturi","actualizat":"2026-08-12"}},{"type":"Feature","geometry":{"type":"Polygon","coordinates":[[[26.060023,44.615573],[26.060178,44.615513],[26.060436,44.615505],[26.060446,44.615662],[26.060029,44.615675],[26.060023,44.615573]]]},"properties":{"id":"saftica-g1","cod":"G1","proiect":"saftica","sir":0,"status":"disponibil","suprafata":537,"front":11.7,"laturi":5,"pret_total":34905,"pret_mp":65,"tva_inclus":false,"observatii":"lot de colț, deschidere pe două laturi, formă neregulată, urmează hotarul terenului","actualizat":"2026-08-12"}},{"type":"Feature","geometry":{"type":"Polygon","coordinates":[[[26.060029,44.615675],[26.060446,44.615662],[26.060456,44.615829],[26.06004,44.615843],[26.060029,44.615675]]]},"properties":{"id":"saftica-g3","cod":"G3","proiect":"saftica","sir":0,"status":"disponibil","suprafata":615,"front":18.6,"laturi":4,"pret_total":38130,"pret_mp":62,"tva_inclus":false,"observatii":null,"actualizat":"2026-08-12"}},{"type":"Feature","geometry":{"type":"Polygon","coordinates":[[[26.06004,44.615843],[26.060456,44.615829],[26.060467,44.615987],[26.06005,44.616001],[26.06004,44.615843]]]},"properties":{"id":"saftica-g5","cod":"G5","proiect":"saftica","sir":0,"status":"disponibil","suprafata":582,"front":17.6,"laturi":4,"pret_total":36666,"pret_mp":63,"tva_inclus":false,"observatii":null,"actualizat":"2026-08-12"}},{"type":"Feature","geometry":{"type":"Polygon","coordinates":[[[26.06005,44.616001],[26.060467,44.615987],[26.060477,44.616156],[26.060061,44.61617],[26.06005,44.616001]]]},"properties":{"id":"saftica-g7","cod":"G7","proiect":"saftica","sir":0,"status":"disponibil","suprafata":620,"front":18.8,"laturi":4,"pret_total":39060,"pret_mp":63,"tva_inclus":false,"observatii":null,"actualizat":"2026-08-12"}},{"type":"Feature","geometry":{"type":"Polygon","coordinates":[[[26.060061,44.61617],[26.060477,44.616156],[26.060488,44.616323],[26.060072,44.616336],[26.060061,44.61617]]]},"properties":{"id":"saftica-g9","cod":"G9","proiect":"saftica","sir":0,"status":"disponibil","suprafata":611,"front":18.5,"laturi":4,"pret_total":38493,"pret_mp":63,"tva_inclus":false,"observatii":null,"actualizat":"2026-08-12"}},{"type":"Feature","geometry":{"type":"Polygon","coordinates":[[[26.060078,44.616433],[26.060494,44.616419],[26.060505,44.616581],[26.060088,44.616595],[26.060078,44.616433]]]},"properties":{"id":"saftica-g11","cod":"G11","proiect":"saftica","sir":0,"status":"disponibil","suprafata":595,"front":18,"laturi":4,"pret_total":38675,"pret_mp":65,"tva_inclus":false,"observatii":null,"actualizat":"2026-08-12"}},{"type":"Feature","geometry":{"type":"Polygon","coordinates":[[[26.060088,44.616595],[26.060505,44.616581],[26.060515,44.616748],[26.060099,44.616762],[26.060088,44.616595]]]},"properties":{"id":"saftica-g13","cod":"G13","proiect":"saftica","sir":0,"status":"disponibil","suprafata":613,"front":18.6,"laturi":4,"pret_total":38619,"pret_mp":63,"tva_inclus":false,"observatii":null,"actualizat":"2026-08-12"}},{"type":"Feature","geometry":{"type":"Polygon","coordinates":[[[26.060099,44.616762],[26.060515,44.616748],[26.060525,44.616903],[26.060109,44.616916],[26.060099,44.616762]]]},"properties":{"id":"saftica-g15","cod":"G15","proiect":"saftica","sir":0,"status":"disponibil","suprafata":568,"front":17.2,"laturi":4,"pret_total":36352,"pret_mp":64,"tva_inclus":false,"observatii":null,"actualizat":"2026-08-12"}},{"type":"Feature","geometry":{"type":"Polygon","coordinates":[[[26.060109,44.616916],[26.060525,44.616903],[26.060536,44.617068],[26.060119,44.617081],[26.060109,44.616916]]]},"properties":{"id":"saftica-g17","cod":"G17","proiect":"saftica","sir":0,"status":"disponibil","suprafata":606,"front":18.4,"laturi":4,"pret_total":38784,"pret_mp":64,"tva_inclus":false,"observatii":null,"actualizat":"2026-08-12"}},{"type":"Feature","geometry":{"type":"Polygon","coordinates":[[[26.060119,44.617081],[26.060536,44.617068],[26.060546,44.617227],[26.06013,44.617241],[26.060119,44.617081]]]},"properties":{"id":"saftica-g19","cod":"G19","proiect":"saftica","sir":0,"status":"disponibil","suprafata":586,"front":17.8,"laturi":4,"pret_total":36918,"pret_mp":63,"tva_inclus":false,"observatii":null,"actualizat":"2026-08-12"}},{"type":"Feature","geometry":{"type":"Polygon","coordinates":[[[26.06013,44.617241],[26.060546,44.617227],[26.060557,44.617395],[26.06014,44.617408],[26.06013,44.617241]]]},"properties":{"id":"saftica-g21","cod":"G21","proiect":"saftica","sir":0,"status":"disponibil","suprafata":616,"front":18.7,"laturi":4,"pret_total":40040,"pret_mp":65,"tva_inclus":false,"observatii":null,"actualizat":"2026-08-12"}},{"type":"Feature","geometry":{"type":"Polygon","coordinates":[[[26.06014,44.617408],[26.060557,44.617395],[26.060567,44.617551],[26.06015,44.617565],[26.06014,44.617408]]]},"properties":{"id":"saftica-g23","cod":"G23","proiect":"saftica","sir":0,"status":"disponibil","suprafata":573,"front":17.4,"laturi":4,"pret_total":36099,"pret_mp":63,"tva_inclus":false,"observatii":null,"actualizat":"2026-08-12"}},{"type":"Feature","geometry":{"type":"Polygon","coordinates":[[[26.060155,44.617636],[26.060572,44.617623],[26.060582,44.617785],[26.060165,44.617799],[26.060155,44.617636]]]},"properties":{"id":"saftica-g25","cod":"G25","proiect":"saftica","sir":0,"status":"disponibil","suprafata":597,"front":18.1,"laturi":4,"pret_total":37611,"pret_mp":63,"tva_inclus":false,"observatii":null,"actualizat":"2026-08-12"}},{"type":"Feature","geometry":{"type":"Polygon","coordinates":[[[26.060165,44.617799],[26.060582,44.617785],[26.060592,44.617949],[26.060176,44.617962],[26.060165,44.617799]]]},"properties":{"id":"saftica-g27","cod":"G27","proiect":"saftica","sir":0,"status":"in_pregatire","suprafata":601,"front":18.2,"laturi":4,"pret_total":37863,"pret_mp":63,"tva_inclus":false,"observatii":null,"actualizat":"2026-08-12"}},{"type":"Feature","geometry":{"type":"Polygon","coordinates":[[[26.060176,44.617962],[26.060592,44.617949],[26.060603,44.618113],[26.060186,44.618126],[26.060176,44.617962]]]},"properties":{"id":"saftica-g29","cod":"G29","proiect":"saftica","sir":0,"status":"disponibil","suprafata":603,"front":18.3,"laturi":4,"pret_total":38592,"pret_mp":64,"tva_inclus":false,"observatii":null,"actualizat":"2026-08-12"}},{"type":"Feature","geometry":{"type":"Polygon","coordinates":[[[26.060186,44.618126],[26.060603,44.618113],[26.060613,44.618269],[26.060197,44.618282],[26.060186,44.618126]]]},"properties":{"id":"saftica-g31","cod":"G31","proiect":"saftica","sir":0,"status":"disponibil","suprafata":572,"front":17.3,"laturi":4,"pret_total":36036,"pret_mp":63,"tva_inclus":false,"observatii":null,"actualizat":"2026-08-12"}},{"type":"Feature","geometry":{"type":"Polygon","coordinates":[[[26.060197,44.618282],[26.060613,44.618269],[26.060624,44.618436],[26.060207,44.618449],[26.060197,44.618282]]]},"properties":{"id":"saftica-g33","cod":"G33","proiect":"saftica","sir":0,"status":"disponibil","suprafata":613,"front":18.6,"laturi":4,"pret_total":38619,"pret_mp":63,"tva_inclus":false,"observatii":null,"actualizat":"2026-08-12"}},{"type":"Feature","geometry":{"type":"Polygon","coordinates":[[[26.060207,44.618449],[26.060624,44.618436],[26.060634,44.6186],[26.060218,44.618613],[26.060207,44.618449]]]},"properties":{"id":"saftica-g35","cod":"G35","proiect":"saftica","sir":0,"status":"in_pregatire","suprafata":603,"front":18.3,"laturi":4,"pret_total":41004,"pret_mp":68,"tva_inclus":false,"observatii":"lot de colț, deschidere pe două laturi","actualizat":"2026-08-12"}},{"type":"Feature","geometry":{"type":"Polygon","coordinates":[[[26.059509,44.615855],[26.059568,44.615747],[26.059719,44.61569],[26.059916,44.615683],[26.059926,44.615847],[26.05951,44.61586],[26.059509,44.615855]]]},"properties":{"id":"saftica-g2","cod":"G2","proiect":"saftica","sir":1,"status":"disponibil","suprafata":505,"front":18.2,"laturi":6,"pret_total":32825,"pret_mp":65,"tva_inclus":false,"observatii":"lot de colț, deschidere pe două laturi, formă neregulată, urmează hotarul terenului","actualizat":"2026-08-12"}},{"type":"Feature","geometry":{"type":"Polygon","coordinates":[[[26.05951,44.61586],[26.059926,44.615847],[26.059937,44.616011],[26.05952,44.616025],[26.05951,44.61586]]]},"properties":{"id":"saftica-g4","cod":"G4","proiect":"saftica","sir":1,"status":"disponibil","suprafata":605,"front":18.3,"laturi":4,"pret_total":38115,"pret_mp":63,"tva_inclus":false,"observatii":null,"actualizat":"2026-08-12"}},{"type":"Feature","geometry":{"type":"Polygon","coordinates":[[[26.05952,44.616025],[26.059937,44.616011],[26.059947,44.616174],[26.059531,44.616188],[26.05952,44.616025]]]},"properties":{"id":"saftica-g6","cod":"G6","proiect":"saftica","sir":1,"status":"disponibil","suprafata":597,"front":18.1,"laturi":4,"pret_total":37611,"pret_mp":63,"tva_inclus":false,"observatii":null,"actualizat":"2026-08-12"}},{"type":"Feature","geometry":{"type":"Polygon","coordinates":[[[26.059531,44.616188],[26.059947,44.616174],[26.059958,44.616334],[26.059541,44.616347],[26.059531,44.616188]]]},"properties":{"id":"saftica-g8","cod":"G8","proiect":"saftica","sir":1,"status":"disponibil","suprafata":586,"front":17.8,"laturi":4,"pret_total":36332,"pret_mp":62,"tva_inclus":false,"observatii":null,"actualizat":"2026-08-12"}},{"type":"Feature","geometry":{"type":"Polygon","coordinates":[[[26.059548,44.61645],[26.059964,44.616437],[26.059974,44.616594],[26.059558,44.616608],[26.059548,44.61645]]]},"properties":{"id":"saftica-g10","cod":"G10","proiect":"saftica","sir":1,"status":"disponibil","suprafata":580,"front":17.6,"laturi":4,"pret_total":35960,"pret_mp":62,"tva_inclus":false,"observatii":null,"actualizat":"2026-08-12"}},{"type":"Feature","geometry":{"type":"Polygon","coordinates":[[[26.059558,44.616608],[26.059974,44.616594],[26.059985,44.616764],[26.059569,44.616778],[26.059558,44.616608]]]},"properties":{"id":"saftica-g12","cod":"G12","proiect":"saftica","sir":1,"status":"disponibil","suprafata":623,"front":18.9,"laturi":4,"pret_total":39872,"pret_mp":64,"tva_inclus":false,"observatii":null,"actualizat":"2026-08-12"}},{"type":"Feature","geometry":{"type":"Polygon","coordinates":[[[26.059569,44.616778],[26.059985,44.616764],[26.059996,44.616929],[26.059579,44.616943],[26.059569,44.616778]]]},"properties":{"id":"saftica-g14","cod":"G14","proiect":"saftica","sir":1,"status":"disponibil","suprafata":607,"front":18.4,"laturi":4,"pret_total":38241,"pret_mp":63,"tva_inclus":false,"observatii":null,"actualizat":"2026-08-12"}},{"type":"Feature","geometry":{"type":"Polygon","coordinates":[[[26.059579,44.616943],[26.059996,44.616929],[26.060006,44.617084],[26.059589,44.617098],[26.059579,44.616943]]]},"properties":{"id":"saftica-g16","cod":"G16","proiect":"saftica","sir":1,"status":"disponibil","suprafata":568,"front":17.2,"laturi":4,"pret_total":35216,"pret_mp":62,"tva_inclus":false,"observatii":null,"actualizat":"2026-08-12"}},{"type":"Feature","geometry":{"type":"Polygon","coordinates":[[[26.059589,44.617098],[26.060006,44.617084],[26.060016,44.617241],[26.059599,44.617255],[26.059589,44.617098]]]},"properties":{"id":"saftica-g18","cod":"G18","proiect":"saftica","sir":1,"status":"disponibil","suprafata":576,"front":17.5,"laturi":4,"pret_total":37440,"pret_mp":65,"tva_inclus":false,"observatii":null,"actualizat":"2026-08-12"}},{"type":"Feature","geometry":{"type":"Polygon","coordinates":[[[26.059599,44.617255],[26.060016,44.617241],[26.060026,44.617407],[26.05961,44.61742],[26.059599,44.617255]]]},"properties":{"id":"saftica-g20","cod":"G20","proiect":"saftica","sir":1,"status":"disponibil","suprafata":609,"front":18.5,"laturi":4,"pret_total":39585,"pret_mp":65,"tva_inclus":false,"observatii":null,"actualizat":"2026-08-12"}},{"type":"Feature","geometry":{"type":"Polygon","coordinates":[[[26.05961,44.61742],[26.060026,44.617407],[26.060037,44.617564],[26.05962,44.617578],[26.05961,44.61742]]]},"properties":{"id":"saftica-g22","cod":"G22","proiect":"saftica","sir":1,"status":"in_pregatire","suprafata":578,"front":17.5,"laturi":4,"pret_total":36992,"pret_mp":64,"tva_inclus":false,"observatii":null,"actualizat":"2026-08-12"}},{"type":"Feature","geometry":{"type":"Polygon","coordinates":[[[26.059625,44.617654],[26.060041,44.61764],[26.060051,44.617795],[26.059635,44.617808],[26.059625,44.617654]]]},"properties":{"id":"saftica-g24","cod":"G24","proiect":"saftica","sir":1,"status":"disponibil","suprafata":567,"front":17.2,"laturi":4,"pret_total":35154,"pret_mp":62,"tva_inclus":false,"observatii":null,"actualizat":"2026-08-12"}},{"type":"Feature","geometry":{"type":"Polygon","coordinates":[[[26.059635,44.617808],[26.060051,44.617795],[26.060062,44.617954],[26.059645,44.617968],[26.059635,44.617808]]]},"properties":{"id":"saftica-g26","cod":"G26","proiect":"saftica","sir":1,"status":"disponibil","suprafata":586,"front":17.8,"laturi":4,"pret_total":38090,"pret_mp":65,"tva_inclus":false,"observatii":null,"actualizat":"2026-08-12"}},{"type":"Feature","geometry":{"type":"Polygon","coordinates":[[[26.059645,44.617968],[26.060062,44.617954],[26.060072,44.618121],[26.059656,44.618134],[26.059645,44.617968]]]},"properties":{"id":"saftica-g28","cod":"G28","proiect":"saftica","sir":1,"status":"in_pregatire","suprafata":612,"front":18.5,"laturi":4,"pret_total":39168,"pret_mp":64,"tva_inclus":false,"observatii":null,"actualizat":"2026-08-12"}},{"type":"Feature","geometry":{"type":"Polygon","coordinates":[[[26.059656,44.618134],[26.060072,44.618121],[26.060083,44.618283],[26.059666,44.618296],[26.059656,44.618134]]]},"properties":{"id":"saftica-g30","cod":"G30","proiect":"saftica","sir":1,"status":"in_pregatire","suprafata":595,"front":18,"laturi":4,"pret_total":36890,"pret_mp":62,"tva_inclus":false,"observatii":null,"actualizat":"2026-08-12"}},{"type":"Feature","geometry":{"type":"Polygon","coordinates":[[[26.059666,44.618296],[26.060083,44.618283],[26.060093,44.618446],[26.059677,44.618459],[26.059666,44.618296]]]},"properties":{"id":"saftica-g32","cod":"G32","proiect":"saftica","sir":1,"status":"in_pregatire","suprafata":599,"front":18.2,"laturi":4,"pret_total":38935,"pret_mp":65,"tva_inclus":false,"observatii":null,"actualizat":"2026-08-12"}},{"type":"Feature","geometry":{"type":"Polygon","coordinates":[[[26.059677,44.618459],[26.060093,44.618446],[26.060103,44.618604],[26.059687,44.618618],[26.059677,44.618459]]]},"properties":{"id":"saftica-g34","cod":"G34","proiect":"saftica","sir":1,"status":"in_pregatire","suprafata":581,"front":17.6,"laturi":4,"pret_total":38346,"pret_mp":66,"tva_inclus":false,"observatii":"lot de colț, deschidere pe două laturi","actualizat":"2026-08-12"}},{"type":"Feature","geometry":{"type":"Polygon","coordinates":[[[26.059234,44.616358],[26.059326,44.616191],[26.059531,44.616184],[26.059541,44.616348],[26.059234,44.616358]]]},"properties":{"id":"saftica-h1","cod":"H1","proiect":"saftica","sir":0,"status":"disponibil","suprafata":370,"front":18.3,"laturi":4,"pret_total":24050,"pret_mp":65,"tva_inclus":false,"observatii":"lot de colț, deschidere pe două laturi","actualizat":"2026-08-12"}},{"type":"Feature","geometry":{"type":"Polygon","coordinates":[[[26.059136,44.616538],[26.059177,44.616462],[26.059548,44.61645],[26.059558,44.616608],[26.059141,44.616622],[26.059136,44.616538]]]},"properties":{"id":"saftica-h3","cod":"H3","proiect":"saftica","sir":0,"status":"disponibil","suprafata":565,"front":10.7,"laturi":5,"pret_total":33900,"pret_mp":60,"tva_inclus":false,"observatii":"formă neregulată, urmează hotarul terenului","actualizat":"2026-08-12"}},{"type":"Feature","geometry":{"type":"Polygon","coordinates":[[[26.059141,44.616622],[26.059558,44.616608],[26.059568,44.616764],[26.059151,44.616778],[26.059141,44.616622]]]},"properties":{"id":"saftica-h5","cod":"H5","proiect":"saftica","sir":0,"status":"disponibil","suprafata":574,"front":17.4,"laturi":4,"pret_total":36162,"pret_mp":63,"tva_inclus":false,"observatii":null,"actualizat":"2026-08-12"}},{"type":"Feature","geometry":{"type":"Polygon","coordinates":[[[26.059151,44.616778],[26.059568,44.616764],[26.059578,44.616923],[26.059162,44.616937],[26.059151,44.616778]]]},"properties":{"id":"saftica-h7","cod":"H7","proiect":"saftica","sir":0,"status":"disponibil","suprafata":585,"front":17.7,"laturi":4,"pret_total":36855,"pret_mp":63,"tva_inclus":false,"observatii":null,"actualizat":"2026-08-12"}},{"type":"Feature","geometry":{"type":"Polygon","coordinates":[[[26.059162,44.616937],[26.059578,44.616923],[26.059589,44.61709],[26.059172,44.617104],[26.059162,44.616937]]]},"properties":{"id":"saftica-h9","cod":"H9","proiect":"saftica","sir":0,"status":"disponibil","suprafata":613,"front":18.6,"laturi":4,"pret_total":39232,"pret_mp":64,"tva_inclus":false,"observatii":null,"actualizat":"2026-08-12"}},{"type":"Feature","geometry":{"type":"Polygon","coordinates":[[[26.059172,44.617104],[26.059589,44.61709],[26.059599,44.617245],[26.059182,44.617258],[26.059172,44.617104]]]},"properties":{"id":"saftica-h11","cod":"H11","proiect":"saftica","sir":0,"status":"disponibil","suprafata":568,"front":17.2,"laturi":4,"pret_total":35216,"pret_mp":62,"tva_inclus":false,"observatii":null,"actualizat":"2026-08-12"}},{"type":"Feature","geometry":{"type":"Polygon","coordinates":[[[26.059182,44.617258],[26.059599,44.617245],[26.059609,44.61741],[26.059193,44.617424],[26.059182,44.617258]]]},"properties":{"id":"saftica-h13","cod":"H13","proiect":"saftica","sir":0,"status":"in_pregatire","suprafata":608,"front":18.4,"laturi":4,"pret_total":38912,"pret_mp":64,"tva_inclus":false,"observatii":null,"actualizat":"2026-08-12"}},{"type":"Feature","geometry":{"type":"Polygon","coordinates":[[[26.059193,44.617424],[26.059609,44.61741],[26.059619,44.617565],[26.059203,44.617579],[26.059193,44.617424]]]},"properties":{"id":"saftica-h15","cod":"H15","proiect":"saftica","sir":0,"status":"disponibil","suprafata":569,"front":17.2,"laturi":4,"pret_total":34709,"pret_mp":61,"tva_inclus":false,"observatii":null,"actualizat":"2026-08-12"}},{"type":"Feature","geometry":{"type":"Polygon","coordinates":[[[26.059208,44.617667],[26.059625,44.617654],[26.059636,44.617819],[26.059219,44.617832],[26.059208,44.617667]]]},"properties":{"id":"saftica-h17","cod":"H17","proiect":"saftica","sir":0,"status":"in_pregatire","suprafata":607,"front":18.4,"laturi":4,"pret_total":38241,"pret_mp":63,"tva_inclus":false,"observatii":null,"actualizat":"2026-08-12"}},{"type":"Feature","geometry":{"type":"Polygon","coordinates":[[[26.059219,44.617832],[26.059636,44.617819],[26.059646,44.617981],[26.059229,44.617995],[26.059219,44.617832]]]},"properties":{"id":"saftica-h19","cod":"H19","proiect":"saftica","sir":0,"status":"in_pregatire","suprafata":597,"front":18.1,"laturi":4,"pret_total":37014,"pret_mp":62,"tva_inclus":false,"observatii":null,"actualizat":"2026-08-12"}},{"type":"Feature","geometry":{"type":"Polygon","coordinates":[[[26.059229,44.617995],[26.059646,44.617981],[26.059657,44.618147],[26.05924,44.61816],[26.059229,44.617995]]]},"properties":{"id":"saftica-h21","cod":"H21","proiect":"saftica","sir":0,"status":"in_pregatire","suprafata":608,"front":18.4,"laturi":4,"pret_total":38304,"pret_mp":63,"tva_inclus":false,"observatii":null,"actualizat":"2026-08-12"}},{"type":"Feature","geometry":{"type":"Polygon","coordinates":[[[26.05924,44.61816],[26.059657,44.618147],[26.059667,44.618313],[26.059251,44.618327],[26.05924,44.61816]]]},"properties":{"id":"saftica-h23","cod":"H23","proiect":"saftica","sir":0,"status":"disponibil","suprafata":611,"front":18.5,"laturi":4,"pret_total":37882,"pret_mp":62,"tva_inclus":false,"observatii":null,"actualizat":"2026-08-12"}},{"type":"Feature","geometry":{"type":"Polygon","coordinates":[[[26.059251,44.618327],[26.059667,44.618313],[26.059678,44.618472],[26.059261,44.618486],[26.059251,44.618327]]]},"properties":{"id":"saftica-h25","cod":"H25","proiect":"saftica","sir":0,"status":"in_pregatire","suprafata":584,"front":17.7,"laturi":4,"pret_total":37376,"pret_mp":64,"tva_inclus":false,"observatii":null,"actualizat":"2026-08-12"}},{"type":"Feature","geometry":{"type":"Polygon","coordinates":[[[26.059261,44.618486],[26.059678,44.618472],[26.059688,44.618634],[26.059493,44.61864],[26.05927,44.618628],[26.059261,44.618486]]]},"properties":{"id":"saftica-h27","cod":"H27","proiect":"saftica","sir":0,"status":"in_pregatire","suprafata":575,"front":15.9,"laturi":5,"pret_total":37950,"pret_mp":66,"tva_inclus":false,"observatii":"lot de colț, deschidere pe două laturi, formă neregulată, urmează hotarul terenului","actualizat":"2026-08-12"}},{"type":"Feature","geometry":{"type":"Polygon","coordinates":[[[26.058698,44.616081],[26.058816,44.616036],[26.05899,44.61603],[26.059,44.616192],[26.058706,44.616201],[26.058698,44.616081]]]},"properties":{"id":"saftica-h2","cod":"H2","proiect":"saftica","sir":1,"status":"disponibil","suprafata":397,"front":18,"laturi":5,"pret_total":26599,"pret_mp":67,"tva_inclus":false,"observatii":"lot de colț, deschidere pe două laturi, formă neregulată, urmează hotarul terenului","actualizat":"2026-08-12"}},{"type":"Feature","geometry":{"type":"Polygon","coordinates":[[[26.058706,44.616201],[26.059,44.616192],[26.05901,44.61635],[26.058716,44.61636],[26.058706,44.616201]]]},"properties":{"id":"saftica-h4","cod":"H4","proiect":"saftica","sir":1,"status":"disponibil","suprafata":412,"front":17.7,"laturi":4,"pret_total":26368,"pret_mp":64,"tva_inclus":false,"observatii":null,"actualizat":"2026-08-12"}},{"type":"Feature","geometry":{"type":"Polygon","coordinates":[[[26.058723,44.616477],[26.059018,44.616467],[26.05902,44.616502],[26.05895,44.61663],[26.058734,44.616637],[26.058723,44.616477]]]},"properties":{"id":"saftica-h6","cod":"H6","proiect":"saftica","sir":1,"status":"disponibil","suprafata":372,"front":5.3,"laturi":5,"pret_total":21204,"pret_mp":57,"tva_inclus":false,"observatii":"formă neregulată, urmează hotarul terenului","actualizat":"2026-08-12"}},{"type":"Feature","geometry":{"type":"Polygon","coordinates":[[[26.05877,44.617207],[26.058818,44.61712],[26.059059,44.617112],[26.05907,44.617276],[26.058775,44.617286],[26.05877,44.617207]]]},"properties":{"id":"saftica-h8","cod":"H8","proiect":"saftica","sir":1,"status":"in_pregatire","suprafata":405,"front":18.2,"laturi":5,"pret_total":25110,"pret_mp":62,"tva_inclus":false,"observatii":"formă neregulată, urmează hotarul terenului","actualizat":"2026-08-12"}},{"type":"Feature","geometry":{"type":"Polygon","coordinates":[[[26.058775,44.617286],[26.05907,44.617276],[26.05908,44.617433],[26.058785,44.617443],[26.058775,44.617286]]]},"properties":{"id":"saftica-h10","cod":"H10","proiect":"saftica","sir":1,"status":"in_pregatire","suprafata":408,"front":17.5,"laturi":4,"pret_total":25704,"pret_mp":63,"tva_inclus":false,"observatii":null,"actualizat":"2026-08-12"}},{"type":"Feature","geometry":{"type":"Polygon","coordinates":[[[26.058785,44.617443],[26.05908,44.617433],[26.05909,44.617592],[26.058796,44.617602],[26.058785,44.617443]]]},"properties":{"id":"saftica-h12","cod":"H12","proiect":"saftica","sir":1,"status":"disponibil","suprafata":412,"front":17.7,"laturi":4,"pret_total":25544,"pret_mp":62,"tva_inclus":false,"observatii":null,"actualizat":"2026-08-12"}},{"type":"Feature","geometry":{"type":"Polygon","coordinates":[[[26.058801,44.617681],[26.059095,44.617671],[26.059105,44.617826],[26.058811,44.617836],[26.058801,44.617681]]]},"properties":{"id":"saftica-h14","cod":"H14","proiect":"saftica","sir":1,"status":"in_pregatire","suprafata":403,"front":17.3,"laturi":4,"pret_total":25792,"pret_mp":64,"tva_inclus":false,"observatii":null,"actualizat":"2026-08-12"}},{"type":"Feature","geometry":{"type":"Polygon","coordinates":[[[26.058811,44.617836],[26.059105,44.617826],[26.059115,44.617984],[26.058821,44.617993],[26.058811,44.617836]]]},"properties":{"id":"saftica-h16","cod":"H16","proiect":"saftica","sir":1,"status":"in_pregatire","suprafata":409,"front":17.5,"laturi":4,"pret_total":24949,"pret_mp":61,"tva_inclus":false,"observatii":null,"actualizat":"2026-08-12"}},{"type":"Feature","geometry":{"type":"Polygon","coordinates":[[[26.058821,44.617993],[26.059115,44.617984],[26.059125,44.618146],[26.058831,44.618155],[26.058821,44.617993]]]},"properties":{"id":"saftica-h18","cod":"H18","proiect":"saftica","sir":1,"status":"in_pregatire","suprafata":420,"front":18,"laturi":4,"pret_total":26460,"pret_mp":63,"tva_inclus":false,"observatii":null,"actualizat":"2026-08-12"}},{"type":"Feature","geometry":{"type":"Polygon","coordinates":[[[26.058831,44.618155],[26.059125,44.618146],[26.059136,44.618313],[26.058842,44.618323],[26.058831,44.618155]]]},"properties":{"id":"saftica-h20","cod":"H20","proiect":"saftica","sir":1,"status":"in_pregatire","suprafata":435,"front":18.7,"laturi":4,"pret_total":26970,"pret_mp":62,"tva_inclus":false,"observatii":null,"actualizat":"2026-08-12"}},{"type":"Feature","geometry":{"type":"Polygon","coordinates":[[[26.058842,44.618323],[26.059136,44.618313],[26.059147,44.618478],[26.058853,44.618487],[26.058842,44.618323]]]},"properties":{"id":"saftica-h22","cod":"H22","proiect":"saftica","sir":1,"status":"in_pregatire","suprafata":426,"front":18.3,"laturi":4,"pret_total":28542,"pret_mp":67,"tva_inclus":false,"observatii":"lot de colț, deschidere pe două laturi","actualizat":"2026-08-12"}},{"type":"Feature","geometry":{"type":"Polygon","coordinates":[[[26.084972,44.626843],[26.084977,44.626651],[26.085224,44.626571],[26.085216,44.626847],[26.084972,44.626843]]]},"properties":{"id":"lacul-vlasiei-a1","cod":"A1","proiect":"lacul-vlasiei","sir":0,"status":"vandut","suprafata":502,"front":19.3,"laturi":4,"pret_total":30622,"pret_mp":61,"tva_inclus":false,"observatii":"lot de colț, deschidere pe două laturi","actualizat":"2026-08-12"}},{"type":"Feature","geometry":{"type":"Polygon","coordinates":[[[26.08563,44.626853],[26.085638,44.626569],[26.085649,44.626576],[26.085651,44.626577],[26.085803,44.626664],[26.085882,44.626719],[26.085878,44.626856],[26.08563,44.626853]]]},"properties":{"id":"lacul-vlasiei-a3","cod":"A3","proiect":"lacul-vlasiei","sir":0,"status":"disponibil","suprafata":466,"front":19.6,"laturi":7,"pret_total":28426,"pret_mp":61,"tva_inclus":false,"observatii":"lot de colț, deschidere pe două laturi, formă neregulată, urmează hotarul terenului","actualizat":"2026-08-12"}},{"type":"Feature","geometry":{"type":"Polygon","coordinates":[[[26.083757,44.627213],[26.083762,44.627051],[26.08401,44.626969],[26.084004,44.627217],[26.083757,44.627213]]]},"properties":{"id":"lacul-vlasiei-a2","cod":"A2","proiect":"lacul-vlasiei","sir":1,"status":"vandut","suprafata":444,"front":19.5,"laturi":4,"pret_total":27972,"pret_mp":63,"tva_inclus":false,"observatii":"lot de colț, deschidere pe două laturi","actualizat":"2026-08-12"}},{"type":"Feature","geometry":{"type":"Polygon","coordinates":[[[26.084004,44.627217],[26.08401,44.626969],[26.084206,44.626905],[26.084242,44.626905],[26.084233,44.62722],[26.084004,44.627217]]]},"properties":{"id":"lacul-vlasiei-a4","cod":"A4","proiect":"lacul-vlasiei","sir":1,"status":"vandut","suprafata":579,"front":4,"laturi":5,"pret_total":30687,"pret_mp":53,"tva_inclus":false,"observatii":"formă neregulată, urmează hotarul terenului","actualizat":"2026-08-12"}},{"type":"Feature","geometry":{"type":"Polygon","coordinates":[[[26.084233,44.62722],[26.084242,44.626905],[26.084489,44.626909],[26.084481,44.627223],[26.084233,44.62722]]]},"properties":{"id":"lacul-vlasiei-a6","cod":"A6","proiect":"lacul-vlasiei","sir":1,"status":"vandut","suprafata":686,"front":19.6,"laturi":4,"pret_total":39788,"pret_mp":58,"tva_inclus":false,"observatii":null,"actualizat":"2026-08-12"}},{"type":"Feature","geometry":{"type":"Polygon","coordinates":[[[26.084481,44.627223],[26.084489,44.626909],[26.084724,44.626912],[26.084715,44.627227],[26.084481,44.627223]]]},"properties":{"id":"lacul-vlasiei-a8","cod":"A8","proiect":"lacul-vlasiei","sir":1,"status":"vandut","suprafata":649,"front":18.6,"laturi":4,"pret_total":36993,"pret_mp":57,"tva_inclus":false,"observatii":null,"actualizat":"2026-08-12"}},{"type":"Feature","geometry":{"type":"Polygon","coordinates":[[[26.084715,44.627227],[26.084724,44.626912],[26.084972,44.626915],[26.084964,44.62723],[26.084715,44.627227]]]},"properties":{"id":"lacul-vlasiei-a10","cod":"A10","proiect":"lacul-vlasiei","sir":1,"status":"disponibil","suprafata":689,"front":19.7,"laturi":4,"pret_total":39962,"pret_mp":58,"tva_inclus":false,"observatii":null,"actualizat":"2026-08-12"}},{"type":"Feature","geometry":{"type":"Polygon","coordinates":[[[26.084964,44.62723],[26.084972,44.626915],[26.085222,44.626919],[26.085215,44.627171],[26.085212,44.62718],[26.085192,44.627233],[26.084964,44.62723]]]},"properties":{"id":"lacul-vlasiei-a12","cod":"A12","proiect":"lacul-vlasiei","sir":1,"status":"vandut","suprafata":686,"front":19.8,"laturi":6,"pret_total":39102,"pret_mp":57,"tva_inclus":false,"observatii":"formă neregulată, urmează hotarul terenului","actualizat":"2026-08-12"}},{"type":"Feature","geometry":{"type":"Polygon","coordinates":[[[26.08539,44.627236],[26.085395,44.627042],[26.08544,44.626922],[26.085644,44.626925],[26.085635,44.62724],[26.08539,44.627236]]]},"properties":{"id":"lacul-vlasiei-a14","cod":"A14","proiect":"lacul-vlasiei","sir":1,"status":"disponibil","suprafata":657,"front":16.2,"laturi":5,"pret_total":38763,"pret_mp":59,"tva_inclus":false,"observatii":"formă neregulată, urmează hotarul terenului","actualizat":"2026-08-12"}},{"type":"Feature","geometry":{"type":"Polygon","coordinates":[[[26.085635,44.62724],[26.085644,44.626925],[26.085872,44.626928],[26.085863,44.627243],[26.085635,44.62724]]]},"properties":{"id":"lacul-vlasiei-a16","cod":"A16","proiect":"lacul-vlasiei","sir":1,"status":"rezervat","suprafata":632,"front":18.1,"laturi":4,"pret_total":36656,"pret_mp":58,"tva_inclus":false,"observatii":null,"actualizat":"2026-08-12"}},{"type":"Feature","geometry":{"type":"Polygon","coordinates":[[[26.085863,44.627243],[26.085872,44.626928],[26.086116,44.626931],[26.086107,44.627246],[26.085863,44.627243]]]},"properties":{"id":"lacul-vlasiei-a18","cod":"A18","proiect":"lacul-vlasiei","sir":1,"status":"vandut","suprafata":675,"front":19.3,"laturi":4,"pret_total":38475,"pret_mp":57,"tva_inclus":false,"observatii":null,"actualizat":"2026-08-12"}},{"type":"Feature","geometry":{"type":"Polygon","coordinates":[[[26.086107,44.627246],[26.086116,44.626931],[26.086182,44.626932],[26.086364,44.627061],[26.086358,44.62725],[26.086107,44.627246]]]},"properties":{"id":"lacul-vlasiei-a20","cod":"A20","proiect":"lacul-vlasiei","sir":1,"status":"vandut","suprafata":594,"front":5.9,"laturi":5,"pret_total":34452,"pret_mp":58,"tva_inclus":false,"observatii":"lot de colț, deschidere pe două laturi, formă neregulată, urmează hotarul terenului","actualizat":"2026-08-12"}},{"type":"Feature","geometry":{"type":"Polygon","coordinates":[[[26.0835,44.627524],[26.083509,44.62721],[26.083756,44.627213],[26.083747,44.627528],[26.0835,44.627524]]]},"properties":{"id":"lacul-vlasiei-b1","cod":"B1","proiect":"lacul-vlasiei","sir":0,"status":"rezervat","suprafata":684,"front":19.5,"laturi":4,"pret_total":39672,"pret_mp":58,"tva_inclus":false,"observatii":"lot de colț, deschidere pe două laturi","actualizat":"2026-08-12"}},{"type":"Feature","geometry":{"type":"Polygon","coordinates":[[[26.083747,44.627528],[26.083756,44.627213],[26.083994,44.627216],[26.083985,44.627531],[26.083747,44.627528]]]},"properties":{"id":"lacul-vlasiei-b3","cod":"B3","proiect":"lacul-vlasiei","sir":0,"status":"disponibil","suprafata":661,"front":18.9,"laturi":4,"pret_total":37016,"pret_mp":56,"tva_inclus":false,"observatii":null,"actualizat":"2026-08-12"}},{"type":"Feature","geometry":{"type":"Polygon","coordinates":[[[26.083985,44.627531],[26.083994,44.627216],[26.084233,44.62722],[26.084224,44.627535],[26.083985,44.627531]]]},"properties":{"id":"lacul-vlasiei-b5","cod":"B5","proiect":"lacul-vlasiei","sir":0,"status":"disponibil","suprafata":662,"front":18.9,"laturi":4,"pret_total":37734,"pret_mp":57,"tva_inclus":false,"observatii":null,"actualizat":"2026-08-12"}},{"type":"Feature","geometry":{"type":"Polygon","coordinates":[[[26.084224,44.627535],[26.084233,44.62722],[26.084482,44.627223],[26.084473,44.627538],[26.084224,44.627535]]]},"properties":{"id":"lacul-vlasiei-b7","cod":"B7","proiect":"lacul-vlasiei","sir":0,"status":"disponibil","suprafata":689,"front":19.7,"laturi":4,"pret_total":37895,"pret_mp":55,"tva_inclus":false,"observatii":null,"actualizat":"2026-08-12"}},{"type":"Feature","geometry":{"type":"Polygon","coordinates":[[[26.084473,44.627538],[26.084482,44.627223],[26.084722,44.627227],[26.084713,44.627541],[26.084473,44.627538]]]},"properties":{"id":"lacul-vlasiei-b9","cod":"B9","proiect":"lacul-vlasiei","sir":0,"status":"vandut","suprafata":665,"front":19,"laturi":4,"pret_total":37240,"pret_mp":56,"tva_inclus":false,"observatii":null,"actualizat":"2026-08-12"}},{"type":"Feature","geometry":{"type":"Polygon","coordinates":[[[26.084713,44.627541],[26.084722,44.627227],[26.084961,44.62723],[26.084952,44.627545],[26.084713,44.627541]]]},"properties":{"id":"lacul-vlasiei-b11","cod":"B11","proiect":"lacul-vlasiei","sir":0,"status":"vandut","suprafata":663,"front":18.9,"laturi":4,"pret_total":37128,"pret_mp":56,"tva_inclus":false,"observatii":null,"actualizat":"2026-08-12"}},{"type":"Feature","geometry":{"type":"Polygon","coordinates":[[[26.084952,44.627545],[26.084961,44.62723],[26.085192,44.627233],[26.085072,44.627546],[26.084952,44.627545]]]},"properties":{"id":"lacul-vlasiei-b13","cod":"B13","proiect":"lacul-vlasiei","sir":0,"status":"disponibil","suprafata":485,"front":9.6,"laturi":4,"pret_total":26675,"pret_mp":55,"tva_inclus":false,"observatii":null,"actualizat":"2026-08-12"}},{"type":"Feature","geometry":{"type":"Polygon","coordinates":[[[26.085381,44.627551],[26.08539,44.627236],[26.085633,44.62724],[26.085625,44.627554],[26.085381,44.627551]]]},"properties":{"id":"lacul-vlasiei-b15","cod":"B15","proiect":"lacul-vlasiei","sir":0,"status":"rezervat","suprafata":675,"front":19.3,"laturi":4,"pret_total":38475,"pret_mp":57,"tva_inclus":false,"observatii":null,"actualizat":"2026-08-12"}},{"type":"Feature","geometry":{"type":"Polygon","coordinates":[[[26.085625,44.627554],[26.085633,44.62724],[26.085868,44.627243],[26.085859,44.627558],[26.085625,44.627554]]]},"properties":{"id":"lacul-vlasiei-b17","cod":"B17","proiect":"lacul-vlasiei","sir":0,"status":"disponibil","suprafata":650,"front":18.6,"laturi":4,"pret_total":35750,"pret_mp":55,"tva_inclus":false,"observatii":null,"actualizat":"2026-08-12"}},{"type":"Feature","geometry":{"type":"Polygon","coordinates":[[[26.085859,44.627558],[26.085868,44.627243],[26.086112,44.627246],[26.086103,44.627561],[26.085859,44.627558]]]},"properties":{"id":"lacul-vlasiei-b19","cod":"B19","proiect":"lacul-vlasiei","sir":0,"status":"disponibil","suprafata":675,"front":19.3,"laturi":4,"pret_total":37800,"pret_mp":56,"tva_inclus":false,"observatii":null,"actualizat":"2026-08-12"}},{"type":"Feature","geometry":{"type":"Polygon","coordinates":[[[26.086103,44.627561],[26.086112,44.627246],[26.08636,44.62725],[26.086351,44.627564],[26.086103,44.627561]]]},"properties":{"id":"lacul-vlasiei-b21","cod":"B21","proiect":"lacul-vlasiei","sir":0,"status":"disponibil","suprafata":689,"front":19.7,"laturi":4,"pret_total":39962,"pret_mp":58,"tva_inclus":false,"observatii":null,"actualizat":"2026-08-12"}},{"type":"Feature","geometry":{"type":"Polygon","coordinates":[[[26.086351,44.627564],[26.08636,44.62725],[26.086602,44.627253],[26.086594,44.627568],[26.086351,44.627564]]]},"properties":{"id":"lacul-vlasiei-b23","cod":"B23","proiect":"lacul-vlasiei","sir":0,"status":"rezervat","suprafata":671,"front":19.2,"laturi":4,"pret_total":37576,"pret_mp":56,"tva_inclus":false,"observatii":null,"actualizat":"2026-08-12"}},{"type":"Feature","geometry":{"type":"Polygon","coordinates":[[[26.086594,44.627568],[26.086602,44.627253],[26.086635,44.627254],[26.086817,44.627383],[26.086819,44.627384],[26.086846,44.627401],[26.086841,44.627571],[26.086594,44.627568]]]},"properties":{"id":"lacul-vlasiei-b25","cod":"B25","proiect":"lacul-vlasiei","sir":0,"status":"rezervat","suprafata":547,"front":19.6,"laturi":7,"pret_total":31179,"pret_mp":57,"tva_inclus":false,"observatii":"formă neregulată, urmează hotarul terenului","actualizat":"2026-08-12"}},{"type":"Feature","geometry":{"type":"Polygon","coordinates":[[[26.087213,44.627519],[26.08722,44.627262],[26.087256,44.627262],[26.087459,44.627356],[26.087452,44.62758],[26.087304,44.627578],[26.087213,44.627519]]]},"properties":{"id":"lacul-vlasiei-b27","cod":"B27","proiect":"lacul-vlasiei","sir":0,"status":"disponibil","suprafata":562,"front":12.4,"laturi":6,"pret_total":32596,"pret_mp":58,"tva_inclus":false,"observatii":"lot de colț, deschidere pe două laturi, formă neregulată, urmează hotarul terenului","actualizat":"2026-08-12"}},{"type":"Feature","geometry":{"type":"Polygon","coordinates":[[[26.083489,44.627911],[26.083498,44.627596],[26.083739,44.6276],[26.08373,44.627914],[26.083489,44.627911]]]},"properties":{"id":"lacul-vlasiei-b2","cod":"B2","proiect":"lacul-vlasiei","sir":1,"status":"disponibil","suprafata":667,"front":19,"laturi":4,"pret_total":40687,"pret_mp":61,"tva_inclus":false,"observatii":"lot de colț, deschidere pe două laturi","actualizat":"2026-08-12"}},{"type":"Feature","geometry":{"type":"Polygon","coordinates":[[[26.08373,44.627914],[26.083739,44.6276],[26.083986,44.627603],[26.083977,44.627918],[26.08373,44.627914]]]},"properties":{"id":"lacul-vlasiei-b4","cod":"B4","proiect":"lacul-vlasiei","sir":1,"status":"disponibil","suprafata":685,"front":19.6,"laturi":4,"pret_total":38360,"pret_mp":56,"tva_inclus":false,"observatii":null,"actualizat":"2026-08-12"}},{"type":"Feature","geometry":{"type":"Polygon","coordinates":[[[26.083977,44.627918],[26.083986,44.627603],[26.084221,44.627606],[26.084213,44.627921],[26.083977,44.627918]]]},"properties":{"id":"lacul-vlasiei-b6","cod":"B6","proiect":"lacul-vlasiei","sir":1,"status":"disponibil","suprafata":653,"front":18.6,"laturi":4,"pret_total":36568,"pret_mp":56,"tva_inclus":false,"observatii":null,"actualizat":"2026-08-12"}},{"type":"Feature","geometry":{"type":"Polygon","coordinates":[[[26.084213,44.627921],[26.084221,44.627606],[26.084456,44.62761],[26.084447,44.627924],[26.084213,44.627921]]]},"properties":{"id":"lacul-vlasiei-b8","cod":"B8","proiect":"lacul-vlasiei","sir":1,"status":"vandut","suprafata":649,"front":18.6,"laturi":4,"pret_total":36344,"pret_mp":56,"tva_inclus":false,"observatii":null,"actualizat":"2026-08-12"}},{"type":"Feature","geometry":{"type":"Polygon","coordinates":[[[26.084447,44.627924],[26.084456,44.62761],[26.084706,44.627613],[26.084698,44.627928],[26.084447,44.627924]]]},"properties":{"id":"lacul-vlasiei-b10","cod":"B10","proiect":"lacul-vlasiei","sir":1,"status":"disponibil","suprafata":694,"front":19.8,"laturi":4,"pret_total":38170,"pret_mp":55,"tva_inclus":false,"observatii":null,"actualizat":"2026-08-12"}},{"type":"Feature","geometry":{"type":"Polygon","coordinates":[[[26.084698,44.627928],[26.084706,44.627613],[26.084958,44.627617],[26.084952,44.627863],[26.084948,44.627872],[26.084924,44.627931],[26.084698,44.627928]]]},"properties":{"id":"lacul-vlasiei-b12","cod":"B12","proiect":"lacul-vlasiei","sir":1,"status":"rezervat","suprafata":690,"front":19.9,"laturi":6,"pret_total":38640,"pret_mp":56,"tva_inclus":false,"observatii":"formă neregulată, urmează hotarul terenului","actualizat":"2026-08-12"}},{"type":"Feature","geometry":{"type":"Polygon","coordinates":[[[26.08537,44.627937],[26.085379,44.627623],[26.085617,44.627626],[26.085608,44.627941],[26.08537,44.627937]]]},"properties":{"id":"lacul-vlasiei-b14","cod":"B14","proiect":"lacul-vlasiei","sir":1,"status":"disponibil","suprafata":659,"front":18.8,"laturi":4,"pret_total":37563,"pret_mp":57,"tva_inclus":false,"observatii":null,"actualizat":"2026-08-12"}},{"type":"Feature","geometry":{"type":"Polygon","coordinates":[[[26.085608,44.627941],[26.085617,44.627626],[26.085848,44.627629],[26.085839,44.627944],[26.085608,44.627941]]]},"properties":{"id":"lacul-vlasiei-b16","cod":"B16","proiect":"lacul-vlasiei","sir":1,"status":"disponibil","suprafata":641,"front":18.3,"laturi":4,"pret_total":35896,"pret_mp":56,"tva_inclus":false,"observatii":null,"actualizat":"2026-08-12"}},{"type":"Feature","geometry":{"type":"Polygon","coordinates":[[[26.085839,44.627944],[26.085848,44.627629],[26.0861,44.627633],[26.086091,44.627948],[26.085839,44.627944]]]},"properties":{"id":"lacul-vlasiei-b18","cod":"B18","proiect":"lacul-vlasiei","sir":1,"status":"disponibil","suprafata":697,"front":19.9,"laturi":4,"pret_total":39032,"pret_mp":56,"tva_inclus":false,"observatii":null,"actualizat":"2026-08-12"}},{"type":"Feature","geometry":{"type":"Polygon","coordinates":[[[26.086091,44.627948],[26.0861,44.627633],[26.086329,44.627636],[26.086321,44.627951],[26.086091,44.627948]]]},"properties":{"id":"lacul-vlasiei-b20","cod":"B20","proiect":"lacul-vlasiei","sir":1,"status":"disponibil","suprafata":637,"front":18.2,"laturi":4,"pret_total":36309,"pret_mp":57,"tva_inclus":false,"observatii":null,"actualizat":"2026-08-12"}},{"type":"Feature","geometry":{"type":"Polygon","coordinates":[[[26.086321,44.627951],[26.086329,44.627636],[26.086563,44.627639],[26.086554,44.627954],[26.086321,44.627951]]]},"properties":{"id":"lacul-vlasiei-b22","cod":"B22","proiect":"lacul-vlasiei","sir":1,"status":"disponibil","suprafata":646,"front":18.5,"laturi":4,"pret_total":35530,"pret_mp":55,"tva_inclus":false,"observatii":null,"actualizat":"2026-08-12"}},{"type":"Feature","geometry":{"type":"Polygon","coordinates":[[[26.086554,44.627954],[26.086563,44.627639],[26.086812,44.627643],[26.086803,44.627958],[26.086554,44.627954]]]},"properties":{"id":"lacul-vlasiei-b24","cod":"B24","proiect":"lacul-vlasiei","sir":1,"status":"disponibil","suprafata":690,"front":19.7,"laturi":4,"pret_total":39330,"pret_mp":57,"tva_inclus":false,"observatii":null,"actualizat":"2026-08-12"}},{"type":"Feature","geometry":{"type":"Polygon","coordinates":[[[26.086803,44.627958],[26.086812,44.627643],[26.087055,44.627646],[26.087046,44.627961],[26.086803,44.627958]]]},"properties":{"id":"lacul-vlasiei-b26","cod":"B26","proiect":"lacul-vlasiei","sir":1,"status":"disponibil","suprafata":673,"front":19.2,"laturi":4,"pret_total":37015,"pret_mp":55,"tva_inclus":false,"observatii":null,"actualizat":"2026-08-12"}},{"type":"Feature","geometry":{"type":"Polygon","coordinates":[[[26.087201,44.627963],[26.087209,44.627648],[26.087226,44.627649],[26.087452,44.627796],[26.087447,44.627967],[26.087201,44.627963]]]},"properties":{"id":"lacul-vlasiei-b28","cod":"B28","proiect":"lacul-vlasiei","sir":1,"status":"disponibil","suprafata":537,"front":2,"laturi":5,"pret_total":27387,"pret_mp":51,"tva_inclus":false,"observatii":"formă neregulată, urmează hotarul terenului","actualizat":"2026-08-12"}},{"type":"Feature","geometry":{"type":"Polygon","coordinates":[[[26.087696,44.627833],[26.087701,44.627655],[26.087937,44.627659],[26.087929,44.627973],[26.087911,44.627973],[26.087696,44.627833]]]},"properties":{"id":"lacul-vlasiei-b30","cod":"B30","proiect":"lacul-vlasiei","sir":1,"status":"disponibil","suprafata":523,"front":18.7,"laturi":5,"pret_total":29288,"pret_mp":56,"tva_inclus":false,"observatii":"formă neregulată, urmează hotarul terenului","actualizat":"2026-08-12"}},{"type":"Feature","geometry":{"type":"Polygon","coordinates":[[[26.087929,44.627973],[26.087937,44.627659],[26.088124,44.627661],[26.088172,44.627683],[26.088164,44.627977],[26.087929,44.627973]]]},"properties":{"id":"lacul-vlasiei-b32","cod":"B32","proiect":"lacul-vlasiei","sir":1,"status":"disponibil","suprafata":647,"front":15.8,"laturi":5,"pret_total":36232,"pret_mp":56,"tva_inclus":false,"observatii":"formă neregulată, urmează hotarul terenului","actualizat":"2026-08-12"}},{"type":"Feature","geometry":{"type":"Polygon","coordinates":[[[26.088164,44.627977],[26.088172,44.627683],[26.088409,44.627792],[26.088404,44.62798],[26.088164,44.627977]]]},"properties":{"id":"lacul-vlasiei-b34","cod":"B34","proiect":"lacul-vlasiei","sir":1,"status":"disponibil","suprafata":509,"front":19,"laturi":4,"pret_total":30540,"pret_mp":60,"tva_inclus":false,"observatii":"lot de colț, deschidere pe două laturi","actualizat":"2026-08-12"}},{"type":"Feature","geometry":{"type":"Polygon","coordinates":[[[26.08348,44.628226],[26.083489,44.627911],[26.083739,44.627914],[26.083731,44.628229],[26.08348,44.628226]]]},"properties":{"id":"lacul-vlasiei-c1","cod":"C1","proiect":"lacul-vlasiei","sir":0,"status":"disponibil","suprafata":693,"front":19.8,"laturi":4,"pret_total":40887,"pret_mp":59,"tva_inclus":false,"observatii":"lot de colț, deschidere pe două laturi","actualizat":"2026-08-12"}},{"type":"Feature","geometry":{"type":"Polygon","coordinates":[[[26.083731,44.628229],[26.083739,44.627914],[26.083972,44.627918],[26.083964,44.628232],[26.083731,44.628229]]]},"properties":{"id":"lacul-vlasiei-c3","cod":"C3","proiect":"lacul-vlasiei","sir":0,"status":"disponibil","suprafata":646,"front":18.4,"laturi":4,"pret_total":36176,"pret_mp":56,"tva_inclus":false,"observatii":null,"actualizat":"2026-08-12"}},{"type":"Feature","geometry":{"type":"Polygon","coordinates":[[[26.083964,44.628232],[26.083972,44.627918],[26.084224,44.627921],[26.084215,44.628236],[26.083964,44.628232]]]},"properties":{"id":"lacul-vlasiei-c5","cod":"C5","proiect":"lacul-vlasiei","sir":0,"status":"disponibil","suprafata":697,"front":19.9,"laturi":4,"pret_total":39729,"pret_mp":57,"tva_inclus":false,"observatii":null,"actualizat":"2026-08-12"}},{"type":"Feature","geometry":{"type":"Polygon","coordinates":[[[26.084215,44.628236],[26.084224,44.627921],[26.084459,44.627925],[26.08445,44.628239],[26.084215,44.628236]]]},"properties":{"id":"lacul-vlasiei-c7","cod":"C7","proiect":"lacul-vlasiei","sir":0,"status":"disponibil","suprafata":651,"front":18.6,"laturi":4,"pret_total":35154,"pret_mp":54,"tva_inclus":false,"observatii":null,"actualizat":"2026-08-12"}},{"type":"Feature","geometry":{"type":"Polygon","coordinates":[[[26.08445,44.628239],[26.084459,44.627925],[26.084696,44.627928],[26.084687,44.628243],[26.08445,44.628239]]]},"properties":{"id":"lacul-vlasiei-c9","cod":"C9","proiect":"lacul-vlasiei","sir":0,"status":"disponibil","suprafata":658,"front":18.8,"laturi":4,"pret_total":36848,"pret_mp":56,"tva_inclus":false,"observatii":null,"actualizat":"2026-08-12"}},{"type":"Feature","geometry":{"type":"Polygon","coordinates":[[[26.084687,44.628243],[26.084696,44.627928],[26.084924,44.627931],[26.084796,44.628244],[26.084687,44.628243]]]},"properties":{"id":"lacul-vlasiei-c11","cod":"C11","proiect":"lacul-vlasiei","sir":0,"status":"disponibil","suprafata":466,"front":8.8,"laturi":4,"pret_total":24698,"pret_mp":53,"tva_inclus":false,"observatii":null,"actualizat":"2026-08-12"}},{"type":"Feature","geometry":{"type":"Polygon","coordinates":[[[26.084927,44.628246],[26.085055,44.627933],[26.085181,44.627935],[26.085172,44.628249],[26.084927,44.628246]]]},"properties":{"id":"lacul-vlasiei-c13","cod":"C13","proiect":"lacul-vlasiei","sir":0,"status":"disponibil","suprafata":515,"front":19.4,"laturi":4,"pret_total":28325,"pret_mp":55,"tva_inclus":false,"observatii":null,"actualizat":"2026-08-12"}},{"type":"Feature","geometry":{"type":"Polygon","coordinates":[[[26.085361,44.628252],[26.08537,44.627937],[26.085617,44.627941],[26.085609,44.628256],[26.085361,44.628252]]]},"properties":{"id":"lacul-vlasiei-c15","cod":"C15","proiect":"lacul-vlasiei","sir":0,"status":"disponibil","suprafata":685,"front":19.6,"laturi":4,"pret_total":36990,"pret_mp":54,"tva_inclus":false,"observatii":null,"actualizat":"2026-08-12"}},{"type":"Feature","geometry":{"type":"Polygon","coordinates":[[[26.085609,44.628256],[26.085617,44.627941],[26.085867,44.627944],[26.085858,44.628259],[26.085609,44.628256]]]},"properties":{"id":"lacul-vlasiei-c17","cod":"C17","proiect":"lacul-vlasiei","sir":0,"status":"disponibil","suprafata":690,"front":19.7,"laturi":4,"pret_total":39330,"pret_mp":57,"tva_inclus":false,"observatii":null,"actualizat":"2026-08-12"}},{"type":"Feature","geometry":{"type":"Polygon","coordinates":[[[26.085858,44.628259],[26.085867,44.627944],[26.086116,44.627948],[26.086107,44.628263],[26.085858,44.628259]]]},"properties":{"id":"lacul-vlasiei-c19","cod":"C19","proiect":"lacul-vlasiei","sir":0,"status":"disponibil","suprafata":690,"front":19.7,"laturi":4,"pret_total":37260,"pret_mp":54,"tva_inclus":false,"observatii":null,"actualizat":"2026-08-12"}},{"type":"Feature","geometry":{"type":"Polygon","coordinates":[[[26.086107,44.628263],[26.086116,44.627948],[26.086349,44.627951],[26.08634,44.628266],[26.086107,44.628263]]]},"properties":{"id":"lacul-vlasiei-c21","cod":"C21","proiect":"lacul-vlasiei","sir":0,"status":"disponibil","suprafata":647,"front":18.5,"laturi":4,"pret_total":34938,"pret_mp":54,"tva_inclus":false,"observatii":null,"actualizat":"2026-08-12"}},{"type":"Feature","geometry":{"type":"Polygon","coordinates":[[[26.08634,44.628266],[26.086349,44.627951],[26.086595,44.627955],[26.086586,44.628269],[26.08634,44.628266]]]},"properties":{"id":"lacul-vlasiei-c23","cod":"C23","proiect":"lacul-vlasiei","sir":0,"status":"disponibil","suprafata":681,"front":19.4,"laturi":4,"pret_total":38817,"pret_mp":57,"tva_inclus":false,"observatii":null,"actualizat":"2026-08-12"}},{"type":"Feature","geometry":{"type":"Polygon","coordinates":[[[26.086586,44.628269],[26.086595,44.627955],[26.086831,44.627958],[26.086822,44.628273],[26.086586,44.628269]]]},"properties":{"id":"lacul-vlasiei-c25","cod":"C25","proiect":"lacul-vlasiei","sir":0,"status":"disponibil","suprafata":654,"front":18.7,"laturi":4,"pret_total":36624,"pret_mp":56,"tva_inclus":false,"observatii":null,"actualizat":"2026-08-12"}},{"type":"Feature","geometry":{"type":"Polygon","coordinates":[[[26.086822,44.628273],[26.086831,44.627958],[26.087075,44.627961],[26.087066,44.628276],[26.086822,44.628273]]]},"properties":{"id":"lacul-vlasiei-c27","cod":"C27","proiect":"lacul-vlasiei","sir":0,"status":"disponibil","suprafata":676,"front":19.3,"laturi":4,"pret_total":37180,"pret_mp":55,"tva_inclus":false,"observatii":null,"actualizat":"2026-08-12"}},{"type":"Feature","geometry":{"type":"Polygon","coordinates":[[[26.087192,44.628278],[26.087201,44.627963],[26.087431,44.627966],[26.087422,44.628281],[26.087192,44.628278]]]},"properties":{"id":"lacul-vlasiei-c29","cod":"C29","proiect":"lacul-vlasiei","sir":0,"status":"disponibil","suprafata":638,"front":18.2,"laturi":4,"pret_total":35090,"pret_mp":55,"tva_inclus":false,"observatii":null,"actualizat":"2026-08-12"}},{"type":"Feature","geometry":{"type":"Polygon","coordinates":[[[26.087422,44.628281],[26.087431,44.627966],[26.087663,44.62797],[26.087655,44.628284],[26.087422,44.628281]]]},"properties":{"id":"lacul-vlasiei-c31","cod":"C31","proiect":"lacul-vlasiei","sir":0,"status":"disponibil","suprafata":644,"front":18.4,"laturi":4,"pret_total":34776,"pret_mp":54,"tva_inclus":false,"observatii":null,"actualizat":"2026-08-12"}},{"type":"Feature","geometry":{"type":"Polygon","coordinates":[[[26.087655,44.628284],[26.087663,44.62797],[26.08772,44.62797],[26.087891,44.628082],[26.087885,44.628288],[26.087655,44.628284]]]},"properties":{"id":"lacul-vlasiei-c33","cod":"C33","proiect":"lacul-vlasiei","sir":0,"status":"disponibil","suprafata":555,"front":18.2,"laturi":5,"pret_total":29415,"pret_mp":53,"tva_inclus":false,"observatii":"formă neregulată, urmează hotarul terenului","actualizat":"2026-08-12"}},{"type":"Feature","geometry":{"type":"Polygon","coordinates":[[[26.08812,44.628109],[26.088123,44.627976],[26.088365,44.62798],[26.088357,44.628248],[26.088337,44.628243],[26.088272,44.628208],[26.08812,44.628109]]]},"properties":{"id":"lacul-vlasiei-c35","cod":"C35","proiect":"lacul-vlasiei","sir":0,"status":"in_pregatire","suprafata":438,"front":19.1,"laturi":6,"pret_total":24528,"pret_mp":56,"tva_inclus":false,"observatii":"formă neregulată, urmează hotarul terenului","actualizat":"2026-08-12"}},{"type":"Feature","geometry":{"type":"Polygon","coordinates":[[[26.088357,44.628248],[26.088365,44.62798],[26.088596,44.627983],[26.088589,44.62825],[26.088562,44.628256],[26.08848,44.628265],[26.088405,44.62826],[26.088357,44.628248]]]},"properties":{"id":"lacul-vlasiei-c37","cod":"C37","proiect":"lacul-vlasiei","sir":0,"status":"disponibil","suprafata":566,"front":18.3,"laturi":7,"pret_total":31130,"pret_mp":55,"tva_inclus":false,"observatii":"formă neregulată, urmează hotarul terenului","actualizat":"2026-08-12"}},{"type":"Feature","geometry":{"type":"Polygon","coordinates":[[[26.088589,44.62825],[26.088596,44.627983],[26.088832,44.627986],[26.088832,44.627986],[26.088827,44.62818],[26.088707,44.628224],[26.088589,44.62825]]]},"properties":{"id":"lacul-vlasiei-c39","cod":"C39","proiect":"lacul-vlasiei","sir":0,"status":"in_pregatire","suprafata":489,"front":18.7,"laturi":6,"pret_total":28362,"pret_mp":58,"tva_inclus":false,"observatii":"lot de colț, deschidere pe două laturi, formă neregulată, urmează hotarul terenului","actualizat":"2026-08-12"}},{"type":"Feature","geometry":{"type":"Polygon","coordinates":[[[26.08347,44.628601],[26.083478,44.628298],[26.08371,44.628301],[26.083701,44.628616],[26.08347,44.628612],[26.08347,44.628601]]]},"properties":{"id":"lacul-vlasiei-c2","cod":"C2","proiect":"lacul-vlasiei","sir":1,"status":"rezervat","suprafata":641,"front":18.3,"laturi":5,"pret_total":37819,"pret_mp":59,"tva_inclus":false,"observatii":"lot de colț, deschidere pe două laturi, formă neregulată, urmează hotarul terenului","actualizat":"2026-08-12"}},{"type":"Feature","geometry":{"type":"Polygon","coordinates":[[[26.083701,44.628616],[26.08371,44.628301],[26.083955,44.628304],[26.083947,44.628619],[26.083701,44.628616]]]},"properties":{"id":"lacul-vlasiei-c4","cod":"C4","proiect":"lacul-vlasiei","sir":1,"status":"disponibil","suprafata":681,"front":19.4,"laturi":4,"pret_total":38817,"pret_mp":57,"tva_inclus":false,"observatii":null,"actualizat":"2026-08-12"}},{"type":"Feature","geometry":{"type":"Polygon","coordinates":[[[26.083947,44.628619],[26.083955,44.628304],[26.0842,44.628308],[26.084192,44.628622],[26.083947,44.628619]]]},"properties":{"id":"lacul-vlasiei-c6","cod":"C6","proiect":"lacul-vlasiei","sir":1,"status":"disponibil","suprafata":679,"front":19.4,"laturi":4,"pret_total":38024,"pret_mp":56,"tva_inclus":false,"observatii":null,"actualizat":"2026-08-12"}},{"type":"Feature","geometry":{"type":"Polygon","coordinates":[[[26.084192,44.628622],[26.0842,44.628308],[26.084437,44.628311],[26.084429,44.628626],[26.084192,44.628622]]]},"properties":{"id":"lacul-vlasiei-c8","cod":"C8","proiect":"lacul-vlasiei","sir":1,"status":"disponibil","suprafata":656,"front":18.7,"laturi":4,"pret_total":36080,"pret_mp":55,"tva_inclus":false,"observatii":null,"actualizat":"2026-08-12"}},{"type":"Feature","geometry":{"type":"Polygon","coordinates":[[[26.084429,44.628626],[26.084437,44.628311],[26.084671,44.628314],[26.084664,44.628569],[26.08464,44.628629],[26.084429,44.628626]]]},"properties":{"id":"lacul-vlasiei-c10","cod":"C10","proiect":"lacul-vlasiei","sir":1,"status":"rezervat","suprafata":641,"front":18.5,"laturi":5,"pret_total":35896,"pret_mp":56,"tva_inclus":false,"observatii":"formă neregulată, urmează hotarul terenului","actualizat":"2026-08-12"}},{"type":"Feature","geometry":{"type":"Polygon","coordinates":[[[26.084896,44.628632],[26.084905,44.628318],[26.085133,44.628321],[26.085125,44.628636],[26.084896,44.628632]]]},"properties":{"id":"lacul-vlasiei-c12","cod":"C12","proiect":"lacul-vlasiei","sir":1,"status":"disponibil","suprafata":633,"front":18.1,"laturi":4,"pret_total":34182,"pret_mp":54,"tva_inclus":false,"observatii":null,"actualizat":"2026-08-12"}},{"type":"Feature","geometry":{"type":"Polygon","coordinates":[[[26.085351,44.628639],[26.085359,44.628324],[26.08561,44.628328],[26.085601,44.628642],[26.085351,44.628639]]]},"properties":{"id":"lacul-vlasiei-c14","cod":"C14","proiect":"lacul-vlasiei","sir":1,"status":"rezervat","suprafata":694,"front":19.8,"laturi":4,"pret_total":39558,"pret_mp":57,"tva_inclus":false,"observatii":null,"actualizat":"2026-08-12"}},{"type":"Feature","geometry":{"type":"Polygon","coordinates":[[[26.085601,44.628642],[26.08561,44.628328],[26.085858,44.628331],[26.085849,44.628646],[26.085601,44.628642]]]},"properties":{"id":"lacul-vlasiei-c16","cod":"C16","proiect":"lacul-vlasiei","sir":1,"status":"disponibil","suprafata":688,"front":19.7,"laturi":4,"pret_total":37840,"pret_mp":55,"tva_inclus":false,"observatii":null,"actualizat":"2026-08-12"}},{"type":"Feature","geometry":{"type":"Polygon","coordinates":[[[26.085849,44.628646],[26.085858,44.628331],[26.086094,44.628334],[26.086086,44.628649],[26.085849,44.628646]]]},"properties":{"id":"lacul-vlasiei-c18","cod":"C18","proiect":"lacul-vlasiei","sir":1,"status":"disponibil","suprafata":654,"front":18.7,"laturi":4,"pret_total":36624,"pret_mp":56,"tva_inclus":false,"observatii":null,"actualizat":"2026-08-12"}},{"type":"Feature","geometry":{"type":"Polygon","coordinates":[[[26.086086,44.628649],[26.086094,44.628334],[26.086333,44.628338],[26.086324,44.628652],[26.086086,44.628649]]]},"properties":{"id":"lacul-vlasiei-c20","cod":"C20","proiect":"lacul-vlasiei","sir":1,"status":"disponibil","suprafata":661,"front":18.9,"laturi":4,"pret_total":36355,"pret_mp":55,"tva_inclus":false,"observatii":null,"actualizat":"2026-08-12"}},{"type":"Feature","geometry":{"type":"Polygon","coordinates":[[[26.086324,44.628652],[26.086333,44.628338],[26.086578,44.628341],[26.086569,44.628656],[26.086324,44.628652]]]},"properties":{"id":"lacul-vlasiei-c22","cod":"C22","proiect":"lacul-vlasiei","sir":1,"status":"disponibil","suprafata":678,"front":19.4,"laturi":4,"pret_total":37290,"pret_mp":55,"tva_inclus":false,"observatii":null,"actualizat":"2026-08-12"}},{"type":"Feature","geometry":{"type":"Polygon","coordinates":[[[26.086569,44.628656],[26.086578,44.628341],[26.086824,44.628345],[26.086815,44.628659],[26.086569,44.628656]]]},"properties":{"id":"lacul-vlasiei-c24","cod":"C24","proiect":"lacul-vlasiei","sir":1,"status":"disponibil","suprafata":682,"front":19.5,"laturi":4,"pret_total":38874,"pret_mp":57,"tva_inclus":false,"observatii":null,"actualizat":"2026-08-12"}},{"type":"Feature","geometry":{"type":"Polygon","coordinates":[[[26.086815,44.628659],[26.086824,44.628345],[26.087059,44.628348],[26.08705,44.628663],[26.086815,44.628659]]]},"properties":{"id":"lacul-vlasiei-c26","cod":"C26","proiect":"lacul-vlasiei","sir":1,"status":"in_pregatire","suprafata":651,"front":18.6,"laturi":4,"pret_total":36456,"pret_mp":56,"tva_inclus":false,"observatii":null,"actualizat":"2026-08-12"}},{"type":"Feature","geometry":{"type":"Polygon","coordinates":[[[26.087181,44.628664],[26.08719,44.62835],[26.087426,44.628353],[26.087417,44.628668],[26.087181,44.628664]]]},"properties":{"id":"lacul-vlasiei-c28","cod":"C28","proiect":"lacul-vlasiei","sir":1,"status":"disponibil","suprafata":654,"front":18.7,"laturi":4,"pret_total":35316,"pret_mp":54,"tva_inclus":false,"observatii":null,"actualizat":"2026-08-12"}},{"type":"Feature","geometry":{"type":"Polygon","coordinates":[[[26.087417,44.628668],[26.087426,44.628353],[26.087666,44.628356],[26.087657,44.628671],[26.087417,44.628668]]]},"properties":{"id":"lacul-vlasiei-c30","cod":"C30","proiect":"lacul-vlasiei","sir":1,"status":"in_pregatire","suprafata":665,"front":19,"laturi":4,"pret_total":37240,"pret_mp":56,"tva_inclus":false,"observatii":null,"actualizat":"2026-08-12"}},{"type":"Feature","geometry":{"type":"Polygon","coordinates":[[[26.087657,44.628671],[26.087666,44.628356],[26.087915,44.62836],[26.087906,44.628675],[26.087657,44.628671]]]},"properties":{"id":"lacul-vlasiei-c32","cod":"C32","proiect":"lacul-vlasiei","sir":1,"status":"in_pregatire","suprafata":689,"front":19.7,"laturi":4,"pret_total":38584,"pret_mp":56,"tva_inclus":false,"observatii":null,"actualizat":"2026-08-12"}},{"type":"Feature","geometry":{"type":"Polygon","coordinates":[[[26.087906,44.628675],[26.087915,44.62836],[26.088161,44.628363],[26.088152,44.628678],[26.087906,44.628675]]]},"properties":{"id":"lacul-vlasiei-c34","cod":"C34","proiect":"lacul-vlasiei","sir":1,"status":"in_pregatire","suprafata":681,"front":19.5,"laturi":4,"pret_total":38136,"pret_mp":56,"tva_inclus":false,"observatii":null,"actualizat":"2026-08-12"}},{"type":"Feature","geometry":{"type":"Polygon","coordinates":[[[26.088152,44.628678],[26.088161,44.628363],[26.088405,44.628367],[26.088396,44.628682],[26.088152,44.628678]]]},"properties":{"id":"lacul-vlasiei-c36","cod":"C36","proiect":"lacul-vlasiei","sir":1,"status":"in_pregatire","suprafata":676,"front":19.3,"laturi":4,"pret_total":38532,"pret_mp":57,"tva_inclus":false,"observatii":null,"actualizat":"2026-08-12"}},{"type":"Feature","geometry":{"type":"Polygon","coordinates":[[[26.088396,44.628682],[26.088405,44.628367],[26.088642,44.62837],[26.088633,44.628685],[26.088396,44.628682]]]},"properties":{"id":"lacul-vlasiei-c38","cod":"C38","proiect":"lacul-vlasiei","sir":1,"status":"disponibil","suprafata":657,"front":18.8,"laturi":4,"pret_total":37449,"pret_mp":57,"tva_inclus":false,"observatii":null,"actualizat":"2026-08-12"}},{"type":"Feature","geometry":{"type":"Polygon","coordinates":[[[26.088633,44.628685],[26.088642,44.62837],[26.088883,44.628374],[26.088875,44.628688],[26.088633,44.628685]]]},"properties":{"id":"lacul-vlasiei-c40","cod":"C40","proiect":"lacul-vlasiei","sir":1,"status":"in_pregatire","suprafata":669,"front":19.1,"laturi":4,"pret_total":36795,"pret_mp":55,"tva_inclus":false,"observatii":null,"actualizat":"2026-08-12"}},{"type":"Feature","geometry":{"type":"Polygon","coordinates":[[[26.089012,44.62869],[26.08902,44.628376],[26.08927,44.628379],[26.089261,44.628694],[26.089012,44.62869]]]},"properties":{"id":"lacul-vlasiei-c42","cod":"C42","proiect":"lacul-vlasiei","sir":1,"status":"in_pregatire","suprafata":690,"front":19.7,"laturi":4,"pret_total":37950,"pret_mp":55,"tva_inclus":false,"observatii":null,"actualizat":"2026-08-12"}},{"type":"Feature","geometry":{"type":"Polygon","coordinates":[[[26.089261,44.628694],[26.08927,44.628379],[26.089514,44.628382],[26.089505,44.628697],[26.089261,44.628694]]]},"properties":{"id":"lacul-vlasiei-c44","cod":"C44","proiect":"lacul-vlasiei","sir":1,"status":"in_pregatire","suprafata":678,"front":19.4,"laturi":4,"pret_total":37968,"pret_mp":56,"tva_inclus":false,"observatii":null,"actualizat":"2026-08-12"}},{"type":"Feature","geometry":{"type":"Polygon","coordinates":[[[26.089505,44.628697],[26.089514,44.628382],[26.089761,44.628386],[26.089753,44.628701],[26.089505,44.628697]]]},"properties":{"id":"lacul-vlasiei-c46","cod":"C46","proiect":"lacul-vlasiei","sir":1,"status":"disponibil","suprafata":685,"front":19.6,"laturi":4,"pret_total":36990,"pret_mp":54,"tva_inclus":false,"observatii":null,"actualizat":"2026-08-12"}},{"type":"Feature","geometry":{"type":"Polygon","coordinates":[[[26.089753,44.628701],[26.089761,44.628386],[26.090007,44.628389],[26.089999,44.628704],[26.089753,44.628701]]]},"properties":{"id":"lacul-vlasiei-c48","cod":"C48","proiect":"lacul-vlasiei","sir":1,"status":"disponibil","suprafata":681,"front":19.5,"laturi":4,"pret_total":37455,"pret_mp":55,"tva_inclus":false,"observatii":null,"actualizat":"2026-08-12"}},{"type":"Feature","geometry":{"type":"Polygon","coordinates":[[[26.089999,44.628704],[26.090007,44.628389],[26.090137,44.628391],[26.090249,44.62842],[26.090241,44.628708],[26.089999,44.628704]]]},"properties":{"id":"lacul-vlasiei-c50","cod":"C50","proiect":"lacul-vlasiei","sir":1,"status":"disponibil","suprafata":659,"front":12.1,"laturi":5,"pret_total":36245,"pret_mp":55,"tva_inclus":false,"observatii":"formă neregulată, urmează hotarul terenului","actualizat":"2026-08-12"}},{"type":"Feature","geometry":{"type":"Polygon","coordinates":[[[26.090241,44.628708],[26.090249,44.62842],[26.090484,44.628479],[26.090477,44.628711],[26.090241,44.628708]]]},"properties":{"id":"lacul-vlasiei-c52","cod":"C52","proiect":"lacul-vlasiei","sir":1,"status":"in_pregatire","suprafata":539,"front":18.7,"laturi":4,"pret_total":30723,"pret_mp":57,"tva_inclus":false,"observatii":"lot de colț, deschidere pe două laturi","actualizat":"2026-08-12"}},{"type":"Feature","geometry":{"type":"Polygon","coordinates":[[[26.08347,44.628612],[26.083717,44.628616],[26.083708,44.62893],[26.083475,44.628927],[26.08347,44.628612]]]},"properties":{"id":"lacul-vlasiei-d1","cod":"D1","proiect":"lacul-vlasiei","sir":0,"status":"disponibil","suprafata":664,"front":18.4,"laturi":4,"pret_total":36520,"pret_mp":55,"tva_inclus":false,"observatii":"lot de colț, deschidere pe două laturi","actualizat":"2026-08-12"}},{"type":"Feature","geometry":{"type":"Polygon","coordinates":[[[26.083708,44.62893],[26.083717,44.628616],[26.083963,44.628619],[26.083954,44.628934],[26.083708,44.62893]]]},"properties":{"id":"lacul-vlasiei-d3","cod":"D3","proiect":"lacul-vlasiei","sir":0,"status":"in_pregatire","suprafata":682,"front":19.5,"laturi":4,"pret_total":38192,"pret_mp":56,"tva_inclus":false,"observatii":null,"actualizat":"2026-08-12"}},{"type":"Feature","geometry":{"type":"Polygon","coordinates":[[[26.083954,44.628934],[26.083963,44.628619],[26.0842,44.628623],[26.084192,44.628937],[26.083954,44.628934]]]},"properties":{"id":"lacul-vlasiei-d5","cod":"D5","proiect":"lacul-vlasiei","sir":0,"status":"disponibil","suprafata":658,"front":18.8,"laturi":4,"pret_total":35532,"pret_mp":54,"tva_inclus":false,"observatii":null,"actualizat":"2026-08-12"}},{"type":"Feature","geometry":{"type":"Polygon","coordinates":[[[26.084192,44.628937],[26.0842,44.628623],[26.084452,44.628626],[26.084443,44.628941],[26.084192,44.628937]]]},"properties":{"id":"lacul-vlasiei-d7","cod":"D7","proiect":"lacul-vlasiei","sir":0,"status":"disponibil","suprafata":696,"front":19.9,"laturi":4,"pret_total":37584,"pret_mp":54,"tva_inclus":false,"observatii":null,"actualizat":"2026-08-12"}},{"type":"Feature","geometry":{"type":"Polygon","coordinates":[[[26.084694,44.628944],[26.084697,44.628815],[26.084771,44.628631],[26.084946,44.628633],[26.084938,44.628948],[26.084694,44.628944]]]},"properties":{"id":"lacul-vlasiei-d9","cod":"D9","proiect":"lacul-vlasiei","sir":0,"status":"in_pregatire","suprafata":620,"front":19.3,"laturi":5,"pret_total":33480,"pret_mp":54,"tva_inclus":false,"observatii":"formă neregulată, urmează hotarul terenului","actualizat":"2026-08-12"}},{"type":"Feature","geometry":{"type":"Polygon","coordinates":[[[26.084938,44.628948],[26.084946,44.628633],[26.085193,44.628637],[26.085184,44.628951],[26.084938,44.628948]]]},"properties":{"id":"lacul-vlasiei-d11","cod":"D11","proiect":"lacul-vlasiei","sir":0,"status":"in_pregatire","suprafata":682,"front":19.5,"laturi":4,"pret_total":36828,"pret_mp":54,"tva_inclus":false,"observatii":null,"actualizat":"2026-08-12"}},{"type":"Feature","geometry":{"type":"Polygon","coordinates":[[[26.085342,44.628953],[26.085351,44.628639],[26.085584,44.628642],[26.085575,44.628957],[26.085342,44.628953]]]},"properties":{"id":"lacul-vlasiei-d13","cod":"D13","proiect":"lacul-vlasiei","sir":0,"status":"disponibil","suprafata":645,"front":18.4,"laturi":4,"pret_total":34830,"pret_mp":54,"tva_inclus":false,"observatii":null,"actualizat":"2026-08-12"}},{"type":"Feature","geometry":{"type":"Polygon","coordinates":[[[26.085575,44.628957],[26.085584,44.628642],[26.085831,44.628646],[26.085822,44.62896],[26.085575,44.628957]]]},"properties":{"id":"lacul-vlasiei-d15","cod":"D15","proiect":"lacul-vlasiei","sir":0,"status":"disponibil","suprafata":685,"front":19.6,"laturi":4,"pret_total":36305,"pret_mp":53,"tva_inclus":false,"observatii":null,"actualizat":"2026-08-12"}},{"type":"Feature","geometry":{"type":"Polygon","coordinates":[[[26.085822,44.62896],[26.085831,44.628646],[26.086061,44.628649],[26.086052,44.628963],[26.085822,44.62896]]]},"properties":{"id":"lacul-vlasiei-d17","cod":"D17","proiect":"lacul-vlasiei","sir":0,"status":"in_pregatire","suprafata":636,"front":18.2,"laturi":4,"pret_total":33072,"pret_mp":52,"tva_inclus":false,"observatii":null,"actualizat":"2026-08-12"}},{"type":"Feature","geometry":{"type":"Polygon","coordinates":[[[26.086052,44.628963],[26.086061,44.628649],[26.086307,44.628652],[26.086298,44.628967],[26.086052,44.628963]]]},"properties":{"id":"lacul-vlasiei-d19","cod":"D19","proiect":"lacul-vlasiei","sir":0,"status":"in_pregatire","suprafata":683,"front":19.5,"laturi":4,"pret_total":36882,"pret_mp":54,"tva_inclus":false,"observatii":null,"actualizat":"2026-08-12"}},{"type":"Feature","geometry":{"type":"Polygon","coordinates":[[[26.086298,44.628967],[26.086307,44.628652],[26.086555,44.628656],[26.086546,44.62897],[26.086298,44.628967]]]},"properties":{"id":"lacul-vlasiei-d21","cod":"D21","proiect":"lacul-vlasiei","sir":0,"status":"disponibil","suprafata":686,"front":19.6,"laturi":4,"pret_total":36358,"pret_mp":53,"tva_inclus":false,"observatii":null,"actualizat":"2026-08-12"}},{"type":"Feature","geometry":{"type":"Polygon","coordinates":[[[26.086546,44.62897],[26.086555,44.628656],[26.086802,44.628659],[26.086793,44.628974],[26.086546,44.62897]]]},"properties":{"id":"lacul-vlasiei-d23","cod":"D23","proiect":"lacul-vlasiei","sir":0,"status":"disponibil","suprafata":685,"front":19.6,"laturi":4,"pret_total":36990,"pret_mp":54,"tva_inclus":false,"observatii":null,"actualizat":"2026-08-12"}},{"type":"Feature","geometry":{"type":"Polygon","coordinates":[[[26.086793,44.628974],[26.086802,44.628659],[26.08704,44.628663],[26.087031,44.628977],[26.086793,44.628974]]]},"properties":{"id":"lacul-vlasiei-d25","cod":"D25","proiect":"lacul-vlasiei","sir":0,"status":"in_pregatire","suprafata":659,"front":18.8,"laturi":4,"pret_total":34927,"pret_mp":53,"tva_inclus":false,"observatii":null,"actualizat":"2026-08-12"}},{"type":"Feature","geometry":{"type":"Polygon","coordinates":[[[26.087172,44.628979],[26.087181,44.628664],[26.08743,44.628668],[26.087421,44.628983],[26.087172,44.628979]]]},"properties":{"id":"lacul-vlasiei-d27","cod":"D27","proiect":"lacul-vlasiei","sir":0,"status":"disponibil","suprafata":690,"front":19.7,"laturi":4,"pret_total":37260,"pret_mp":54,"tva_inclus":false,"observatii":null,"actualizat":"2026-08-12"}},{"type":"Feature","geometry":{"type":"Polygon","coordinates":[[[26.087421,44.628983],[26.08743,44.628668],[26.087667,44.628671],[26.087659,44.628986],[26.087421,44.628983]]]},"properties":{"id":"lacul-vlasiei-d29","cod":"D29","proiect":"lacul-vlasiei","sir":0,"status":"in_pregatire","suprafata":657,"front":18.8,"laturi":4,"pret_total":34821,"pret_mp":53,"tva_inclus":false,"observatii":null,"actualizat":"2026-08-12"}},{"type":"Feature","geometry":{"type":"Polygon","coordinates":[[[26.087659,44.628986],[26.087667,44.628671],[26.087896,44.628675],[26.087887,44.628989],[26.087659,44.628986]]]},"properties":{"id":"lacul-vlasiei-d31","cod":"D31","proiect":"lacul-vlasiei","sir":0,"status":"in_pregatire","suprafata":633,"front":18.1,"laturi":4,"pret_total":34815,"pret_mp":55,"tva_inclus":false,"observatii":null,"actualizat":"2026-08-12"}},{"type":"Feature","geometry":{"type":"Polygon","coordinates":[[[26.087887,44.628989],[26.087896,44.628675],[26.088141,44.628678],[26.088132,44.628993],[26.087887,44.628989]]]},"properties":{"id":"lacul-vlasiei-d33","cod":"D33","proiect":"lacul-vlasiei","sir":0,"status":"in_pregatire","suprafata":679,"front":19.4,"laturi":4,"pret_total":37345,"pret_mp":55,"tva_inclus":false,"observatii":null,"actualizat":"2026-08-12"}},{"type":"Feature","geometry":{"type":"Polygon","coordinates":[[[26.088132,44.628993],[26.088141,44.628678],[26.08839,44.628681],[26.088382,44.628996],[26.088132,44.628993]]]},"properties":{"id":"lacul-vlasiei-d35","cod":"D35","proiect":"lacul-vlasiei","sir":0,"status":"in_pregatire","suprafata":691,"front":19.7,"laturi":4,"pret_total":38005,"pret_mp":55,"tva_inclus":false,"observatii":null,"actualizat":"2026-08-12"}},{"type":"Feature","geometry":{"type":"Polygon","coordinates":[[[26.088382,44.628996],[26.08839,44.628681],[26.088621,44.628685],[26.088612,44.628999],[26.088382,44.628996]]]},"properties":{"id":"lacul-vlasiei-d37","cod":"D37","proiect":"lacul-vlasiei","sir":0,"status":"in_pregatire","suprafata":638,"front":18.2,"laturi":4,"pret_total":35090,"pret_mp":55,"tva_inclus":false,"observatii":null,"actualizat":"2026-08-12"}},{"type":"Feature","geometry":{"type":"Polygon","coordinates":[[[26.088612,44.628999],[26.088621,44.628685],[26.088871,44.628688],[26.088862,44.629003],[26.088612,44.628999]]]},"properties":{"id":"lacul-vlasiei-d39","cod":"D39","proiect":"lacul-vlasiei","sir":0,"status":"in_pregatire","suprafata":693,"front":19.8,"laturi":4,"pret_total":38808,"pret_mp":56,"tva_inclus":false,"observatii":null,"actualizat":"2026-08-12"}},{"type":"Feature","geometry":{"type":"Polygon","coordinates":[[[26.089003,44.629005],[26.089012,44.62869],[26.089261,44.628694],[26.089252,44.629008],[26.089003,44.629005]]]},"properties":{"id":"lacul-vlasiei-d41","cod":"D41","proiect":"lacul-vlasiei","sir":0,"status":"in_pregatire","suprafata":690,"front":19.7,"laturi":4,"pret_total":36570,"pret_mp":53,"tva_inclus":false,"observatii":null,"actualizat":"2026-08-12"}},{"type":"Feature","geometry":{"type":"Polygon","coordinates":[[[26.089252,44.629008],[26.089261,44.628694],[26.089491,44.628697],[26.089483,44.629012],[26.089252,44.629008]]]},"properties":{"id":"lacul-vlasiei-d43","cod":"D43","proiect":"lacul-vlasiei","sir":0,"status":"in_pregatire","suprafata":639,"front":18.3,"laturi":4,"pret_total":34506,"pret_mp":54,"tva_inclus":false,"observatii":null,"actualizat":"2026-08-12"}},{"type":"Feature","geometry":{"type":"Polygon","coordinates":[[[26.089483,44.629012],[26.089491,44.628697],[26.089743,44.628701],[26.089734,44.629015],[26.089483,44.629012]]]},"properties":{"id":"lacul-vlasiei-d45","cod":"D45","proiect":"lacul-vlasiei","sir":0,"status":"in_pregatire","suprafata":697,"front":19.9,"laturi":4,"pret_total":39032,"pret_mp":56,"tva_inclus":false,"observatii":null,"actualizat":"2026-08-12"}},{"type":"Feature","geometry":{"type":"Polygon","coordinates":[[[26.089734,44.629015],[26.089743,44.628701],[26.089992,44.628704],[26.089983,44.629019],[26.089734,44.629015]]]},"properties":{"id":"lacul-vlasiei-d47","cod":"D47","proiect":"lacul-vlasiei","sir":0,"status":"in_pregatire","suprafata":689,"front":19.7,"laturi":4,"pret_total":37895,"pret_mp":55,"tva_inclus":false,"observatii":null,"actualizat":"2026-08-12"}},{"type":"Feature","geometry":{"type":"Polygon","coordinates":[[[26.089983,44.629019],[26.089992,44.628704],[26.090222,44.628707],[26.090213,44.629022],[26.089983,44.629019]]]},"properties":{"id":"lacul-vlasiei-d49","cod":"D49","proiect":"lacul-vlasiei","sir":0,"status":"in_pregatire","suprafata":636,"front":18.2,"laturi":4,"pret_total":33072,"pret_mp":52,"tva_inclus":false,"observatii":null,"actualizat":"2026-08-12"}},{"type":"Feature","geometry":{"type":"Polygon","coordinates":[[[26.090213,44.629022],[26.090222,44.628707],[26.090456,44.628711],[26.090448,44.629025],[26.090213,44.629022]]]},"properties":{"id":"lacul-vlasiei-d51","cod":"D51","proiect":"lacul-vlasiei","sir":0,"status":"in_pregatire","suprafata":651,"front":18.6,"laturi":4,"pret_total":34503,"pret_mp":53,"tva_inclus":false,"observatii":null,"actualizat":"2026-08-12"}},{"type":"Feature","geometry":{"type":"Polygon","coordinates":[[[26.090448,44.629025],[26.090456,44.628711],[26.090701,44.628714],[26.090692,44.629029],[26.090448,44.629025]]]},"properties":{"id":"lacul-vlasiei-d53","cod":"D53","proiect":"lacul-vlasiei","sir":0,"status":"in_pregatire","suprafata":678,"front":19.4,"laturi":4,"pret_total":36612,"pret_mp":54,"tva_inclus":false,"observatii":null,"actualizat":"2026-08-12"}},{"type":"Feature","geometry":{"type":"Polygon","coordinates":[[[26.090833,44.629031],[26.090842,44.628716],[26.091073,44.628719],[26.091064,44.629034],[26.090833,44.629031]]]},"properties":{"id":"lacul-vlasiei-d55","cod":"D55","proiect":"lacul-vlasiei","sir":0,"status":"in_pregatire","suprafata":639,"front":18.3,"laturi":4,"pret_total":34506,"pret_mp":54,"tva_inclus":false,"observatii":null,"actualizat":"2026-08-12"}},{"type":"Feature","geometry":{"type":"Polygon","coordinates":[[[26.091064,44.629034],[26.091073,44.628719],[26.09132,44.628723],[26.091311,44.629037],[26.091064,44.629034]]]},"properties":{"id":"lacul-vlasiei-d57","cod":"D57","proiect":"lacul-vlasiei","sir":0,"status":"in_pregatire","suprafata":685,"front":19.6,"laturi":4,"pret_total":37675,"pret_mp":55,"tva_inclus":false,"observatii":null,"actualizat":"2026-08-12"}},{"type":"Feature","geometry":{"type":"Polygon","coordinates":[[[26.091311,44.629037],[26.09132,44.628723],[26.091452,44.628725],[26.091567,44.628754],[26.091559,44.629041],[26.091311,44.629037]]]},"properties":{"id":"lacul-vlasiei-d59","cod":"D59","proiect":"lacul-vlasiei","sir":0,"status":"in_pregatire","suprafata":673,"front":19.6,"laturi":5,"pret_total":37688,"pret_mp":56,"tva_inclus":false,"observatii":"formă neregulată, urmează hotarul terenului","actualizat":"2026-08-12"}},{"type":"Feature","geometry":{"type":"Polygon","coordinates":[[[26.091559,44.629041],[26.091567,44.628754],[26.091808,44.628815],[26.091802,44.629044],[26.091559,44.629041]]]},"properties":{"id":"lacul-vlasiei-d61","cod":"D61","proiect":"lacul-vlasiei","sir":0,"status":"in_pregatire","suprafata":551,"front":19.2,"laturi":4,"pret_total":30856,"pret_mp":56,"tva_inclus":false,"observatii":null,"actualizat":"2026-08-12"}},{"type":"Feature","geometry":{"type":"Polygon","coordinates":[[[26.091802,44.629044],[26.091808,44.628815],[26.092053,44.628877],[26.092048,44.629048],[26.091802,44.629044]]]},"properties":{"id":"lacul-vlasiei-d63","cod":"D63","proiect":"lacul-vlasiei","sir":0,"status":"in_pregatire","suprafata":434,"front":19.5,"laturi":4,"pret_total":24738,"pret_mp":57,"tva_inclus":false,"observatii":"lot de colț, deschidere pe două laturi","actualizat":"2026-08-12"}},{"type":"Feature","geometry":{"type":"Polygon","coordinates":[[[26.083476,44.628999],[26.083687,44.629002],[26.083678,44.629317],[26.083481,44.629314],[26.083476,44.628999]]]},"properties":{"id":"lacul-vlasiei-d2","cod":"D2","proiect":"lacul-vlasiei","sir":1,"status":"disponibil","suprafata":565,"front":16.7,"laturi":4,"pret_total":31640,"pret_mp":56,"tva_inclus":false,"observatii":"lot de colț, deschidere pe două laturi","actualizat":"2026-08-12"}},{"type":"Feature","geometry":{"type":"Polygon","coordinates":[[[26.083678,44.629317],[26.083687,44.629002],[26.083936,44.629006],[26.083928,44.62932],[26.083678,44.629317]]]},"properties":{"id":"lacul-vlasiei-d4","cod":"D4","proiect":"lacul-vlasiei","sir":1,"status":"disponibil","suprafata":690,"front":19.7,"laturi":4,"pret_total":36570,"pret_mp":53,"tva_inclus":false,"observatii":null,"actualizat":"2026-08-12"}},{"type":"Feature","geometry":{"type":"Polygon","coordinates":[[[26.083928,44.62932],[26.083936,44.629006],[26.084173,44.629009],[26.084164,44.629324],[26.083928,44.62932]]]},"properties":{"id":"lacul-vlasiei-d6","cod":"D6","proiect":"lacul-vlasiei","sir":1,"status":"disponibil","suprafata":655,"front":18.7,"laturi":4,"pret_total":34715,"pret_mp":53,"tva_inclus":false,"observatii":null,"actualizat":"2026-08-12"}},{"type":"Feature","geometry":{"type":"Polygon","coordinates":[[[26.084164,44.629324],[26.084173,44.629009],[26.084419,44.629012],[26.084414,44.6292],[26.084373,44.629303],[26.084373,44.629303],[26.084364,44.629326],[26.084164,44.629324]]]},"properties":{"id":"lacul-vlasiei-d8","cod":"D8","proiect":"lacul-vlasiei","sir":1,"status":"in_pregatire","suprafata":657,"front":19.5,"laturi":7,"pret_total":34821,"pret_mp":53,"tva_inclus":false,"observatii":"formă neregulată, urmează hotarul terenului","actualizat":"2026-08-12"}},{"type":"Feature","geometry":{"type":"Polygon","coordinates":[[[26.084648,44.62933],[26.084657,44.629016],[26.084887,44.629019],[26.084879,44.629334],[26.084648,44.62933]]]},"properties":{"id":"lacul-vlasiei-d10","cod":"D10","proiect":"lacul-vlasiei","sir":1,"status":"disponibil","suprafata":639,"front":18.2,"laturi":4,"pret_total":35145,"pret_mp":55,"tva_inclus":false,"observatii":null,"actualizat":"2026-08-12"}},{"type":"Feature","geometry":{"type":"Polygon","coordinates":[[[26.084879,44.629334],[26.084887,44.629019],[26.085123,44.629022],[26.085114,44.629337],[26.084879,44.629334]]]},"properties":{"id":"lacul-vlasiei-d12","cod":"D12","proiect":"lacul-vlasiei","sir":1,"status":"in_pregatire","suprafata":652,"front":18.6,"laturi":4,"pret_total":35860,"pret_mp":55,"tva_inclus":false,"observatii":null,"actualizat":"2026-08-12"}},{"type":"Feature","geometry":{"type":"Polygon","coordinates":[[[26.085331,44.62934],[26.08534,44.629025],[26.085587,44.629029],[26.085578,44.629344],[26.085331,44.62934]]]},"properties":{"id":"lacul-vlasiei-d14","cod":"D14","proiect":"lacul-vlasiei","sir":1,"status":"in_pregatire","suprafata":684,"front":19.5,"laturi":4,"pret_total":37620,"pret_mp":55,"tva_inclus":false,"observatii":null,"actualizat":"2026-08-12"}},{"type":"Feature","geometry":{"type":"Polygon","coordinates":[[[26.085578,44.629344],[26.085587,44.629029],[26.085839,44.629032],[26.08583,44.629347],[26.085578,44.629344]]]},"properties":{"id":"lacul-vlasiei-d16","cod":"D16","proiect":"lacul-vlasiei","sir":1,"status":"in_pregatire","suprafata":697,"front":19.9,"laturi":4,"pret_total":38335,"pret_mp":55,"tva_inclus":false,"observatii":null,"actualizat":"2026-08-12"}},{"type":"Feature","geometry":{"type":"Polygon","coordinates":[[[26.08583,44.629347],[26.085839,44.629032],[26.086068,44.629036],[26.08606,44.62935],[26.08583,44.629347]]]},"properties":{"id":"lacul-vlasiei-d18","cod":"D18","proiect":"lacul-vlasiei","sir":1,"status":"in_pregatire","suprafata":636,"front":18.2,"laturi":4,"pret_total":34980,"pret_mp":55,"tva_inclus":false,"observatii":null,"actualizat":"2026-08-12"}},{"type":"Feature","geometry":{"type":"Polygon","coordinates":[[[26.08606,44.62935],[26.086068,44.629036],[26.08631,44.629039],[26.086301,44.629354],[26.08606,44.62935]]]},"properties":{"id":"lacul-vlasiei-d20","cod":"D20","proiect":"lacul-vlasiei","sir":1,"status":"disponibil","suprafata":669,"front":19.1,"laturi":4,"pret_total":35457,"pret_mp":53,"tva_inclus":false,"observatii":null,"actualizat":"2026-08-12"}},{"type":"Feature","geometry":{"type":"Polygon","coordinates":[[[26.086301,44.629354],[26.08631,44.629039],[26.086543,44.629042],[26.086535,44.629357],[26.086301,44.629354]]]},"properties":{"id":"lacul-vlasiei-d22","cod":"D22","proiect":"lacul-vlasiei","sir":1,"status":"in_pregatire","suprafata":648,"front":18.5,"laturi":4,"pret_total":35640,"pret_mp":55,"tva_inclus":false,"observatii":null,"actualizat":"2026-08-12"}},{"type":"Feature","geometry":{"type":"Polygon","coordinates":[[[26.086535,44.629357],[26.086543,44.629042],[26.086776,44.629046],[26.086768,44.62936],[26.086535,44.629357]]]},"properties":{"id":"lacul-vlasiei-d24","cod":"D24","proiect":"lacul-vlasiei","sir":1,"status":"in_pregatire","suprafata":645,"front":18.4,"laturi":4,"pret_total":34830,"pret_mp":54,"tva_inclus":false,"observatii":null,"actualizat":"2026-08-12"}},{"type":"Feature","geometry":{"type":"Polygon","coordinates":[[[26.086768,44.62936],[26.086776,44.629046],[26.08701,44.629049],[26.087001,44.629364],[26.086768,44.62936]]]},"properties":{"id":"lacul-vlasiei-d26","cod":"D26","proiect":"lacul-vlasiei","sir":1,"status":"in_pregatire","suprafata":648,"front":18.5,"laturi":4,"pret_total":34992,"pret_mp":54,"tva_inclus":false,"observatii":null,"actualizat":"2026-08-12"}},{"type":"Feature","geometry":{"type":"Polygon","coordinates":[[[26.087162,44.629366],[26.08717,44.629051],[26.087401,44.629054],[26.087393,44.629369],[26.087162,44.629366]]]},"properties":{"id":"lacul-vlasiei-d28","cod":"D28","proiect":"lacul-vlasiei","sir":1,"status":"in_pregatire","suprafata":640,"front":18.3,"laturi":4,"pret_total":34560,"pret_mp":54,"tva_inclus":false,"observatii":null,"actualizat":"2026-08-12"}},{"type":"Feature","geometry":{"type":"Polygon","coordinates":[[[26.087393,44.629369],[26.087401,44.629054],[26.087636,44.629058],[26.087627,44.629372],[26.087393,44.629369]]]},"properties":{"id":"lacul-vlasiei-d30","cod":"D30","proiect":"lacul-vlasiei","sir":1,"status":"in_pregatire","suprafata":650,"front":18.6,"laturi":4,"pret_total":34450,"pret_mp":53,"tva_inclus":false,"observatii":null,"actualizat":"2026-08-12"}},{"type":"Feature","geometry":{"type":"Polygon","coordinates":[[[26.087627,44.629372],[26.087636,44.629058],[26.08788,44.629061],[26.087871,44.629376],[26.087627,44.629372]]]},"properties":{"id":"lacul-vlasiei-d32","cod":"D32","proiect":"lacul-vlasiei","sir":1,"status":"disponibil","suprafata":675,"front":19.3,"laturi":4,"pret_total":37125,"pret_mp":55,"tva_inclus":false,"observatii":null,"actualizat":"2026-08-12"}},{"type":"Feature","geometry":{"type":"Polygon","coordinates":[[[26.087871,44.629376],[26.08788,44.629061],[26.088108,44.629064],[26.088099,44.629379],[26.087871,44.629376]]]},"properties":{"id":"lacul-vlasiei-d34","cod":"D34","proiect":"lacul-vlasiei","sir":1,"status":"in_pregatire","suprafata":633,"front":18.1,"laturi":4,"pret_total":34815,"pret_mp":55,"tva_inclus":false,"observatii":null,"actualizat":"2026-08-12"}},{"type":"Feature","geometry":{"type":"Polygon","coordinates":[[[26.088099,44.629379],[26.088108,44.629064],[26.088355,44.629068],[26.088346,44.629382],[26.088099,44.629379]]]},"properties":{"id":"lacul-vlasiei-d36","cod":"D36","proiect":"lacul-vlasiei","sir":1,"status":"in_pregatire","suprafata":683,"front":19.5,"laturi":4,"pret_total":36882,"pret_mp":54,"tva_inclus":false,"observatii":null,"actualizat":"2026-08-12"}},{"type":"Feature","geometry":{"type":"Polygon","coordinates":[[[26.088346,44.629382],[26.088355,44.629068],[26.088584,44.629071],[26.088575,44.629386],[26.088346,44.629382]]]},"properties":{"id":"lacul-vlasiei-d38","cod":"D38","proiect":"lacul-vlasiei","sir":1,"status":"in_pregatire","suprafata":633,"front":18.1,"laturi":4,"pret_total":34182,"pret_mp":54,"tva_inclus":false,"observatii":null,"actualizat":"2026-08-12"}},{"type":"Feature","geometry":{"type":"Polygon","coordinates":[[[26.088575,44.629386],[26.088584,44.629071],[26.088821,44.629074],[26.088812,44.629389],[26.088575,44.629386]]]},"properties":{"id":"lacul-vlasiei-d40","cod":"D40","proiect":"lacul-vlasiei","sir":1,"status":"in_pregatire","suprafata":657,"front":18.8,"laturi":4,"pret_total":34821,"pret_mp":53,"tva_inclus":false,"observatii":null,"actualizat":"2026-08-12"}},{"type":"Feature","geometry":{"type":"Polygon","coordinates":[[[26.088992,44.629392],[26.089001,44.629077],[26.089248,44.62908],[26.089239,44.629395],[26.088992,44.629392]]]},"properties":{"id":"lacul-vlasiei-d42","cod":"D42","proiect":"lacul-vlasiei","sir":1,"status":"in_pregatire","suprafata":685,"front":19.6,"laturi":4,"pret_total":36305,"pret_mp":53,"tva_inclus":false,"observatii":null,"actualizat":"2026-08-12"}},{"type":"Feature","geometry":{"type":"Polygon","coordinates":[[[26.089239,44.629395],[26.089248,44.62908],[26.0895,44.629084],[26.089491,44.629399],[26.089239,44.629395]]]},"properties":{"id":"lacul-vlasiei-d44","cod":"D44","proiect":"lacul-vlasiei","sir":1,"status":"in_pregatire","suprafata":698,"front":19.9,"laturi":4,"pret_total":37692,"pret_mp":54,"tva_inclus":false,"observatii":null,"actualizat":"2026-08-12"}},{"type":"Feature","geometry":{"type":"Polygon","coordinates":[[[26.089491,44.629399],[26.0895,44.629084],[26.089733,44.629087],[26.089724,44.629402],[26.089491,44.629399]]]},"properties":{"id":"lacul-vlasiei-d46","cod":"D46","proiect":"lacul-vlasiei","sir":1,"status":"in_pregatire","suprafata":645,"front":18.4,"laturi":4,"pret_total":34185,"pret_mp":53,"tva_inclus":false,"observatii":null,"actualizat":"2026-08-12"}},{"type":"Feature","geometry":{"type":"Polygon","coordinates":[[[26.089724,44.629402],[26.089733,44.629087],[26.089982,44.629091],[26.089974,44.629405],[26.089724,44.629402]]]},"properties":{"id":"lacul-vlasiei-d48","cod":"D48","proiect":"lacul-vlasiei","sir":1,"status":"in_pregatire","suprafata":691,"front":19.8,"laturi":4,"pret_total":36623,"pret_mp":53,"tva_inclus":false,"observatii":null,"actualizat":"2026-08-12"}},{"type":"Feature","geometry":{"type":"Polygon","coordinates":[[[26.089974,44.629405],[26.089982,44.629091],[26.090225,44.629094],[26.090217,44.629409],[26.089974,44.629405]]]},"properties":{"id":"lacul-vlasiei-d50","cod":"D50","proiect":"lacul-vlasiei","sir":1,"status":"in_pregatire","suprafata":673,"front":19.2,"laturi":4,"pret_total":37015,"pret_mp":55,"tva_inclus":false,"observatii":null,"actualizat":"2026-08-12"}},{"type":"Feature","geometry":{"type":"Polygon","coordinates":[[[26.090217,44.629409],[26.090225,44.629094],[26.090473,44.629098],[26.090464,44.629412],[26.090217,44.629409]]]},"properties":{"id":"lacul-vlasiei-d52","cod":"D52","proiect":"lacul-vlasiei","sir":1,"status":"in_pregatire","suprafata":686,"front":19.6,"laturi":4,"pret_total":37044,"pret_mp":54,"tva_inclus":false,"observatii":null,"actualizat":"2026-08-12"}},{"type":"Feature","geometry":{"type":"Polygon","coordinates":[[[26.090464,44.629412],[26.090473,44.629098],[26.090724,44.629101],[26.090715,44.629416],[26.090464,44.629412]]]},"properties":{"id":"lacul-vlasiei-d54","cod":"D54","proiect":"lacul-vlasiei","sir":1,"status":"in_pregatire","suprafata":694,"front":19.8,"laturi":4,"pret_total":37476,"pret_mp":54,"tva_inclus":false,"observatii":null,"actualizat":"2026-08-12"}},{"type":"Feature","geometry":{"type":"Polygon","coordinates":[[[26.090823,44.629417],[26.090831,44.629103],[26.091066,44.629106],[26.091057,44.629421],[26.090823,44.629417]]]},"properties":{"id":"lacul-vlasiei-d56","cod":"D56","proiect":"lacul-vlasiei","sir":1,"status":"in_pregatire","suprafata":649,"front":18.5,"laturi":4,"pret_total":35695,"pret_mp":55,"tva_inclus":false,"observatii":null,"actualizat":"2026-08-12"}},{"type":"Feature","geometry":{"type":"Polygon","coordinates":[[[26.091057,44.629421],[26.091066,44.629106],[26.091313,44.629109],[26.091304,44.629424],[26.091057,44.629421]]]},"properties":{"id":"lacul-vlasiei-d58","cod":"D58","proiect":"lacul-vlasiei","sir":1,"status":"in_pregatire","suprafata":684,"front":19.6,"laturi":4,"pret_total":38304,"pret_mp":56,"tva_inclus":false,"observatii":null,"actualizat":"2026-08-12"}},{"type":"Feature","geometry":{"type":"Polygon","coordinates":[[[26.091304,44.629424],[26.091313,44.629109],[26.091557,44.629113],[26.091548,44.629428],[26.091304,44.629424]]]},"properties":{"id":"lacul-vlasiei-d60","cod":"D60","proiect":"lacul-vlasiei","sir":1,"status":"in_pregatire","suprafata":676,"front":19.3,"laturi":4,"pret_total":36504,"pret_mp":54,"tva_inclus":false,"observatii":null,"actualizat":"2026-08-12"}},{"type":"Feature","geometry":{"type":"Polygon","coordinates":[[[26.091548,44.629428],[26.091557,44.629113],[26.091792,44.629116],[26.091784,44.629431],[26.091548,44.629428]]]},"properties":{"id":"lacul-vlasiei-d62","cod":"D62","proiect":"lacul-vlasiei","sir":1,"status":"in_pregatire","suprafata":653,"front":18.7,"laturi":4,"pret_total":34609,"pret_mp":53,"tva_inclus":false,"observatii":null,"actualizat":"2026-08-12"}},{"type":"Feature","geometry":{"type":"Polygon","coordinates":[[[26.091784,44.629431],[26.091792,44.629116],[26.092039,44.62912],[26.09203,44.629434],[26.091784,44.629431]]]},"properties":{"id":"lacul-vlasiei-d64","cod":"D64","proiect":"lacul-vlasiei","sir":1,"status":"in_pregatire","suprafata":683,"front":19.5,"laturi":4,"pret_total":36199,"pret_mp":53,"tva_inclus":false,"observatii":null,"actualizat":"2026-08-12"}},{"type":"Feature","geometry":{"type":"Polygon","coordinates":[[[26.09203,44.629434],[26.092039,44.62912],[26.092286,44.629123],[26.092277,44.629438],[26.09203,44.629434]]]},"properties":{"id":"lacul-vlasiei-d66","cod":"D66","proiect":"lacul-vlasiei","sir":1,"status":"in_pregatire","suprafata":683,"front":19.5,"laturi":4,"pret_total":38248,"pret_mp":56,"tva_inclus":false,"observatii":null,"actualizat":"2026-08-12"}},{"type":"Feature","geometry":{"type":"Polygon","coordinates":[[[26.092277,44.629438],[26.092286,44.629123],[26.092535,44.629127],[26.092526,44.629441],[26.092277,44.629438]]]},"properties":{"id":"lacul-vlasiei-d68","cod":"D68","proiect":"lacul-vlasiei","sir":1,"status":"in_pregatire","suprafata":691,"front":19.7,"laturi":4,"pret_total":38696,"pret_mp":56,"tva_inclus":false,"observatii":"lot de colț, deschidere pe două laturi","actualizat":"2026-08-12"}},{"type":"Feature","geometry":{"type":"Polygon","coordinates":[[[26.083481,44.629314],[26.083698,44.629317],[26.083689,44.629632],[26.083486,44.629629],[26.083481,44.629314]]]},"properties":{"id":"lacul-vlasiei-e1","cod":"E1","proiect":"lacul-vlasiei","sir":0,"status":"disponibil","suprafata":580,"front":16.1,"laturi":4,"pret_total":31900,"pret_mp":55,"tva_inclus":false,"observatii":"lot de colț, deschidere pe două laturi, ultima bandă, cu deschidere către lac","actualizat":"2026-08-12"}},{"type":"Feature","geometry":{"type":"Polygon","coordinates":[[[26.083689,44.629632],[26.083698,44.629317],[26.083942,44.629321],[26.083934,44.629635],[26.083689,44.629632]]]},"properties":{"id":"lacul-vlasiei-e3","cod":"E3","proiect":"lacul-vlasiei","sir":0,"status":"in_pregatire","suprafata":677,"front":19.4,"laturi":4,"pret_total":34527,"pret_mp":51,"tva_inclus":false,"observatii":"ultima bandă, cu deschidere către lac","actualizat":"2026-08-12"}},{"type":"Feature","geometry":{"type":"Polygon","coordinates":[[[26.083934,44.629635],[26.083942,44.629321],[26.084174,44.629324],[26.084165,44.629639],[26.083934,44.629635]]]},"properties":{"id":"lacul-vlasiei-e5","cod":"E5","proiect":"lacul-vlasiei","sir":0,"status":"in_pregatire","suprafata":642,"front":18.3,"laturi":4,"pret_total":32742,"pret_mp":51,"tva_inclus":false,"observatii":"ultima bandă, cu deschidere către lac","actualizat":"2026-08-12"}},{"type":"Feature","geometry":{"type":"Polygon","coordinates":[[[26.084417,44.629642],[26.08442,44.629522],[26.084494,44.629328],[26.084669,44.629331],[26.08466,44.629645],[26.084417,44.629642]]]},"properties":{"id":"lacul-vlasiei-e7","cod":"E7","proiect":"lacul-vlasiei","sir":0,"status":"in_pregatire","suprafata":615,"front":19.2,"laturi":5,"pret_total":32595,"pret_mp":53,"tva_inclus":false,"observatii":"formă neregulată, urmează hotarul terenului, ultima bandă, cu deschidere către lac","actualizat":"2026-08-12"}},{"type":"Feature","geometry":{"type":"Polygon","coordinates":[[[26.08466,44.629645],[26.084669,44.629331],[26.08492,44.629334],[26.084911,44.629649],[26.08466,44.629645]]]},"properties":{"id":"lacul-vlasiei-e9","cod":"E9","proiect":"lacul-vlasiei","sir":0,"status":"in_pregatire","suprafata":696,"front":19.9,"laturi":4,"pret_total":37584,"pret_mp":54,"tva_inclus":false,"observatii":"ultima bandă, cu deschidere către lac","actualizat":"2026-08-12"}},{"type":"Feature","geometry":{"type":"Polygon","coordinates":[[[26.084911,44.629649],[26.08492,44.629334],[26.085152,44.629338],[26.085143,44.629652],[26.084911,44.629649]]]},"properties":{"id":"lacul-vlasiei-e11","cod":"E11","proiect":"lacul-vlasiei","sir":0,"status":"in_pregatire","suprafata":643,"front":18.4,"laturi":4,"pret_total":34079,"pret_mp":53,"tva_inclus":false,"observatii":"ultima bandă, cu deschidere către lac","actualizat":"2026-08-12"}},{"type":"Feature","geometry":{"type":"Polygon","coordinates":[[[26.085322,44.629655],[26.085331,44.62934],[26.085573,44.629343],[26.085564,44.629658],[26.085322,44.629655]]]},"properties":{"id":"lacul-vlasiei-e13","cod":"E13","proiect":"lacul-vlasiei","sir":0,"status":"in_pregatire","suprafata":670,"front":19.1,"laturi":4,"pret_total":34840,"pret_mp":52,"tva_inclus":false,"observatii":"ultima bandă, cu deschidere către lac","actualizat":"2026-08-12"}},{"type":"Feature","geometry":{"type":"Polygon","coordinates":[[[26.085564,44.629658],[26.085573,44.629343],[26.085811,44.629347],[26.085803,44.629662],[26.085564,44.629658]]]},"properties":{"id":"lacul-vlasiei-e15","cod":"E15","proiect":"lacul-vlasiei","sir":0,"status":"in_pregatire","suprafata":660,"front":18.9,"laturi":4,"pret_total":34320,"pret_mp":52,"tva_inclus":false,"observatii":"ultima bandă, cu deschidere către lac","actualizat":"2026-08-12"}},{"type":"Feature","geometry":{"type":"Polygon","coordinates":[[[26.085803,44.629662],[26.085811,44.629347],[26.086056,44.62935],[26.086047,44.629665],[26.085803,44.629662]]]},"properties":{"id":"lacul-vlasiei-e17","cod":"E17","proiect":"lacul-vlasiei","sir":0,"status":"in_pregatire","suprafata":677,"front":19.4,"laturi":4,"pret_total":34527,"pret_mp":51,"tva_inclus":false,"observatii":"ultima bandă, cu deschidere către lac","actualizat":"2026-08-12"}},{"type":"Feature","geometry":{"type":"Polygon","coordinates":[[[26.086047,44.629665],[26.086056,44.62935],[26.086292,44.629354],[26.086283,44.629668],[26.086047,44.629665]]]},"properties":{"id":"lacul-vlasiei-e19","cod":"E19","proiect":"lacul-vlasiei","sir":0,"status":"in_pregatire","suprafata":654,"front":18.7,"laturi":4,"pret_total":34662,"pret_mp":53,"tva_inclus":false,"observatii":"ultima bandă, cu deschidere către lac","actualizat":"2026-08-12"}},{"type":"Feature","geometry":{"type":"Polygon","coordinates":[[[26.086283,44.629668],[26.086292,44.629354],[26.086533,44.629357],[26.086525,44.629672],[26.086283,44.629668]]]},"properties":{"id":"lacul-vlasiei-e21","cod":"E21","proiect":"lacul-vlasiei","sir":0,"status":"in_pregatire","suprafata":669,"front":19.1,"laturi":4,"pret_total":35457,"pret_mp":53,"tva_inclus":false,"observatii":"ultima bandă, cu deschidere către lac","actualizat":"2026-08-12"}},{"type":"Feature","geometry":{"type":"Polygon","coordinates":[[[26.086525,44.629672],[26.086533,44.629357],[26.086776,44.62936],[26.086767,44.629675],[26.086525,44.629672]]]},"properties":{"id":"lacul-vlasiei-e23","cod":"E23","proiect":"lacul-vlasiei","sir":0,"status":"in_pregatire","suprafata":672,"front":19.2,"laturi":4,"pret_total":36288,"pret_mp":54,"tva_inclus":false,"observatii":"ultima bandă, cu deschidere către lac","actualizat":"2026-08-12"}},{"type":"Feature","geometry":{"type":"Polygon","coordinates":[[[26.086767,44.629675],[26.086776,44.62936],[26.087011,44.629364],[26.087003,44.629678],[26.086767,44.629675]]]},"properties":{"id":"lacul-vlasiei-e25","cod":"E25","proiect":"lacul-vlasiei","sir":0,"status":"in_pregatire","suprafata":652,"front":18.6,"laturi":4,"pret_total":34556,"pret_mp":53,"tva_inclus":false,"observatii":"ultima bandă, cu deschidere către lac","actualizat":"2026-08-12"}},{"type":"Feature","geometry":{"type":"Polygon","coordinates":[[[26.087153,44.629681],[26.087162,44.629366],[26.087402,44.629369],[26.087394,44.629684],[26.087153,44.629681]]]},"properties":{"id":"lacul-vlasiei-e27","cod":"E27","proiect":"lacul-vlasiei","sir":0,"status":"in_pregatire","suprafata":666,"front":19,"laturi":4,"pret_total":35964,"pret_mp":54,"tva_inclus":false,"observatii":"ultima bandă, cu deschidere către lac","actualizat":"2026-08-12"}},{"type":"Feature","geometry":{"type":"Polygon","coordinates":[[[26.087394,44.629684],[26.087402,44.629369],[26.087637,44.629373],[26.087628,44.629687],[26.087394,44.629684]]]},"properties":{"id":"lacul-vlasiei-e29","cod":"E29","proiect":"lacul-vlasiei","sir":0,"status":"in_pregatire","suprafata":649,"front":18.5,"laturi":4,"pret_total":33748,"pret_mp":52,"tva_inclus":false,"observatii":"ultima bandă, cu deschidere către lac","actualizat":"2026-08-12"}},{"type":"Feature","geometry":{"type":"Polygon","coordinates":[[[26.087628,44.629687],[26.087637,44.629373],[26.087871,44.629376],[26.087862,44.62969],[26.087628,44.629687]]]},"properties":{"id":"lacul-vlasiei-e31","cod":"E31","proiect":"lacul-vlasiei","sir":0,"status":"in_pregatire","suprafata":648,"front":18.5,"laturi":4,"pret_total":33048,"pret_mp":51,"tva_inclus":false,"observatii":"ultima bandă, cu deschidere către lac","actualizat":"2026-08-12"}},{"type":"Feature","geometry":{"type":"Polygon","coordinates":[[[26.087862,44.62969],[26.087871,44.629376],[26.088117,44.629379],[26.088109,44.629694],[26.087862,44.62969]]]},"properties":{"id":"lacul-vlasiei-e33","cod":"E33","proiect":"lacul-vlasiei","sir":0,"status":"in_pregatire","suprafata":684,"front":19.5,"laturi":4,"pret_total":36936,"pret_mp":54,"tva_inclus":false,"observatii":"ultima bandă, cu deschidere către lac","actualizat":"2026-08-12"}},{"type":"Feature","geometry":{"type":"Polygon","coordinates":[[[26.088109,44.629694],[26.088117,44.629379],[26.088355,44.629383],[26.088346,44.629697],[26.088109,44.629694]]]},"properties":{"id":"lacul-vlasiei-e35","cod":"E35","proiect":"lacul-vlasiei","sir":0,"status":"in_pregatire","suprafata":657,"front":18.8,"laturi":4,"pret_total":35478,"pret_mp":54,"tva_inclus":false,"observatii":"ultima bandă, cu deschidere către lac","actualizat":"2026-08-12"}},{"type":"Feature","geometry":{"type":"Polygon","coordinates":[[[26.088346,44.629697],[26.088355,44.629383],[26.088583,44.629386],[26.088574,44.629701],[26.088346,44.629697]]]},"properties":{"id":"lacul-vlasiei-e37","cod":"E37","proiect":"lacul-vlasiei","sir":0,"status":"in_pregatire","suprafata":632,"front":18.1,"laturi":4,"pret_total":33496,"pret_mp":53,"tva_inclus":false,"observatii":"ultima bandă, cu deschidere către lac","actualizat":"2026-08-12"}},{"type":"Feature","geometry":{"type":"Polygon","coordinates":[[[26.088574,44.629701],[26.088583,44.629386],[26.088823,44.629389],[26.088814,44.629704],[26.088574,44.629701]]]},"properties":{"id":"lacul-vlasiei-e39","cod":"E39","proiect":"lacul-vlasiei","sir":0,"status":"in_pregatire","suprafata":665,"front":19,"laturi":4,"pret_total":35245,"pret_mp":53,"tva_inclus":false,"observatii":"ultima bandă, cu deschidere către lac","actualizat":"2026-08-12"}},{"type":"Feature","geometry":{"type":"Polygon","coordinates":[[[26.088983,44.629706],[26.088992,44.629392],[26.089226,44.629395],[26.089217,44.62971],[26.088983,44.629706]]]},"properties":{"id":"lacul-vlasiei-e41","cod":"E41","proiect":"lacul-vlasiei","sir":0,"status":"in_pregatire","suprafata":647,"front":18.5,"laturi":4,"pret_total":34291,"pret_mp":53,"tva_inclus":false,"observatii":"ultima bandă, cu deschidere către lac","actualizat":"2026-08-12"}},{"type":"Feature","geometry":{"type":"Polygon","coordinates":[[[26.089217,44.62971],[26.089226,44.629395],[26.089462,44.629398],[26.089453,44.629713],[26.089217,44.62971]]]},"properties":{"id":"lacul-vlasiei-e43","cod":"E43","proiect":"lacul-vlasiei","sir":0,"status":"in_pregatire","suprafata":654,"front":18.7,"laturi":4,"pret_total":34008,"pret_mp":52,"tva_inclus":false,"observatii":"ultima bandă, cu deschidere către lac","actualizat":"2026-08-12"}},{"type":"Feature","geometry":{"type":"Polygon","coordinates":[[[26.089453,44.629713],[26.089462,44.629398],[26.089698,44.629401],[26.089689,44.629716],[26.089453,44.629713]]]},"properties":{"id":"lacul-vlasiei-e45","cod":"E45","proiect":"lacul-vlasiei","sir":0,"status":"in_pregatire","suprafata":655,"front":18.7,"laturi":4,"pret_total":35370,"pret_mp":54,"tva_inclus":false,"observatii":"ultima bandă, cu deschidere către lac","actualizat":"2026-08-12"}},{"type":"Feature","geometry":{"type":"Polygon","coordinates":[[[26.089689,44.629716],[26.089698,44.629401],[26.089929,44.629405],[26.08992,44.629719],[26.089689,44.629716]]]},"properties":{"id":"lacul-vlasiei-e47","cod":"E47","proiect":"lacul-vlasiei","sir":0,"status":"in_pregatire","suprafata":639,"front":18.3,"laturi":4,"pret_total":32589,"pret_mp":51,"tva_inclus":false,"observatii":"ultima bandă, cu deschidere către lac","actualizat":"2026-08-12"}},{"type":"Feature","geometry":{"type":"Polygon","coordinates":[[[26.08992,44.629719],[26.089929,44.629405],[26.090163,44.629408],[26.090154,44.629723],[26.08992,44.629719]]]},"properties":{"id":"lacul-vlasiei-e49","cod":"E49","proiect":"lacul-vlasiei","sir":0,"status":"in_pregatire","suprafata":649,"front":18.5,"laturi":4,"pret_total":33099,"pret_mp":51,"tva_inclus":false,"observatii":"ultima bandă, cu deschidere către lac","actualizat":"2026-08-12"}},{"type":"Feature","geometry":{"type":"Polygon","coordinates":[[[26.090154,44.629723],[26.090163,44.629408],[26.090395,44.629411],[26.090386,44.629726],[26.090154,44.629723]]]},"properties":{"id":"lacul-vlasiei-e51","cod":"E51","proiect":"lacul-vlasiei","sir":0,"status":"in_pregatire","suprafata":643,"front":18.4,"laturi":4,"pret_total":34079,"pret_mp":53,"tva_inclus":false,"observatii":"ultima bandă, cu deschidere către lac","actualizat":"2026-08-12"}},{"type":"Feature","geometry":{"type":"Polygon","coordinates":[[[26.090386,44.629726],[26.090395,44.629411],[26.090634,44.629415],[26.090625,44.629729],[26.090386,44.629726]]]},"properties":{"id":"lacul-vlasiei-e53","cod":"E53","proiect":"lacul-vlasiei","sir":0,"status":"in_pregatire","suprafata":661,"front":18.9,"laturi":4,"pret_total":34372,"pret_mp":52,"tva_inclus":false,"observatii":"ultima bandă, cu deschidere către lac","actualizat":"2026-08-12"}},{"type":"Feature","geometry":{"type":"Polygon","coordinates":[[[26.090814,44.629732],[26.090823,44.629417],[26.091053,44.629421],[26.091044,44.629735],[26.090814,44.629732]]]},"properties":{"id":"lacul-vlasiei-e55","cod":"E55","proiect":"lacul-vlasiei","sir":0,"status":"in_pregatire","suprafata":639,"front":18.3,"laturi":4,"pret_total":33867,"pret_mp":53,"tva_inclus":false,"observatii":"ultima bandă, cu deschidere către lac","actualizat":"2026-08-12"}},{"type":"Feature","geometry":{"type":"Polygon","coordinates":[[[26.091044,44.629735],[26.091053,44.629421],[26.091293,44.629424],[26.091284,44.629739],[26.091044,44.629735]]]},"properties":{"id":"lacul-vlasiei-e57","cod":"E57","proiect":"lacul-vlasiei","sir":0,"status":"in_pregatire","suprafata":664,"front":19,"laturi":4,"pret_total":34528,"pret_mp":52,"tva_inclus":false,"observatii":"ultima bandă, cu deschidere către lac","actualizat":"2026-08-12"}},{"type":"Feature","geometry":{"type":"Polygon","coordinates":[[[26.091284,44.629739],[26.091293,44.629424],[26.091539,44.629427],[26.09153,44.629742],[26.091284,44.629739]]]},"properties":{"id":"lacul-vlasiei-e59","cod":"E59","proiect":"lacul-vlasiei","sir":0,"status":"in_pregatire","suprafata":680,"front":19.4,"laturi":4,"pret_total":35360,"pret_mp":52,"tva_inclus":false,"observatii":"ultima bandă, cu deschidere către lac","actualizat":"2026-08-12"}},{"type":"Feature","geometry":{"type":"Polygon","coordinates":[[[26.09153,44.629742],[26.091539,44.629427],[26.091767,44.629431],[26.091758,44.629745],[26.09153,44.629742]]]},"properties":{"id":"lacul-vlasiei-e61","cod":"E61","proiect":"lacul-vlasiei","sir":0,"status":"in_pregatire","suprafata":633,"front":18.1,"laturi":4,"pret_total":33549,"pret_mp":53,"tva_inclus":false,"observatii":"ultima bandă, cu deschidere către lac","actualizat":"2026-08-12"}},{"type":"Feature","geometry":{"type":"Polygon","coordinates":[[[26.091758,44.629745],[26.091767,44.629431],[26.092011,44.629434],[26.092002,44.629749],[26.091758,44.629745]]]},"properties":{"id":"lacul-vlasiei-e63","cod":"E63","proiect":"lacul-vlasiei","sir":0,"status":"in_pregatire","suprafata":675,"front":19.3,"laturi":4,"pret_total":37125,"pret_mp":55,"tva_inclus":false,"observatii":"ultima bandă, cu deschidere către lac","actualizat":"2026-08-12"}},{"type":"Feature","geometry":{"type":"Polygon","coordinates":[[[26.092002,44.629749],[26.092011,44.629434],[26.092244,44.629437],[26.092235,44.629752],[26.092002,44.629749]]]},"properties":{"id":"lacul-vlasiei-e65","cod":"E65","proiect":"lacul-vlasiei","sir":0,"status":"in_pregatire","suprafata":646,"front":18.5,"laturi":4,"pret_total":33592,"pret_mp":52,"tva_inclus":false,"observatii":"ultima bandă, cu deschidere către lac","actualizat":"2026-08-12"}},{"type":"Feature","geometry":{"type":"Polygon","coordinates":[[[26.092235,44.629752],[26.092244,44.629437],[26.092477,44.629441],[26.09247,44.629695],[26.092451,44.629755],[26.092235,44.629752]]]},"properties":{"id":"lacul-vlasiei-e67","cod":"E67","proiect":"lacul-vlasiei","sir":0,"status":"in_pregatire","suprafata":641,"front":17.2,"laturi":5,"pret_total":34614,"pret_mp":54,"tva_inclus":false,"observatii":"lot de colț, deschidere pe două laturi, formă neregulată, urmează hotarul terenului, ultima bandă, cu deschidere către lac","actualizat":"2026-08-12"}},{"type":"Feature","geometry":{"type":"Polygon","coordinates":[[[26.083488,44.629701],[26.083679,44.629704],[26.08367,44.630018],[26.083493,44.630016],[26.083488,44.629701]]]},"properties":{"id":"lacul-vlasiei-e2","cod":"E2","proiect":"lacul-vlasiei","sir":1,"status":"in_pregatire","suprafata":510,"front":15.1,"laturi":4,"pret_total":27030,"pret_mp":53,"tva_inclus":false,"observatii":"lot de colț, deschidere pe două laturi, ultima bandă, cu deschidere către lac","actualizat":"2026-08-12"}},{"type":"Feature","geometry":{"type":"Polygon","coordinates":[[[26.08367,44.630018],[26.083679,44.629704],[26.083923,44.629707],[26.083915,44.630022],[26.08367,44.630018]]]},"properties":{"id":"lacul-vlasiei-e4","cod":"E4","proiect":"lacul-vlasiei","sir":1,"status":"in_pregatire","suprafata":678,"front":19.4,"laturi":4,"pret_total":35934,"pret_mp":53,"tva_inclus":false,"observatii":"ultima bandă, cu deschidere către lac","actualizat":"2026-08-12"}},{"type":"Feature","geometry":{"type":"Polygon","coordinates":[[[26.083915,44.630022],[26.083923,44.629707],[26.084166,44.62971],[26.084162,44.629852],[26.084113,44.62998],[26.084094,44.630024],[26.083915,44.630022]]]},"properties":{"id":"lacul-vlasiei-e6","cod":"E6","proiect":"lacul-vlasiei","sir":1,"status":"in_pregatire","suprafata":625,"front":19.2,"laturi":6,"pret_total":33750,"pret_mp":54,"tva_inclus":false,"observatii":"formă neregulată, urmează hotarul terenului, ultima bandă, cu deschidere către lac","actualizat":"2026-08-12"}},{"type":"Feature","geometry":{"type":"Polygon","coordinates":[[[26.084394,44.630029],[26.084402,44.629714],[26.08464,44.629717],[26.084631,44.630032],[26.084394,44.630029]]]},"properties":{"id":"lacul-vlasiei-e8","cod":"E8","proiect":"lacul-vlasiei","sir":1,"status":"in_pregatire","suprafata":659,"front":18.8,"laturi":4,"pret_total":35586,"pret_mp":54,"tva_inclus":false,"observatii":"ultima bandă, cu deschidere către lac","actualizat":"2026-08-12"}},{"type":"Feature","geometry":{"type":"Polygon","coordinates":[[[26.084631,44.630032],[26.08464,44.629717],[26.084869,44.62972],[26.08486,44.630035],[26.084631,44.630032]]]},"properties":{"id":"lacul-vlasiei-e10","cod":"E10","proiect":"lacul-vlasiei","sir":1,"status":"in_pregatire","suprafata":633,"front":18.1,"laturi":4,"pret_total":32283,"pret_mp":51,"tva_inclus":false,"observatii":"ultima bandă, cu deschidere către lac","actualizat":"2026-08-12"}},{"type":"Feature","geometry":{"type":"Polygon","coordinates":[[[26.08486,44.630035],[26.084869,44.62972],[26.08512,44.629724],[26.085112,44.630039],[26.08486,44.630035]]]},"properties":{"id":"lacul-vlasiei-e12","cod":"E12","proiect":"lacul-vlasiei","sir":1,"status":"in_pregatire","suprafata":697,"front":19.9,"laturi":4,"pret_total":36244,"pret_mp":52,"tva_inclus":false,"observatii":"ultima bandă, cu deschidere către lac","actualizat":"2026-08-12"}},{"type":"Feature","geometry":{"type":"Polygon","coordinates":[[[26.085312,44.630041],[26.08532,44.629727],[26.085561,44.62973],[26.085552,44.630045],[26.085312,44.630041]]]},"properties":{"id":"lacul-vlasiei-e14","cod":"E14","proiect":"lacul-vlasiei","sir":1,"status":"in_pregatire","suprafata":667,"front":19,"laturi":4,"pret_total":36018,"pret_mp":54,"tva_inclus":false,"observatii":"ultima bandă, cu deschidere către lac","actualizat":"2026-08-12"}},{"type":"Feature","geometry":{"type":"Polygon","coordinates":[[[26.085552,44.630045],[26.085561,44.62973],[26.085796,44.629733],[26.085787,44.630048],[26.085552,44.630045]]]},"properties":{"id":"lacul-vlasiei-e16","cod":"E16","proiect":"lacul-vlasiei","sir":1,"status":"in_pregatire","suprafata":650,"front":18.6,"laturi":4,"pret_total":33800,"pret_mp":52,"tva_inclus":false,"observatii":"ultima bandă, cu deschidere către lac","actualizat":"2026-08-12"}},{"type":"Feature","geometry":{"type":"Polygon","coordinates":[[[26.085787,44.630048],[26.085796,44.629733],[26.086042,44.629737],[26.086034,44.630052],[26.085787,44.630048]]]},"properties":{"id":"lacul-vlasiei-e18","cod":"E18","proiect":"lacul-vlasiei","sir":1,"status":"in_pregatire","suprafata":683,"front":19.5,"laturi":4,"pret_total":36199,"pret_mp":53,"tva_inclus":false,"observatii":"ultima bandă, cu deschidere către lac","actualizat":"2026-08-12"}},{"type":"Feature","geometry":{"type":"Polygon","coordinates":[[[26.086034,44.630052],[26.086042,44.629737],[26.08628,44.62974],[26.086271,44.630055],[26.086034,44.630052]]]},"properties":{"id":"lacul-vlasiei-e20","cod":"E20","proiect":"lacul-vlasiei","sir":1,"status":"in_pregatire","suprafata":658,"front":18.8,"laturi":4,"pret_total":34216,"pret_mp":52,"tva_inclus":false,"observatii":"ultima bandă, cu deschidere către lac","actualizat":"2026-08-12"}},{"type":"Feature","geometry":{"type":"Polygon","coordinates":[[[26.086271,44.630055],[26.08628,44.62974],[26.08651,44.629743],[26.086501,44.630058],[26.086271,44.630055]]]},"properties":{"id":"lacul-vlasiei-e22","cod":"E22","proiect":"lacul-vlasiei","sir":1,"status":"in_pregatire","suprafata":637,"front":18.2,"laturi":4,"pret_total":34398,"pret_mp":54,"tva_inclus":false,"observatii":"ultima bandă, cu deschidere către lac","actualizat":"2026-08-12"}},{"type":"Feature","geometry":{"type":"Polygon","coordinates":[[[26.086501,44.630058],[26.08651,44.629743],[26.086748,44.629747],[26.08674,44.630062],[26.086501,44.630058]]]},"properties":{"id":"lacul-vlasiei-e24","cod":"E24","proiect":"lacul-vlasiei","sir":1,"status":"in_pregatire","suprafata":660,"front":18.9,"laturi":4,"pret_total":34980,"pret_mp":53,"tva_inclus":false,"observatii":"ultima bandă, cu deschidere către lac","actualizat":"2026-08-12"}},{"type":"Feature","geometry":{"type":"Polygon","coordinates":[[[26.08674,44.630062],[26.086748,44.629747],[26.086995,44.62975],[26.086987,44.630065],[26.08674,44.630062]]]},"properties":{"id":"lacul-vlasiei-e26","cod":"E26","proiect":"lacul-vlasiei","sir":1,"status":"in_pregatire","suprafata":684,"front":19.5,"laturi":4,"pret_total":36936,"pret_mp":54,"tva_inclus":false,"observatii":"ultima bandă, cu deschidere către lac","actualizat":"2026-08-12"}},{"type":"Feature","geometry":{"type":"Polygon","coordinates":[[[26.087142,44.630067],[26.087151,44.629752],[26.087392,44.629756],[26.087384,44.630071],[26.087142,44.630067]]]},"properties":{"id":"lacul-vlasiei-e28","cod":"E28","proiect":"lacul-vlasiei","sir":1,"status":"in_pregatire","suprafata":669,"front":19.1,"laturi":4,"pret_total":36795,"pret_mp":55,"tva_inclus":false,"observatii":"ultima bandă, cu deschidere către lac","actualizat":"2026-08-12"}},{"type":"Feature","geometry":{"type":"Polygon","coordinates":[[[26.087384,44.630071],[26.087392,44.629756],[26.087623,44.629759],[26.087614,44.630074],[26.087384,44.630071]]]},"properties":{"id":"lacul-vlasiei-e30","cod":"E30","proiect":"lacul-vlasiei","sir":1,"status":"in_pregatire","suprafata":639,"front":18.3,"laturi":4,"pret_total":32589,"pret_mp":51,"tva_inclus":false,"observatii":"ultima bandă, cu deschidere către lac","actualizat":"2026-08-12"}},{"type":"Feature","geometry":{"type":"Polygon","coordinates":[[[26.087614,44.630074],[26.087623,44.629759],[26.087855,44.629762],[26.087847,44.630077],[26.087614,44.630074]]]},"properties":{"id":"lacul-vlasiei-e32","cod":"E32","proiect":"lacul-vlasiei","sir":1,"status":"in_pregatire","suprafata":643,"front":18.4,"laturi":4,"pret_total":33436,"pret_mp":52,"tva_inclus":false,"observatii":"ultima bandă, cu deschidere către lac","actualizat":"2026-08-12"}},{"type":"Feature","geometry":{"type":"Polygon","coordinates":[[[26.087847,44.630077],[26.087855,44.629762],[26.088092,44.629766],[26.088083,44.63008],[26.087847,44.630077]]]},"properties":{"id":"lacul-vlasiei-e34","cod":"E34","proiect":"lacul-vlasiei","sir":1,"status":"in_pregatire","suprafata":656,"front":18.8,"laturi":4,"pret_total":33456,"pret_mp":51,"tva_inclus":false,"observatii":"ultima bandă, cu deschidere către lac","actualizat":"2026-08-12"}},{"type":"Feature","geometry":{"type":"Polygon","coordinates":[[[26.088083,44.63008],[26.088092,44.629766],[26.088335,44.629769],[26.088326,44.630084],[26.088083,44.63008]]]},"properties":{"id":"lacul-vlasiei-e36","cod":"E36","proiect":"lacul-vlasiei","sir":1,"status":"in_pregatire","suprafata":673,"front":19.2,"laturi":4,"pret_total":34996,"pret_mp":52,"tva_inclus":false,"observatii":"ultima bandă, cu deschidere către lac","actualizat":"2026-08-12"}},{"type":"Feature","geometry":{"type":"Polygon","coordinates":[[[26.088326,44.630084],[26.088335,44.629769],[26.088571,44.629772],[26.088563,44.630087],[26.088326,44.630084]]]},"properties":{"id":"lacul-vlasiei-e38","cod":"E38","proiect":"lacul-vlasiei","sir":1,"status":"in_pregatire","suprafata":655,"front":18.7,"laturi":4,"pret_total":35370,"pret_mp":54,"tva_inclus":false,"observatii":"ultima bandă, cu deschidere către lac","actualizat":"2026-08-12"}},{"type":"Feature","geometry":{"type":"Polygon","coordinates":[[[26.088563,44.630087],[26.088571,44.629772],[26.088802,44.629776],[26.088794,44.63009],[26.088563,44.630087]]]},"properties":{"id":"lacul-vlasiei-e40","cod":"E40","proiect":"lacul-vlasiei","sir":1,"status":"in_pregatire","suprafata":639,"front":18.3,"laturi":4,"pret_total":34506,"pret_mp":54,"tva_inclus":false,"observatii":"ultima bandă, cu deschidere către lac","actualizat":"2026-08-12"}},{"type":"Feature","geometry":{"type":"Polygon","coordinates":[[[26.088973,44.630093],[26.088981,44.629778],[26.089218,44.629782],[26.08921,44.630096],[26.088973,44.630093]]]},"properties":{"id":"lacul-vlasiei-e42","cod":"E42","proiect":"lacul-vlasiei","sir":1,"status":"in_pregatire","suprafata":656,"front":18.7,"laturi":4,"pret_total":34112,"pret_mp":52,"tva_inclus":false,"observatii":"ultima bandă, cu deschidere către lac","actualizat":"2026-08-12"}},{"type":"Feature","geometry":{"type":"Polygon","coordinates":[[[26.08921,44.630096],[26.089218,44.629782],[26.089462,44.629785],[26.089453,44.6301],[26.08921,44.630096]]]},"properties":{"id":"lacul-vlasiei-e44","cod":"E44","proiect":"lacul-vlasiei","sir":1,"status":"in_pregatire","suprafata":675,"front":19.3,"laturi":4,"pret_total":35100,"pret_mp":52,"tva_inclus":false,"observatii":"ultima bandă, cu deschidere către lac","actualizat":"2026-08-12"}},{"type":"Feature","geometry":{"type":"Polygon","coordinates":[[[26.089453,44.6301],[26.089462,44.629785],[26.089701,44.629788],[26.089693,44.630103],[26.089453,44.6301]]]},"properties":{"id":"lacul-vlasiei-e46","cod":"E46","proiect":"lacul-vlasiei","sir":1,"status":"in_pregatire","suprafata":664,"front":19,"laturi":4,"pret_total":35192,"pret_mp":53,"tva_inclus":false,"observatii":"ultima bandă, cu deschidere către lac","actualizat":"2026-08-12"}},{"type":"Feature","geometry":{"type":"Polygon","coordinates":[[[26.089693,44.630103],[26.089701,44.629788],[26.089941,44.629792],[26.089932,44.630106],[26.089693,44.630103]]]},"properties":{"id":"lacul-vlasiei-e48","cod":"E48","proiect":"lacul-vlasiei","sir":1,"status":"in_pregatire","suprafata":663,"front":19,"laturi":4,"pret_total":34476,"pret_mp":52,"tva_inclus":false,"observatii":"ultima bandă, cu deschidere către lac","actualizat":"2026-08-12"}},{"type":"Feature","geometry":{"type":"Polygon","coordinates":[[[26.089932,44.630106],[26.089941,44.629792],[26.090175,44.629795],[26.090167,44.63011],[26.089932,44.630106]]]},"properties":{"id":"lacul-vlasiei-e50","cod":"E50","proiect":"lacul-vlasiei","sir":1,"status":"in_pregatire","suprafata":649,"front":18.6,"laturi":4,"pret_total":34397,"pret_mp":53,"tva_inclus":false,"observatii":"ultima bandă, cu deschidere către lac","actualizat":"2026-08-12"}},{"type":"Feature","geometry":{"type":"Polygon","coordinates":[[[26.090167,44.63011],[26.090175,44.629795],[26.090418,44.629798],[26.090409,44.630113],[26.090167,44.63011]]]},"properties":{"id":"lacul-vlasiei-e52","cod":"E52","proiect":"lacul-vlasiei","sir":1,"status":"in_pregatire","suprafata":671,"front":19.2,"laturi":4,"pret_total":34892,"pret_mp":52,"tva_inclus":false,"observatii":"ultima bandă, cu deschidere către lac","actualizat":"2026-08-12"}},{"type":"Feature","geometry":{"type":"Polygon","coordinates":[[[26.090409,44.630113],[26.090418,44.629798],[26.090665,44.629802],[26.090656,44.630117],[26.090409,44.630113]]]},"properties":{"id":"lacul-vlasiei-e54","cod":"E54","proiect":"lacul-vlasiei","sir":1,"status":"in_pregatire","suprafata":684,"front":19.6,"laturi":4,"pret_total":36936,"pret_mp":54,"tva_inclus":false,"observatii":"ultima bandă, cu deschidere către lac","actualizat":"2026-08-12"}},{"type":"Feature","geometry":{"type":"Polygon","coordinates":[[[26.090803,44.630119],[26.090812,44.629804],[26.091043,44.629807],[26.091034,44.630122],[26.090803,44.630119]]]},"properties":{"id":"lacul-vlasiei-e56","cod":"E56","proiect":"lacul-vlasiei","sir":1,"status":"in_pregatire","suprafata":641,"front":18.3,"laturi":4,"pret_total":34614,"pret_mp":54,"tva_inclus":false,"observatii":"ultima bandă, cu deschidere către lac","actualizat":"2026-08-12"}},{"type":"Feature","geometry":{"type":"Polygon","coordinates":[[[26.091034,44.630122],[26.091043,44.629807],[26.091283,44.629811],[26.091274,44.630125],[26.091034,44.630122]]]},"properties":{"id":"lacul-vlasiei-e58","cod":"E58","proiect":"lacul-vlasiei","sir":1,"status":"in_pregatire","suprafata":665,"front":19,"laturi":4,"pret_total":35910,"pret_mp":54,"tva_inclus":false,"observatii":"ultima bandă, cu deschidere către lac","actualizat":"2026-08-12"}},{"type":"Feature","geometry":{"type":"Polygon","coordinates":[[[26.091274,44.630125],[26.091283,44.629811],[26.091523,44.629814],[26.091514,44.630129],[26.091274,44.630125]]]},"properties":{"id":"lacul-vlasiei-e60","cod":"E60","proiect":"lacul-vlasiei","sir":1,"status":"in_pregatire","suprafata":664,"front":19,"laturi":4,"pret_total":35192,"pret_mp":53,"tva_inclus":false,"observatii":"ultima bandă, cu deschidere către lac","actualizat":"2026-08-12"}},{"type":"Feature","geometry":{"type":"Polygon","coordinates":[[[26.091514,44.630129],[26.091523,44.629814],[26.091758,44.629817],[26.091749,44.630132],[26.091514,44.630129]]]},"properties":{"id":"lacul-vlasiei-e62","cod":"E62","proiect":"lacul-vlasiei","sir":1,"status":"in_pregatire","suprafata":650,"front":18.6,"laturi":4,"pret_total":33150,"pret_mp":51,"tva_inclus":false,"observatii":"ultima bandă, cu deschidere către lac","actualizat":"2026-08-12"}},{"type":"Feature","geometry":{"type":"Polygon","coordinates":[[[26.091749,44.630132],[26.091758,44.629817],[26.092004,44.629821],[26.091995,44.630135],[26.091749,44.630132]]]},"properties":{"id":"lacul-vlasiei-e64","cod":"E64","proiect":"lacul-vlasiei","sir":1,"status":"in_pregatire","suprafata":682,"front":19.5,"laturi":4,"pret_total":35464,"pret_mp":52,"tva_inclus":false,"observatii":"ultima bandă, cu deschidere către lac","actualizat":"2026-08-12"}},{"type":"Feature","geometry":{"type":"Polygon","coordinates":[[[26.091995,44.630135],[26.092004,44.629821],[26.092245,44.629824],[26.092236,44.630139],[26.091995,44.630135]]]},"properties":{"id":"lacul-vlasiei-e66","cod":"E66","proiect":"lacul-vlasiei","sir":1,"status":"in_pregatire","suprafata":669,"front":19.1,"laturi":4,"pret_total":36795,"pret_mp":55,"tva_inclus":false,"observatii":"lot de colț, deschidere pe două laturi, ultima bandă, cu deschidere către lac","actualizat":"2026-08-12"}}]}