{"type": "FeatureCollection", "features": [{"type": "Feature", "properties": {"nr": 1, "suprafata_mp": 480, "front_m": 16.0, "adancime_m": 30}, "geometry": {"type": "Polygon", "coordinates": [[[26.150851678577123, 44.55211550157729], [26.151053242554088, 44.55212302969408], [26.151073033772665, 44.551853904441806], [26.1508714697957, 44.55184637632502], [26.150851678577123, 44.55211550157729]]]}}, {"type": "Feature", "properties": {"nr": 2, "suprafata_mp": 498, "front_m": 16.6, "adancime_m": 30}, "geometry": {"type": "Polygon", "coordinates": [[[26.151053242554088, 44.55212302969408], [26.151262129043698, 44.552130831295905], [26.151281920262274, 44.55186170604363], [26.151073033772665, 44.551853904441806], [26.151053242554088, 44.55212302969408]]]}}, {"type": "Feature", "properties": {"nr": 3, "suprafata_mp": 473, "front_m": 15.8, "adancime_m": 30}, "geometry": {"type": "Polygon", "coordinates": [[[26.151262129043698, 44.552130831295905], [26.151460742236996, 44.55213824920528], [26.151480533455572, 44.55186912395301], [26.151281920262274, 44.55186170604363], [26.151262129043698, 44.552130831295905]]]}}, {"type": "Feature", "properties": {"nr": 4, "suprafata_mp": 471, "front_m": 15.7, "adancime_m": 30}, "geometry": {"type": "Polygon", "coordinates": [[[26.150879178181814, 44.55184666422185], [26.15107700385694, 44.55185405271859], [26.151096795075517, 44.551584927466315], [26.15089896940039, 44.55157753896958], [26.150879178181814, 44.55184666422185]]]}}, {"type": "Feature", "properties": {"nr": 5, "suprafata_mp": 492, "front_m": 16.4, "adancime_m": 30}, "geometry": {"type": "Polygon", "coordinates": [[[26.15107700385694, 44.55185405271859], [26.151283473166114, 44.55186176404229], [26.151303264384694, 44.55159263879002], [26.151096795075517, 44.551584927466315], [26.15107700385694, 44.55185405271859]]]}}, {"type": "Feature", "properties": {"nr": 6, "suprafata_mp": 457, "front_m": 15.2, "adancime_m": 30}, "geometry": {"type": "Polygon", "coordinates": [[[26.151283473166114, 44.55186176404229], [26.151475317716265, 44.55186892915285], [26.151495108934842, 44.55159980390058], [26.151303264384694, 44.55159263879002], [26.151283473166114, 44.55186176404229]]]}}, {"type": "Feature", "properties": {"nr": 7, "suprafata_mp": 474, "front_m": 15.8, "adancime_m": 30}, "geometry": {"type": "Polygon", "coordinates": [[[26.151475317716265, 44.55186892915285], [26.151674150870928, 44.551876355277464], [26.151693942089505, 44.55160723002519], [26.151495108934842, 44.55159980390058], [26.151475317716265, 44.55186892915285]]]}}, {"type": "Feature", "properties": {"nr": 8, "suprafata_mp": 457, "front_m": 15.2, "adancime_m": 30}, "geometry": {"type": "Polygon", "coordinates": [[[26.151674150870928, 44.551876355277464], [26.15186609921486, 44.55188352426456], [26.15188589043344, 44.55161439901229], [26.151693942089505, 44.55160723002519], [26.151674150870928, 44.551876355277464]]]}}, {"type": "Feature", "properties": {"nr": 9, "suprafata_mp": 462, "front_m": 15.4, "adancime_m": 30}, "geometry": {"type": "Polygon", "coordinates": [[[26.15186609921486, 44.55188352426456], [26.15205991141964, 44.55189076286411], [26.15207970263822, 44.55162163761184], [26.15188589043344, 44.55161439901229], [26.15186609921486, 44.55188352426456]]]}}, {"type": "Feature", "properties": {"nr": 10, "suprafata_mp": 492, "front_m": 16.4, "adancime_m": 30}, "geometry": {"type": "Polygon", "coordinates": [[[26.150912350510463, 44.55150607488759], [26.15111864746519, 44.55151377977411], [26.15113843868377, 44.55124465452184], [26.15093214172904, 44.55123694963532], [26.150912350510463, 44.55150607488759]]]}}, {"type": "Feature", "properties": {"nr": 11, "suprafata_mp": 484, "front_m": 16.1, "adancime_m": 30}, "geometry": {"type": "Polygon", "coordinates": [[[26.15111864746519, 44.55151377977411], [26.151321679312208, 44.55152136271368], [26.151341470530785, 44.551252237461405], [26.15113843868377, 44.55124465452184], [26.15111864746519, 44.55151377977411]]]}}, {"type": "Feature", "properties": {"nr": 12, "suprafata_mp": 476, "front_m": 15.9, "adancime_m": 30}, "geometry": {"type": "Polygon", "coordinates": [[[26.151321679312208, 44.55152136271368], [26.151521609417, 44.55152882980776], [26.15154140063558, 44.551259704555484], [26.151341470530785, 44.551252237461405], [26.151321679312208, 44.55152136271368]]]}}, {"type": "Feature", "properties": {"nr": 13, "suprafata_mp": 498, "front_m": 16.6, "adancime_m": 30}, "geometry": {"type": "Polygon", "coordinates": [[[26.151521609417, 44.55152882980776], [26.151730633840145, 44.551536636561195], [26.151750425058722, 44.55126751130892], [26.15154140063558, 44.551259704555484], [26.151521609417, 44.55152882980776]]]}}, {"type": "Feature", "properties": {"nr": 14, "suprafata_mp": 476, "front_m": 15.9, "adancime_m": 30}, "geometry": {"type": "Polygon", "coordinates": [[[26.151730633840145, 44.551536636561195], [26.15193026176623, 44.55154409236934], [26.15195005298481, 44.551274967117074], [26.151750425058722, 44.55126751130892], [26.151730633840145, 44.551536636561195]]]}}, {"type": "Feature", "properties": {"nr": 15, "suprafata_mp": 500, "front_m": 16.7, "adancime_m": 30}, "geometry": {"type": "Polygon", "coordinates": [[[26.15193026176623, 44.55154409236934], [26.152140183896904, 44.55155193265083], [26.15215997511548, 44.55128280739856], [26.15195005298481, 44.551274967117074], [26.15193026176623, 44.55154409236934]]]}}, {"type": "Feature", "properties": {"nr": 16, "suprafata_mp": 459, "front_m": 15.3, "adancime_m": 30}, "geometry": {"type": "Polygon", "coordinates": [[[26.152140183896904, 44.55155193265083], [26.152332904941638, 44.55155913049716], [26.152352696160214, 44.55129000524489], [26.15215997511548, 44.55128280739856], [26.152140183896904, 44.55155193265083]]]}}, {"type": "Feature", "properties": {"nr": 17, "suprafata_mp": 477, "front_m": 15.9, "adancime_m": 30}, "geometry": {"type": "Polygon", "coordinates": [[[26.152332904941638, 44.55155913049716], [26.152532902464714, 44.55156660010921], [26.15255269368329, 44.551297474856945], [26.152352696160214, 44.55129000524489], [26.152332904941638, 44.55155913049716]]]}}, {"type": "Feature", "properties": {"nr": 18, "suprafata_mp": 481, "front_m": 16.0, "adancime_m": 30}, "geometry": {"type": "Polygon", "coordinates": [[[26.152532902464714, 44.55156660010921], [26.152734702946045, 44.55157413705909], [26.152754494164625, 44.55130501180682], [26.15255269368329, 44.551297474856945], [26.152532902464714, 44.55156660010921]]]}}, {"type": "Feature", "properties": {"nr": 19, "suprafata_mp": 502, "front_m": 16.7, "adancime_m": 30}, "geometry": {"type": "Polygon", "coordinates": [[[26.152734702946045, 44.55157413705909], [26.152945192615075, 44.5515819985373], [26.15296498383365, 44.55131287328503], [26.152754494164625, 44.55130501180682], [26.152734702946045, 44.55157413705909]]]}}, {"type": "Feature", "properties": {"nr": 20, "suprafata_mp": 500, "front_m": 16.7, "adancime_m": 30}, "geometry": {"type": "Polygon", "coordinates": [[[26.150722790730978, 44.551229130684796], [26.150932569376153, 44.55123696560731], [26.15095236059473, 44.550967840355035], [26.150742581949554, 44.55096000543252], [26.150722790730978, 44.551229130684796]]]}}, {"type": "Feature", "properties": {"nr": 21, "suprafata_mp": 458, "front_m": 15.3, "adancime_m": 30}, "geometry": {"type": "Polygon", "coordinates": [[[26.150932569376153, 44.55123696560731], [26.151124846053357, 44.55124414685717], [26.151144637271933, 44.5509750216049], [26.15095236059473, 44.550967840355035], [26.150932569376153, 44.55123696560731]]]}}, {"type": "Feature", "properties": {"nr": 22, "suprafata_mp": 457, "front_m": 15.2, "adancime_m": 30}, "geometry": {"type": "Polygon", "coordinates": [[[26.151124846053357, 44.55124414685717], [26.151316793159427, 44.55125131579804], [26.151336584378008, 44.55098219054577], [26.151144637271933, 44.5509750216049], [26.151124846053357, 44.55124414685717]]]}}, {"type": "Feature", "properties": {"nr": 23, "suprafata_mp": 457, "front_m": 15.2, "adancime_m": 30}, "geometry": {"type": "Polygon", "coordinates": [[[26.151316793159427, 44.55125131579804], [26.151508537382544, 44.55125847716153], [26.15152832860112, 44.55098935190926], [26.151336584378008, 44.55098219054577], [26.151316793159427, 44.55125131579804]]]}}, {"type": "Feature", "properties": {"nr": 24, "suprafata_mp": 468, "front_m": 15.6, "adancime_m": 30}, "geometry": {"type": "Polygon", "coordinates": [[[26.151508537382544, 44.55125847716153], [26.151704965398164, 44.55126581345775], [26.15172475661674, 44.55099668820548], [26.15152832860112, 44.55098935190926], [26.151508537382544, 44.55125847716153]]]}}, {"type": "Feature", "properties": {"nr": 25, "suprafata_mp": 468, "front_m": 15.6, "adancime_m": 30}, "geometry": {"type": "Polygon", "coordinates": [[[26.151704965398164, 44.55126581345775], [26.15190130884472, 44.55127314659544], [26.151921100063298, 44.55100402134317], [26.15172475661674, 44.55099668820548], [26.151704965398164, 44.55126581345775]]]}}, {"type": "Feature", "properties": {"nr": 26, "suprafata_mp": 465, "front_m": 15.5, "adancime_m": 30}, "geometry": {"type": "Polygon", "coordinates": [[[26.15190130884472, 44.55127314659544], [26.152096422367777, 44.55128043379731], [26.152116213586353, 44.551011308545036], [26.151921100063298, 44.55100402134317], [26.15190130884472, 44.55127314659544]]]}}, {"type": "Feature", "properties": {"nr": 27, "suprafata_mp": 483, "front_m": 16.1, "adancime_m": 30}, "geometry": {"type": "Polygon", "coordinates": [[[26.152096422367777, 44.55128043379731], [26.15229918036018, 44.55128800650881], [26.15231897157876, 44.55101888125654], [26.152116213586353, 44.551011308545036], [26.152096422367777, 44.55128043379731]]]}}, {"type": "Feature", "properties": {"nr": 28, "suprafata_mp": 458, "front_m": 15.3, "adancime_m": 30}, "geometry": {"type": "Polygon", "coordinates": [[[26.15229918036018, 44.55128800650881], [26.152491302630448, 44.551295181991804], [26.152511093849025, 44.55102605673953], [26.15231897157876, 44.55101888125654], [26.15229918036018, 44.55128800650881]]]}}, {"type": "Feature", "properties": {"nr": 29, "suprafata_mp": 484, "front_m": 16.1, "adancime_m": 30}, "geometry": {"type": "Polygon", "coordinates": [[[26.152491302630448, 44.551295181991804], [26.152694530547688, 44.5513027722543], [26.152714321766265, 44.551033647002036], [26.152511093849025, 44.55102605673953], [26.152491302630448, 44.551295181991804]]]}}, {"type": "Feature", "properties": {"nr": 30, "suprafata_mp": 464, "front_m": 15.5, "adancime_m": 30}, "geometry": {"type": "Polygon", "coordinates": [[[26.152694530547688, 44.5513027722543], [26.152889211202222, 44.55131004328917], [26.152909002420802, 44.5510409180369], [26.152714321766265, 44.551033647002036], [26.152694530547688, 44.5513027722543]]]}}, {"type": "Feature", "properties": {"nr": 31, "suprafata_mp": 489, "front_m": 16.3, "adancime_m": 30}, "geometry": {"type": "Polygon", "coordinates": [[[26.152889211202222, 44.55131004328917], [26.15309420114937, 44.55131769936089], [26.153113992367945, 44.55104857410861], [26.152909002420802, 44.5510409180369], [26.152889211202222, 44.55131004328917]]]}}, {"type": "Feature", "properties": {"nr": 32, "suprafata_mp": 457, "front_m": 15.2, "adancime_m": 30}, "geometry": {"type": "Polygon", "coordinates": [[[26.15309420114937, 44.55131769936089], [26.153285962689115, 44.55132486137113], [26.15330575390769, 44.551055736118855], [26.153113992367945, 44.55104857410861], [26.15309420114937, 44.55131769936089]]]}}, {"type": "Feature", "properties": {"nr": 33, "suprafata_mp": 471, "front_m": 15.7, "adancime_m": 30}, "geometry": {"type": "Polygon", "coordinates": [[[26.153285962689115, 44.55132486137113], [26.153483554870324, 44.551332241147215], [26.1535033460889, 44.55106311589494], [26.15330575390769, 44.551055736118855], [26.153285962689115, 44.55132486137113]]]}}, {"type": "Feature", "properties": {"nr": 34, "suprafata_mp": 472, "front_m": 15.7, "adancime_m": 30}, "geometry": {"type": "Polygon", "coordinates": [[[26.150753503216393, 44.550888449479025], [26.150951429693887, 44.550895841740584], [26.150971220912467, 44.55062671648831], [26.15077329443497, 44.55061932422675], [26.150753503216393, 44.550888449479025]]]}}, {"type": "Feature", "properties": {"nr": 35, "suprafata_mp": 491, "front_m": 16.4, "adancime_m": 30}, "geometry": {"type": "Polygon", "coordinates": [[[26.150951429693887, 44.550895841740584], [26.151157309330685, 44.550903531040895], [26.151177100549265, 44.55063440578862], [26.150971220912467, 44.55062671648831], [26.150951429693887, 44.550895841740584]]]}}, {"type": "Feature", "properties": {"nr": 36, "suprafata_mp": 498, "front_m": 16.6, "adancime_m": 30}, "geometry": {"type": "Polygon", "coordinates": [[[26.151157309330685, 44.550903531040895], [26.151366113928248, 44.55091132958417], [26.151385905146828, 44.55064220433189], [26.151177100549265, 44.55063440578862], [26.151157309330685, 44.550903531040895]]]}}, {"type": "Feature", "properties": {"nr": 37, "suprafata_mp": 499, "front_m": 16.6, "adancime_m": 30}, "geometry": {"type": "Polygon", "coordinates": [[[26.151366113928248, 44.55091132958417], [26.151575435626732, 44.550919147440396], [26.151595226845313, 44.55065002218812], [26.151385905146828, 44.55064220433189], [26.151366113928248, 44.55091132958417]]]}}, {"type": "Feature", "properties": {"nr": 38, "suprafata_mp": 464, "front_m": 15.5, "adancime_m": 30}, "geometry": {"type": "Polygon", "coordinates": [[[26.151575435626732, 44.550919147440396], [26.151770025671567, 44.550926415091126], [26.151789816890144, 44.55065728983885], [26.151595226845313, 44.55065002218812], [26.151575435626732, 44.550919147440396]]]}}, {"type": "Feature", "properties": {"nr": 39, "suprafata_mp": 457, "front_m": 15.2, "adancime_m": 30}, "geometry": {"type": "Polygon", "coordinates": [[[26.151770025671567, 44.550926415091126], [26.15196190054319, 44.55093358133414], [26.151981691761765, 44.55066445608187], [26.151789816890144, 44.55065728983885], [26.151770025671567, 44.550926415091126]]]}}, {"type": "Feature", "properties": {"nr": 40, "suprafata_mp": 487, "front_m": 16.2, "adancime_m": 30}, "geometry": {"type": "Polygon", "coordinates": [[[26.15196190054319, 44.55093358133414], [26.15216634535562, 44.55094121704588], [26.152186136574198, 44.55067209179361], [26.151981691761765, 44.55066445608187], [26.15196190054319, 44.55093358133414]]]}}, {"type": "Feature", "properties": {"nr": 41, "suprafata_mp": 466, "front_m": 15.5, "adancime_m": 30}, "geometry": {"type": "Polygon", "coordinates": [[[26.15216634535562, 44.55094121704588], [26.152362006161866, 44.55094852468797], [26.152381797380443, 44.550679399435694], [26.152186136574198, 44.55067209179361], [26.15216634535562, 44.55094121704588]]]}}, {"type": "Feature", "properties": {"nr": 42, "suprafata_mp": 483, "front_m": 16.1, "adancime_m": 30}, "geometry": {"type": "Polygon", "coordinates": [[[26.152362006161866, 44.55094852468797], [26.15256469676145, 44.55095609488245], [26.152584487980025, 44.55068696963018], [26.152381797380443, 44.550679399435694], [26.152362006161866, 44.55094852468797]]]}}, {"type": "Feature", "properties": {"nr": 43, "suprafata_mp": 501, "front_m": 16.7, "adancime_m": 30}, "geometry": {"type": "Polygon", "coordinates": [[[26.15256469676145, 44.55095609488245], [26.152775062893888, 44.550963951746745], [26.152794854112464, 44.55069482649447], [26.152584487980025, 44.55068696963018], [26.15256469676145, 44.55095609488245]]]}}, {"type": "Feature", "properties": {"nr": 44, "suprafata_mp": 474, "front_m": 15.8, "adancime_m": 30}, "geometry": {"type": "Polygon", "coordinates": [[[26.152775062893888, 44.550963951746745], [26.1529740397397, 44.55097138323801], [26.152993830958277, 44.55070225798573], [26.152794854112464, 44.55069482649447], [26.152775062893888, 44.550963951746745]]]}}, {"type": "Feature", "properties": {"nr": 45, "suprafata_mp": 468, "front_m": 15.6, "adancime_m": 30}, "geometry": {"type": "Polygon", "coordinates": [[[26.1529740397397, 44.55097138323801], [26.153170467873597, 44.55097871953865], [26.153190259092174, 44.550709594286374], [26.152993830958277, 44.55070225798573], [26.1529740397397, 44.55097138323801]]]}}, {"type": "Feature", "properties": {"nr": 46, "suprafata_mp": 478, "front_m": 15.9, "adancime_m": 30}, "geometry": {"type": "Polygon", "coordinates": [[[26.153170467873597, 44.55097871953865], [26.153370999392, 44.55098620909463], [26.153390790610576, 44.55071708384236], [26.153190259092174, 44.550709594286374], [26.153170467873597, 44.55097871953865]]]}}, {"type": "Feature", "properties": {"nr": 47, "suprafata_mp": 488, "front_m": 16.3, "adancime_m": 30}, "geometry": {"type": "Polygon", "coordinates": [[[26.153370999392, 44.55098620909463], [26.153575573839724, 44.55099384964806], [26.1535953650583, 44.550724724395785], [26.153390790610576, 44.55071708384236], [26.153370999392, 44.55098620909463]]]}}, {"type": "Feature", "properties": {"nr": 48, "suprafata_mp": 461, "front_m": 15.4, "adancime_m": 30}, "geometry": {"type": "Polygon", "coordinates": [[[26.153575573839724, 44.55099384964806], [26.153768947114564, 44.55100107185422], [26.153788738333144, 44.55073194660195], [26.1535953650583, 44.550724724395785], [26.153575573839724, 44.55099384964806]]]}}, {"type": "Feature", "properties": {"nr": 49, "suprafata_mp": 474, "front_m": 15.8, "adancime_m": 30}, "geometry": {"type": "Polygon", "coordinates": [[[26.153768947114564, 44.55100107185422], [26.153967949441224, 44.55100850429716], [26.1539877406598, 44.550739379044884], [26.153788738333144, 44.55073194660195], [26.153768947114564, 44.55100107185422]]]}}, {"type": "Feature", "properties": {"nr": 50, "suprafata_mp": 462, "front_m": 15.4, "adancime_m": 30}, "geometry": {"type": "Polygon", "coordinates": [[[26.153967949441224, 44.55100850429716], [26.154161979751862, 44.55101575104264], [26.15418177097044, 44.55074662579037], [26.1539877406598, 44.550739379044884], [26.153967949441224, 44.55100850429716]]]}}, {"type": "Feature", "properties": {"nr": 51, "suprafata_mp": 461, "front_m": 15.4, "adancime_m": 30}, "geometry": {"type": "Polygon", "coordinates": [[[26.15077142877479, 44.5506192545471], [26.150964715620482, 44.55062647352526], [26.15098450683906, 44.55035734827299], [26.150791219993366, 44.55035012929483], [26.15077142877479, 44.5506192545471]]]}}, {"type": "Feature", "properties": {"nr": 52, "suprafata_mp": 491, "front_m": 16.4, "adancime_m": 30}, "geometry": {"type": "Polygon", "coordinates": [[[26.150964715620482, 44.55062647352526], [26.151170701548924, 44.55063416679541], [26.1511904927675, 44.55036504154314], [26.15098450683906, 44.55035734827299], [26.150964715620482, 44.55062647352526]]]}}, {"type": "Feature", "properties": {"nr": 53, "suprafata_mp": 493, "front_m": 16.4, "adancime_m": 30}, "geometry": {"type": "Polygon", "coordinates": [[[26.151170701548924, 44.55063416679541], [26.151377677369695, 44.55064189703657], [26.151397468588275, 44.5503727717843], [26.1511904927675, 44.55036504154314], [26.151170701548924, 44.55063416679541]]]}}, {"type": "Feature", "properties": {"nr": 54, "suprafata_mp": 496, "front_m": 16.5, "adancime_m": 30}, "geometry": {"type": "Polygon", "coordinates": [[[26.151377677369695, 44.55064189703657], [26.151585645993343, 44.55064966435746], [26.15160543721192, 44.550380539105184], [26.151397468588275, 44.5503727717843], [26.151377677369695, 44.55064189703657]]]}}, {"type": "Feature", "properties": {"nr": 55, "suprafata_mp": 488, "front_m": 16.3, "adancime_m": 30}, "geometry": {"type": "Polygon", "coordinates": [[[26.151585645993343, 44.55064966435746], [26.151790561969214, 44.550657317666456], [26.15181035318779, 44.55038819241418], [26.15160543721192, 44.550380539105184], [26.151585645993343, 44.55064966435746]]]}}, {"type": "Feature", "properties": {"nr": 56, "suprafata_mp": 474, "front_m": 15.8, "adancime_m": 30}, "geometry": {"type": "Polygon", "coordinates": [[[26.151790561969214, 44.550657317666456], [26.151989365869895, 44.55066474269847], [26.15200915708847, 44.5503956174462], [26.15181035318779, 44.55038819241418], [26.151790561969214, 44.550657317666456]]]}}, {"type": "Feature", "properties": {"nr": 57, "suprafata_mp": 459, "front_m": 15.3, "adancime_m": 30}, "geometry": {"type": "Polygon", "coordinates": [[[26.151989365869895, 44.55066474269847], [26.15218199621377, 44.55067193715726], [26.152201787432347, 44.55040281190499], [26.15200915708847, 44.5503956174462], [26.151989365869895, 44.55066474269847]]]}}, {"type": "Feature", "properties": {"nr": 58, "suprafata_mp": 481, "front_m": 16.0, "adancime_m": 30}, "geometry": {"type": "Polygon", "coordinates": [[[26.15218199621377, 44.55067193715726], [26.152383781819438, 44.55067947355156], [26.152403573038015, 44.55041034829929], [26.152201787432347, 44.55040281190499], [26.15218199621377, 44.55067193715726]]]}}, {"type": "Feature", "properties": {"nr": 59, "suprafata_mp": 492, "front_m": 16.4, "adancime_m": 30}, "geometry": {"type": "Polygon", "coordinates": [[[26.152383781819438, 44.55067947355156], [26.152590374691805, 44.55068718949016], [26.15261016591038, 44.55041806423789], [26.152403573038015, 44.55041034829929], [26.152383781819438, 44.55067947355156]]]}}, {"type": "Feature", "properties": {"nr": 60, "suprafata_mp": 465, "front_m": 15.5, "adancime_m": 30}, "geometry": {"type": "Polygon", "coordinates": [[[26.152590374691805, 44.55068718949016], [26.152785555381605, 44.55069447920061], [26.152805346600182, 44.550425353948334], [26.15261016591038, 44.55041806423789], [26.152590374691805, 44.55068718949016]]]}}, {"type": "Feature", "properties": {"nr": 61, "suprafata_mp": 469, "front_m": 15.6, "adancime_m": 30}, "geometry": {"type": "Polygon", "coordinates": [[[26.152785555381605, 44.55069447920061], [26.152982254663815, 44.55070182562824], [26.153002045882392, 44.550432700375964], [26.152805346600182, 44.550425353948334], [26.152785555381605, 44.55069447920061]]]}}, {"type": "Feature", "properties": {"nr": 62, "suprafata_mp": 482, "front_m": 16.1, "adancime_m": 30}, "geometry": {"type": "Polygon", "coordinates": [[[26.152982254663815, 44.55070182562824], [26.15318438958668, 44.55070937506901], [26.15320418080526, 44.55044024981674], [26.153002045882392, 44.550432700375964], [26.152982254663815, 44.55070182562824]]]}}, {"type": "Feature", "properties": {"nr": 63, "suprafata_mp": 492, "front_m": 16.4, "adancime_m": 30}, "geometry": {"type": "Polygon", "coordinates": [[[26.15318438958668, 44.55070937506901], [26.153390798607422, 44.550717084141034], [26.153410589826, 44.55044795888876], [26.15320418080526, 44.55044024981674], [26.15318438958668, 44.55070937506901]]]}}, {"type": "Feature", "properties": {"nr": 64, "suprafata_mp": 499, "front_m": 16.6, "adancime_m": 30}, "geometry": {"type": "Polygon", "coordinates": [[[26.153390798607422, 44.550717084141034], [26.153600193597523, 44.550724904734594], [26.1536199848161, 44.55045577948232], [26.153410589826, 44.55044795888876], [26.153390798607422, 44.550717084141034]]]}}, {"type": "Feature", "properties": {"nr": 65, "suprafata_mp": 462, "front_m": 15.4, "adancime_m": 30}, "geometry": {"type": "Polygon", "coordinates": [[[26.153600193597523, 44.550724904734594], [26.153794063191643, 44.550732145477554], [26.153813854410224, 44.55046302022528], [26.1536199848161, 44.55045577948232], [26.153600193597523, 44.550724904734594]]]}}, {"type": "Feature", "properties": {"nr": 66, "suprafata_mp": 465, "front_m": 15.5, "adancime_m": 30}, "geometry": {"type": "Polygon", "coordinates": [[[26.153794063191643, 44.550732145477554], [26.153989111597227, 44.550739430247376], [26.154008902815804, 44.5504703049951], [26.153813854410224, 44.55046302022528], [26.153794063191643, 44.550732145477554]]]}}, {"type": "Feature", "properties": {"nr": 67, "suprafata_mp": 494, "front_m": 16.5, "adancime_m": 30}, "geometry": {"type": "Polygon", "coordinates": [[[26.153989111597227, 44.550739430247376], [26.154196551932984, 44.550747177837486], [26.15421634315156, 44.55047805258521], [26.154008902815804, 44.5504703049951], [26.153989111597227, 44.550739430247376]]]}}, {"type": "Feature", "properties": {"nr": 68, "suprafata_mp": 487, "front_m": 16.2, "adancime_m": 30}, "geometry": {"type": "Polygon", "coordinates": [[[26.154196551932984, 44.550747177837486], [26.15440087014432, 44.55075480882086], [26.154420661362895, 44.55048568356859], [26.15421634315156, 44.55047805258521], [26.154196551932984, 44.550747177837486]]]}}, {"type": "Feature", "properties": {"nr": 69, "suprafata_mp": 491, "front_m": 16.4, "adancime_m": 30}, "geometry": {"type": "Polygon", "coordinates": [[[26.15440087014432, 44.55075480882086], [26.154606728139058, 44.550762497312874], [26.154626519357638, 44.5504933720606], [26.154420661362895, 44.55048568356859], [26.15440087014432, 44.55075480882086]]]}}, {"type": "Feature", "properties": {"nr": 70, "suprafata_mp": 504, "front_m": 16.8, "adancime_m": 30}, "geometry": {"type": "Polygon", "coordinates": [[[26.154606728139058, 44.550762497312874], [26.154818140918184, 44.550770393267875], [26.15483793213676, 44.5505012680156], [26.154626519357638, 44.5504933720606], [26.154606728139058, 44.550762497312874]]]}}, {"type": "Feature", "properties": {"nr": 71, "suprafata_mp": 490, "front_m": 16.3, "adancime_m": 30}, "geometry": {"type": "Polygon", "coordinates": [[[26.15078516055979, 44.55027793913725], [26.150990851444448, 44.55028562138795], [26.151010642663024, 44.550016496135676], [26.150804951778365, 44.55000881388498], [26.15078516055979, 44.55027793913725]]]}}, {"type": "Feature", "properties": {"nr": 72, "suprafata_mp": 496, "front_m": 16.5, "adancime_m": 30}, "geometry": {"type": "Polygon", "coordinates": [[[26.150990851444448, 44.55028562138795], [26.151198811138062, 44.55029338837531], [26.15121860235664, 44.550024263123035], [26.151010642663024, 44.550016496135676], [26.150990851444448, 44.55028562138795]]]}}, {"type": "Feature", "properties": {"nr": 73, "suprafata_mp": 500, "front_m": 16.7, "adancime_m": 30}, "geometry": {"type": "Polygon", "coordinates": [[[26.151198811138062, 44.55029338837531], [26.151408689208218, 44.5503012270112], [26.151428480426794, 44.55003210175893], [26.15121860235664, 44.550024263123035], [26.151198811138062, 44.55029338837531]]]}}, {"type": "Feature", "properties": {"nr": 74, "suprafata_mp": 462, "front_m": 15.4, "adancime_m": 30}, "geometry": {"type": "Polygon", "coordinates": [[[26.151408689208218, 44.5503012270112], [26.151602511268106, 44.55030846597882], [26.151622302486683, 44.55003934072655], [26.151428480426794, 44.55003210175893], [26.151408689208218, 44.5503012270112]]]}}, {"type": "Feature", "properties": {"nr": 75, "suprafata_mp": 460, "front_m": 15.3, "adancime_m": 30}, "geometry": {"type": "Polygon", "coordinates": [[[26.151602511268106, 44.55030846597882], [26.151795697454475, 44.55031568119751], [26.151815488673055, 44.55004655594524], [26.151622302486683, 44.55003934072655], [26.151602511268106, 44.55030846597882]]]}}, {"type": "Feature", "properties": {"nr": 76, "suprafata_mp": 503, "front_m": 16.8, "adancime_m": 30}, "geometry": {"type": "Polygon", "coordinates": [[[26.151795697454475, 44.55031568119751], [26.152006930989376, 44.550323570458005], [26.152026722207953, 44.55005444520573], [26.151815488673055, 44.55004655594524], [26.151795697454475, 44.55031568119751]]]}}, {"type": "Feature", "properties": {"nr": 77, "suprafata_mp": 462, "front_m": 15.4, "adancime_m": 30}, "geometry": {"type": "Polygon", "coordinates": [[[26.152006930989376, 44.550323570458005], [26.152200619618263, 44.55033080444218], [26.15222041083684, 44.55006167918991], [26.152026722207953, 44.55005444520573], [26.152006930989376, 44.550323570458005]]]}}, {"type": "Feature", "properties": {"nr": 78, "suprafata_mp": 464, "front_m": 15.5, "adancime_m": 30}, "geometry": {"type": "Polygon", "coordinates": [[[26.152200619618263, 44.55033080444218], [26.15239551772045, 44.5503380835984], [26.152415308939027, 44.550068958346124], [26.15222041083684, 44.55006167918991], [26.152200619618263, 44.55033080444218]]]}}, {"type": "Feature", "properties": {"nr": 79, "suprafata_mp": 484, "front_m": 16.1, "adancime_m": 30}, "geometry": {"type": "Polygon", "coordinates": [[[26.15239551772045, 44.5503380835984], [26.152598434766634, 44.55034566225032], [26.152618225985215, 44.55007653699805], [26.152415308939027, 44.550068958346124], [26.15239551772045, 44.5503380835984]]]}}, {"type": "Feature", "properties": {"nr": 80, "suprafata_mp": 477, "front_m": 15.9, "adancime_m": 30}, "geometry": {"type": "Polygon", "coordinates": [[[26.152598434766634, 44.55034566225032], [26.15279876010397, 44.55035314410575], [26.152818551322547, 44.550084018853475], [26.152618225985215, 44.55007653699805], [26.152598434766634, 44.55034566225032]]]}}, {"type": "Feature", "properties": {"nr": 81, "suprafata_mp": 492, "front_m": 16.4, "adancime_m": 30}, "geometry": {"type": "Polygon", "coordinates": [[[26.15279876010397, 44.55035314410575], [26.1530052106273, 44.55036085472783], [26.153025001845876, 44.550091729475554], [26.152818551322547, 44.550084018853475], [26.15279876010397, 44.55035314410575]]]}}, {"type": "Feature", "properties": {"nr": 82, "suprafata_mp": 465, "front_m": 15.5, "adancime_m": 30}, "geometry": {"type": "Polygon", "coordinates": [[[26.1530052106273, 44.55036085472783], [26.153200385658447, 44.55036814422693], [26.153220176877028, 44.550099018974656], [26.153025001845876, 44.550091729475554], [26.1530052106273, 44.55036085472783]]]}}, {"type": "Feature", "properties": {"nr": 83, "suprafata_mp": 500, "front_m": 16.7, "adancime_m": 30}, "geometry": {"type": "Polygon", "coordinates": [[[26.153200385658447, 44.55036814422693], [26.153410139980178, 44.550375978241], [26.153429931198758, 44.550106852988726], [26.153220176877028, 44.550099018974656], [26.153200385658447, 44.55036814422693]]]}}, {"type": "Feature", "properties": {"nr": 84, "suprafata_mp": 466, "front_m": 15.5, "adancime_m": 30}, "geometry": {"type": "Polygon", "coordinates": [[[26.153410139980178, 44.550375978241], [26.15360585151237, 44.55038328777763], [26.153625642730947, 44.550114162525354], [26.153429931198758, 44.550106852988726], [26.153410139980178, 44.550375978241]]]}}, {"type": "Feature", "properties": {"nr": 85, "suprafata_mp": 493, "front_m": 16.4, "adancime_m": 30}, "geometry": {"type": "Polygon", "coordinates": [[[26.15360585151237, 44.55038328777763], [26.153812679046233, 44.55039101248049], [26.15383247026481, 44.550121887228215], [26.153625642730947, 44.550114162525354], [26.15360585151237, 44.55038328777763]]]}}, {"type": "Feature", "properties": {"nr": 86, "suprafata_mp": 459, "front_m": 15.3, "adancime_m": 30}, "geometry": {"type": "Polygon", "coordinates": [[[26.153812679046233, 44.55039101248049], [26.154005377697946, 44.550398209490474], [26.154025168916526, 44.55012908423821], [26.15383247026481, 44.550121887228215], [26.153812679046233, 44.55039101248049]]]}}, {"type": "Feature", "properties": {"nr": 87, "suprafata_mp": 479, "front_m": 16.0, "adancime_m": 30}, "geometry": {"type": "Polygon", "coordinates": [[[26.154005377697946, 44.550398209490474], [26.154206249444627, 44.55040571175349], [26.154226040663204, 44.55013658650122], [26.154025168916526, 44.55012908423821], [26.154005377697946, 44.550398209490474]]]}}, {"type": "Feature", "properties": {"nr": 88, "suprafata_mp": 458, "front_m": 15.3, "adancime_m": 30}, "geometry": {"type": "Polygon", "coordinates": [[[26.154206249444627, 44.55040571175349], [26.154398242259973, 44.55041288240153], [26.15441803347855, 44.55014375714926], [26.154226040663204, 44.55013658650122], [26.154206249444627, 44.55040571175349]]]}}, {"type": "Feature", "properties": {"nr": 89, "suprafata_mp": 471, "front_m": 15.7, "adancime_m": 30}, "geometry": {"type": "Polygon", "coordinates": [[[26.154398242259973, 44.55041288240153], [26.154595899707452, 44.55042026461522], [26.15461569092603, 44.550151139362946], [26.15441803347855, 44.55014375714926], [26.154398242259973, 44.55041288240153]]]}}, {"type": "Feature", "properties": {"nr": 90, "suprafata_mp": 471, "front_m": 15.7, "adancime_m": 30}, "geometry": {"type": "Polygon", "coordinates": [[[26.154595899707452, 44.55042026461522], [26.154793525331907, 44.55042764564036], [26.154813316550484, 44.55015852038809], [26.15461569092603, 44.550151139362946], [26.154595899707452, 44.55042026461522]]]}}, {"type": "Feature", "properties": {"nr": 91, "suprafata_mp": 491, "front_m": 16.4, "adancime_m": 30}, "geometry": {"type": "Polygon", "coordinates": [[[26.154793525331907, 44.55042764564036], [26.154999358667276, 44.55043533321138], [26.155019149885852, 44.55016620795911], [26.154813316550484, 44.55015852038809], [26.154793525331907, 44.55042764564036]]]}}, {"type": "Feature", "properties": {"nr": 92, "suprafata_mp": 478, "front_m": 15.9, "adancime_m": 30}, "geometry": {"type": "Polygon", "coordinates": [[[26.154999358667276, 44.55043533321138], [26.15519986012427, 44.550442821644616], [26.15521965134285, 44.55017369639234], [26.155019149885852, 44.55016620795911], [26.154999358667276, 44.55043533321138]]]}}, {"type": "Feature", "properties": {"nr": 93, "suprafata_mp": 459, "front_m": 15.3, "adancime_m": 30}, "geometry": {"type": "Polygon", "coordinates": [[[26.15519986012427, 44.550442821644616], [26.15539234066859, 44.55045001050862], [26.155412131887168, 44.550180885256346], [26.15521965134285, 44.55017369639234], [26.15519986012427, 44.550442821644616]]]}}, {"type": "Feature", "properties": {"nr": 94, "suprafata_mp": 504, "front_m": 16.8, "adancime_m": 30}, "geometry": {"type": "Polygon", "coordinates": [[[26.15539234066859, 44.55045001050862], [26.155603725059226, 44.55045790540335], [26.155623516277803, 44.55018878015108], [26.155412131887168, 44.550180885256346], [26.15539234066859, 44.55045001050862]]]}}, {"type": "Feature", "properties": {"nr": 95, "suprafata_mp": 494, "front_m": 16.5, "adancime_m": 30}, "geometry": {"type": "Polygon", "coordinates": [[[26.150610634120543, 44.55000155640751], [26.150817898765112, 44.550009297435814], [26.150837689983693, 44.54974017218354], [26.15063042533912, 44.549732431155235], [26.150610634120543, 44.55000155640751]]]}}, {"type": "Feature", "properties": {"nr": 96, "suprafata_mp": 498, "front_m": 16.6, "adancime_m": 30}, "geometry": {"type": "Polygon", "coordinates": [[[26.150817898765112, 44.550009297435814], [26.151026827511462, 44.55001710061586], [26.15104661873004, 44.54974797536359], [26.150837689983693, 44.54974017218354], [26.150817898765112, 44.550009297435814]]]}}, {"type": "Feature", "properties": {"nr": 97, "suprafata_mp": 465, "front_m": 15.5, "adancime_m": 30}, "geometry": {"type": "Polygon", "coordinates": [[[26.151026827511462, 44.55001710061586], [26.151221777248566, 44.55002438170056], [26.151241568467142, 44.549755256448286], [26.15104661873004, 44.54974797536359], [26.151026827511462, 44.55001710061586]]]}}, {"type": "Feature", "properties": {"nr": 98, "suprafata_mp": 463, "front_m": 15.4, "adancime_m": 30}, "geometry": {"type": "Polygon", "coordinates": [[[26.151221777248566, 44.55002438170056], [26.151415859674103, 44.55003163039245], [26.15143565089268, 44.54976250514019], [26.151241568467142, 44.549755256448286], [26.151221777248566, 44.55002438170056]]]}}, {"type": "Feature", "properties": {"nr": 99, "suprafata_mp": 461, "front_m": 15.4, "adancime_m": 30}, "geometry": {"type": "Polygon", "coordinates": [[[26.151415859674103, 44.55003163039245], [26.151609476504373, 44.55003886169506], [26.15162926772295, 44.549769736442784], [26.15143565089268, 44.54976250514019], [26.151415859674103, 44.55003163039245]]]}}, {"type": "Feature", "properties": {"nr": 100, "suprafata_mp": 503, "front_m": 16.8, "adancime_m": 30}, "geometry": {"type": "Polygon", "coordinates": [[[26.151609476504373, 44.55003886169506], [26.15182054337761, 44.550046744730984], [26.151840334596187, 44.54977761947871], [26.15162926772295, 44.549769736442784], [26.151609476504373, 44.55003886169506]]]}}, {"type": "Feature", "properties": {"nr": 101, "suprafata_mp": 501, "front_m": 16.7, "adancime_m": 30}, "geometry": {"type": "Polygon", "coordinates": [[[26.15182054337761, 44.550046744730984], [26.152030844793266, 44.5500545991782], [26.152050636011847, 44.54978547392593], [26.151840334596187, 44.54977761947871], [26.15182054337761, 44.550046744730984]]]}}, {"type": "Feature", "properties": {"nr": 102, "suprafata_mp": 467, "front_m": 15.6, "adancime_m": 30}, "geometry": {"type": "Polygon", "coordinates": [[[26.152030844793266, 44.5500545991782], [26.152226827668326, 44.55006191884908], [26.152246618886906, 44.54979279359681], [26.152050636011847, 44.54978547392593], [26.152030844793266, 44.5500545991782]]]}}, {"type": "Feature", "properties": {"nr": 103, "suprafata_mp": 503, "front_m": 16.8, "adancime_m": 30}, "geometry": {"type": "Polygon", "coordinates": [[[26.152226827668326, 44.55006191884908], [26.15243769939474, 44.55006979459657], [26.152457490613315, 44.54980066934429], [26.152246618886906, 44.54979279359681], [26.152226827668326, 44.55006191884908]]]}}, {"type": "Feature", "properties": {"nr": 104, "suprafata_mp": 466, "front_m": 15.5, "adancime_m": 30}, "geometry": {"type": "Polygon", "coordinates": [[[26.15243769939474, 44.55006979459657], [26.152633222063567, 44.55007709707942], [26.152653013282144, 44.54980797182715], [26.152457490613315, 44.54980066934429], [26.15243769939474, 44.55006979459657]]]}}, {"type": "Feature", "properties": {"nr": 105, "suprafata_mp": 480, "front_m": 16.0, "adancime_m": 30}, "geometry": {"type": "Polygon", "coordinates": [[[26.152633222063567, 44.55007709707942], [26.152834759933697, 44.550084624221164], [26.152854551152274, 44.54981549896889], [26.152653013282144, 44.54980797182715], [26.152633222063567, 44.55007709707942]]]}}, {"type": "Feature", "properties": {"nr": 106, "suprafata_mp": 480, "front_m": 16.0, "adancime_m": 30}, "geometry": {"type": "Polygon", "coordinates": [[[26.152834759933697, 44.550084624221164], [26.153036114704886, 44.55009214452443], [26.153055905923466, 44.549823019272154], [26.152854551152274, 44.54981549896889], [26.152834759933697, 44.550084624221164]]]}}, {"type": "Feature", "properties": {"nr": 107, "suprafata_mp": 500, "front_m": 16.7, "adancime_m": 30}, "geometry": {"type": "Polygon", "coordinates": [[[26.153036114704886, 44.55009214452443], [26.153245879663775, 44.550099978935776], [26.15326567088235, 44.5498308536835], [26.153055905923466, 44.549823019272154], [26.153036114704886, 44.55009214452443]]]}}, {"type": "Feature", "properties": {"nr": 108, "suprafata_mp": 458, "front_m": 15.3, "adancime_m": 30}, "geometry": {"type": "Polygon", "coordinates": [[[26.153245879663775, 44.550099978935776], [26.153438033011586, 44.55010715557947], [26.153457824230166, 44.549838030327194], [26.15326567088235, 44.5498308536835], [26.153245879663775, 44.550099978935776]]]}}, {"type": "Feature", "properties": {"nr": 109, "suprafata_mp": 471, "front_m": 15.7, "adancime_m": 30}, "geometry": {"type": "Polygon", "coordinates": [[[26.153438033011586, 44.55010715557947], [26.15363572147799, 44.55011453895167], [26.153655512696567, 44.549845413699394], [26.153457824230166, 44.549838030327194], [26.153438033011586, 44.55010715557947]]]}}, {"type": "Feature", "properties": {"nr": 110, "suprafata_mp": 485, "front_m": 16.2, "adancime_m": 30}, "geometry": {"type": "Polygon", "coordinates": [[[26.15363572147799, 44.55011453895167], [26.153839142481125, 44.55012213642564], [26.153858933699706, 44.54985301117337], [26.153655512696567, 44.549845413699394], [26.15363572147799, 44.55011453895167]]]}}, {"type": "Feature", "properties": {"nr": 111, "suprafata_mp": 459, "front_m": 15.3, "adancime_m": 30}, "geometry": {"type": "Polygon", "coordinates": [[[26.153839142481125, 44.55012213642564], [26.154031816857067, 44.55012933252896], [26.154051608075644, 44.54986020727669], [26.153858933699706, 44.54985301117337], [26.153839142481125, 44.55012213642564]]]}}, {"type": "Feature", "properties": {"nr": 112, "suprafata_mp": 467, "front_m": 15.6, "adancime_m": 30}, "geometry": {"type": "Polygon", "coordinates": [[[26.154031816857067, 44.55012933252896], [26.15422791822806, 44.55013665662549], [26.154247709446636, 44.549867531373216], [26.154051608075644, 44.54986020727669], [26.154031816857067, 44.55012933252896]]]}}, {"type": "Feature", "properties": {"nr": 113, "suprafata_mp": 478, "front_m": 15.9, "adancime_m": 30}, "geometry": {"type": "Polygon", "coordinates": [[[26.15422791822806, 44.55013665662549], [26.154428622018383, 44.55014415261558], [26.15444841323696, 44.549875027363306], [26.154247709446636, 44.549867531373216], [26.15422791822806, 44.55013665662549]]]}}, {"type": "Feature", "properties": {"nr": 114, "suprafata_mp": 498, "front_m": 16.6, "adancime_m": 30}, "geometry": {"type": "Polygon", "coordinates": [[[26.154428622018383, 44.55014415261558], [26.154637700200546, 44.550151961376834], [26.154657491419123, 44.54988283612456], [26.15444841323696, 44.549875027363306], [26.154428622018383, 44.55014415261558]]]}}, {"type": "Feature", "properties": {"nr": 115, "suprafata_mp": 493, "front_m": 16.4, "adancime_m": 30}, "geometry": {"type": "Polygon", "coordinates": [[[26.154637700200546, 44.550151961376834], [26.154844363557768, 44.550159679947946], [26.154864154776348, 44.54989055469567], [26.154657491419123, 44.54988283612456], [26.154637700200546, 44.550151961376834]]]}}, {"type": "Feature", "properties": {"nr": 116, "suprafata_mp": 496, "front_m": 16.5, "adancime_m": 30}, "geometry": {"type": "Polygon", "coordinates": [[[26.154844363557768, 44.550159679947946], [26.15505239690748, 44.55016744968625], [26.155072188126056, 44.549898324433975], [26.154864154776348, 44.54989055469567], [26.154844363557768, 44.550159679947946]]]}}, {"type": "Feature", "properties": {"nr": 117, "suprafata_mp": 493, "front_m": 16.4, "adancime_m": 30}, "geometry": {"type": "Polygon", "coordinates": [[[26.15505239690748, 44.55016744968625], [26.155259062485236, 44.550175168340296], [26.155278853703816, 44.54990604308802], [26.155072188126056, 44.549898324433975], [26.15505239690748, 44.55016744968625]]]}}, {"type": "Feature", "properties": {"nr": 118, "suprafata_mp": 490, "front_m": 16.3, "adancime_m": 30}, "geometry": {"type": "Polygon", "coordinates": [[[26.155259062485236, 44.550175168340296], [26.155464653574523, 44.550182846863784], [26.1554844447931, 44.54991372161151], [26.155278853703816, 44.54990604308802], [26.155259062485236, 44.550175168340296]]]}}, {"type": "Feature", "properties": {"nr": 119, "suprafata_mp": 497, "front_m": 16.6, "adancime_m": 30}, "geometry": {"type": "Polygon", "coordinates": [[[26.155464653574523, 44.550182846863784], [26.155673104096905, 44.55019063218287], [26.155692895315482, 44.5499215069306], [26.1554844447931, 44.54991372161151], [26.155464653574523, 44.550182846863784]]]}}, {"type": "Feature", "properties": {"nr": 120, "suprafata_mp": 489, "front_m": 16.3, "adancime_m": 30}, "geometry": {"type": "Polygon", "coordinates": [[[26.155673104096905, 44.55019063218287], [26.15587816661079, 44.55019829096485], [26.155897957829367, 44.54992916571258], [26.155692895315482, 44.5499215069306], [26.155673104096905, 44.55019063218287]]]}}, {"type": "Feature", "properties": {"nr": 121, "suprafata_mp": 491, "front_m": 16.4, "adancime_m": 30}, "geometry": {"type": "Polygon", "coordinates": [[[26.15587816661079, 44.55019829096485], [26.156084320881263, 44.55020599052232], [26.15610411209984, 44.54993686527005], [26.155897957829367, 44.54992916571258], [26.15587816661079, 44.55019829096485]]]}}, {"type": "Feature", "properties": {"nr": 122, "suprafata_mp": 477, "front_m": 15.9, "adancime_m": 30}, "geometry": {"type": "Polygon", "coordinates": [[[26.15063570299741, 44.549660664421296], [26.150835770901832, 44.549668136661985], [26.15085556212041, 44.54939901140971], [26.150655494215986, 44.54939153916902], [26.15063570299741, 44.549660664421296]]]}}, {"type": "Feature", "properties": {"nr": 123, "suprafata_mp": 476, "front_m": 15.9, "adancime_m": 30}, "geometry": {"type": "Polygon", "coordinates": [[[26.150835770901832, 44.549668136661985], [26.15103546815807, 44.54967559505951], [26.151055259376648, 44.54940646980724], [26.15085556212041, 44.54939901140971], [26.150835770901832, 44.549668136661985]]]}}, {"type": "Feature", "properties": {"nr": 124, "suprafata_mp": 489, "front_m": 16.3, "adancime_m": 30}, "geometry": {"type": "Polygon", "coordinates": [[[26.15103546815807, 44.54967559505951], [26.151240745058857, 44.54968326184852], [26.151260536277434, 44.54941413659625], [26.151055259376648, 44.54940646980724], [26.15103546815807, 44.54967559505951]]]}}, {"type": "Feature", "properties": {"nr": 125, "suprafata_mp": 496, "front_m": 16.5, "adancime_m": 30}, "geometry": {"type": "Polygon", "coordinates": [[[26.151240745058857, 44.54968326184852], [26.151448900760297, 44.54969103615649], [26.151468691978874, 44.549421910904215], [26.151260536277434, 44.54941413659625], [26.151240745058857, 44.54968326184852]]]}}, {"type": "Feature", "properties": {"nr": 126, "suprafata_mp": 472, "front_m": 15.7, "adancime_m": 30}, "geometry": {"type": "Polygon", "coordinates": [[[26.151448900760297, 44.54969103615649], [26.15164698650701, 44.54969843436651], [26.151666777725588, 44.549429309114245], [26.151468691978874, 44.549421910904215], [26.151448900760297, 44.54969103615649]]]}}, {"type": "Feature", "properties": {"nr": 127, "suprafata_mp": 488, "front_m": 16.3, "adancime_m": 30}, "geometry": {"type": "Polygon", "coordinates": [[[26.15164698650701, 44.54969843436651], [26.151851810964633, 44.549706084257444], [26.151871602183213, 44.54943695900517], [26.151666777725588, 44.549429309114245], [26.15164698650701, 44.54969843436651]]]}}, {"type": "Feature", "properties": {"nr": 128, "suprafata_mp": 466, "front_m": 15.5, "adancime_m": 30}, "geometry": {"type": "Polygon", "coordinates": [[[26.151851810964633, 44.549706084257444], [26.152047358199948, 44.54971338765782], [26.152067149418524, 44.549444262405544], [26.151871602183213, 44.54943695900517], [26.151851810964633, 44.549706084257444]]]}}, {"type": "Feature", "properties": {"nr": 129, "suprafata_mp": 482, "front_m": 16.1, "adancime_m": 30}, "geometry": {"type": "Polygon", "coordinates": [[[26.152047358199948, 44.54971338765782], [26.15224980691422, 44.54972094881824], [26.152269598132797, 44.54945182356597], [26.152067149418524, 44.549444262405544], [26.152047358199948, 44.54971338765782]]]}}, {"type": "Feature", "properties": {"nr": 130, "suprafata_mp": 493, "front_m": 16.4, "adancime_m": 30}, "geometry": {"type": "Polygon", "coordinates": [[[26.15224980691422, 44.54972094881824], [26.15245663567086, 44.549728673566776], [26.15247642688944, 44.5494595483145], [26.152269598132797, 44.54945182356597], [26.15224980691422, 44.54972094881824]]]}}, {"type": "Feature", "properties": {"nr": 131, "suprafata_mp": 459, "front_m": 15.3, "adancime_m": 30}, "geometry": {"type": "Polygon", "coordinates": [[[26.15245663567086, 44.549728673566776], [26.15264928822899, 44.54973586885524], [26.152669079447566, 44.54946674360296], [26.15247642688944, 44.5494595483145], [26.15245663567086, 44.549728673566776]]]}}, {"type": "Feature", "properties": {"nr": 132, "suprafata_mp": 491, "front_m": 16.4, "adancime_m": 30}, "geometry": {"type": "Polygon", "coordinates": [[[26.15264928822899, 44.54973586885524], [26.15285528457601, 44.5497435625145], [26.152875075794586, 44.549474437262226], [26.152669079447566, 44.54946674360296], [26.15264928822899, 44.54973586885524]]]}}, {"type": "Feature", "properties": {"nr": 133, "suprafata_mp": 457, "front_m": 15.2, "adancime_m": 30}, "geometry": {"type": "Polygon", "coordinates": [[[26.15285528457601, 44.5497435625145], [26.153046932464004, 44.54975072028002], [26.15306672368258, 44.54948159502774], [26.152875075794586, 44.549474437262226], [26.15285528457601, 44.5497435625145]]]}}, {"type": "Feature", "properties": {"nr": 134, "suprafata_mp": 502, "front_m": 16.7, "adancime_m": 30}, "geometry": {"type": "Polygon", "coordinates": [[[26.153046932464004, 44.54975072028002], [26.153257571412873, 44.5497585873336], [26.15327736263145, 44.54948946208133], [26.15306672368258, 44.54948159502774], [26.153046932464004, 44.54975072028002]]]}}, {"type": "Feature", "properties": {"nr": 135, "suprafata_mp": 478, "front_m": 15.9, "adancime_m": 30}, "geometry": {"type": "Polygon", "coordinates": [[[26.153257571412873, 44.5497585873336], [26.153458347837695, 44.549766086036485], [26.153478139056272, 44.54949696078421], [26.15327736263145, 44.54948946208133], [26.153257571412873, 44.5497585873336]]]}}, {"type": "Feature", "properties": {"nr": 136, "suprafata_mp": 476, "front_m": 15.9, "adancime_m": 30}, "geometry": {"type": "Polygon", "coordinates": [[[26.153458347837695, 44.549766086036485], [26.15365792389545, 44.54977353990743], [26.15367771511403, 44.54950441465515], [26.153478139056272, 44.54949696078421], [26.153458347837695, 44.549766086036485]]]}}, {"type": "Feature", "properties": {"nr": 137, "suprafata_mp": 491, "front_m": 16.4, "adancime_m": 30}, "geometry": {"type": "Polygon", "coordinates": [[[26.15365792389545, 44.54977353990743], [26.15386377125304, 44.54978122800216], [26.15388356247162, 44.54951210274989], [26.15367771511403, 44.54950441465515], [26.15365792389545, 44.54977353990743]]]}}, {"type": "Feature", "properties": {"nr": 138, "suprafata_mp": 481, "front_m": 16.0, "adancime_m": 30}, "geometry": {"type": "Polygon", "coordinates": [[[26.15386377125304, 44.54978122800216], [26.15406564794796, 44.5497887677985], [26.154085439166536, 44.54951964254623], [26.15388356247162, 44.54951210274989], [26.15386377125304, 44.54978122800216]]]}}, {"type": "Feature", "properties": {"nr": 139, "suprafata_mp": 491, "front_m": 16.4, "adancime_m": 30}, "geometry": {"type": "Polygon", "coordinates": [[[26.15406564794796, 44.5497887677985], [26.154271704853965, 44.54979646371955], [26.154291496072542, 44.54952733846728], [26.154085439166536, 44.54951964254623], [26.15406564794796, 44.5497887677985]]]}}, {"type": "Feature", "properties": {"nr": 140, "suprafata_mp": 460, "front_m": 15.3, "adancime_m": 30}, "geometry": {"type": "Polygon", "coordinates": [[[26.154271704853965, 44.54979646371955], [26.15446474900744, 44.54980367363353], [26.15448454022602, 44.54953454838125], [26.154291496072542, 44.54952733846728], [26.154271704853965, 44.54979646371955]]]}}, {"type": "Feature", "properties": {"nr": 141, "suprafata_mp": 483, "front_m": 16.1, "adancime_m": 30}, "geometry": {"type": "Polygon", "coordinates": [[[26.15446474900744, 44.54980367363353], [26.154667421120767, 44.54981124313757], [26.154687212339347, 44.549542117885295], [26.15448454022602, 44.54953454838125], [26.15446474900744, 44.54980367363353]]]}}, {"type": "Feature", "properties": {"nr": 142, "suprafata_mp": 483, "front_m": 16.1, "adancime_m": 30}, "geometry": {"type": "Polygon", "coordinates": [[[26.154667421120767, 44.54981124313757], [26.154869998911412, 44.549818809118804], [26.15488979012999, 44.54954968386653], [26.154687212339347, 44.549542117885295], [26.154667421120767, 44.54981124313757]]]}}, {"type": "Feature", "properties": {"nr": 143, "suprafata_mp": 501, "front_m": 16.7, "adancime_m": 30}, "geometry": {"type": "Polygon", "coordinates": [[[26.154869998911412, 44.549818809118804], [26.15508010944496, 44.549826656436856], [26.155099900663537, 44.54955753118458], [26.15488979012999, 44.54954968386653], [26.154869998911412, 44.549818809118804]]]}}, {"type": "Feature", "properties": {"nr": 144, "suprafata_mp": 458, "front_m": 15.3, "adancime_m": 30}, "geometry": {"type": "Polygon", "coordinates": [[[26.15508010944496, 44.549826656436856], [26.15527224419719, 44.549833832386035], [26.15529203541577, 44.54956470713376], [26.155099900663537, 44.54955753118458], [26.15508010944496, 44.549826656436856]]]}}, {"type": "Feature", "properties": {"nr": 145, "suprafata_mp": 478, "front_m": 15.9, "adancime_m": 30}, "geometry": {"type": "Polygon", "coordinates": [[[26.15527224419719, 44.549833832386035], [26.155472701388053, 44.549841319166], [26.15549249260663, 44.549572193913725], [26.15529203541577, 44.54956470713376], [26.15527224419719, 44.549833832386035]]]}}, {"type": "Feature", "properties": {"nr": 146, "suprafata_mp": 486, "front_m": 16.2, "adancime_m": 30}, "geometry": {"type": "Polygon", "coordinates": [[[26.155472701388053, 44.549841319166], [26.155676748732347, 44.54984894003289], [26.155696539950924, 44.549579814780614], [26.15549249260663, 44.549572193913725], [26.155472701388053, 44.549841319166]]]}}, {"type": "Feature", "properties": {"nr": 147, "suprafata_mp": 482, "front_m": 16.1, "adancime_m": 30}, "geometry": {"type": "Polygon", "coordinates": [[[26.155676748732347, 44.54984894003289], [26.15587917825204, 44.54985650047642], [26.155898969470616, 44.54958737522415], [26.155696539950924, 44.549579814780614], [26.155676748732347, 44.54984894003289]]]}}, {"type": "Feature", "properties": {"nr": 148, "suprafata_mp": 460, "front_m": 15.3, "adancime_m": 30}, "geometry": {"type": "Polygon", "coordinates": [[[26.15587917825204, 44.54985650047642], [26.156072008978143, 44.549863702419195], [26.15609180019672, 44.54959457716692], [26.155898969470616, 44.54958737522415], [26.15587917825204, 44.54985650047642]]]}}, {"type": "Feature", "properties": {"nr": 149, "suprafata_mp": 484, "front_m": 16.1, "adancime_m": 30}, "geometry": {"type": "Polygon", "coordinates": [[[26.156072008978143, 44.549863702419195], [26.156275294105676, 44.549871294818416], [26.156295085324253, 44.54960216956614], [26.15609180019672, 44.54959457716692], [26.156072008978143, 44.549863702419195]]]}}, {"type": "Feature", "properties": {"nr": 150, "suprafata_mp": 467, "front_m": 15.6, "adancime_m": 30}, "geometry": {"type": "Polygon", "coordinates": [[[26.156275294105676, 44.549871294818416], [26.15647110638265, 44.54987860811771], [26.156490897601227, 44.549609482865435], [26.156295085324253, 44.54960216956614], [26.156275294105676, 44.549871294818416]]]}}, {"type": "Feature", "properties": {"nr": 151, "suprafata_mp": 465, "front_m": 15.5, "adancime_m": 30}, "geometry": {"type": "Polygon", "coordinates": [[[26.15647110638265, 44.54987860811771], [26.156666381955006, 44.54988590137187], [26.156686173173586, 44.5496167761196], [26.156490897601227, 44.549609482865435], [26.15647110638265, 44.54987860811771]]]}}, {"type": "Feature", "properties": {"nr": 152, "suprafata_mp": 498, "front_m": 16.6, "adancime_m": 30}, "geometry": {"type": "Polygon", "coordinates": [[[26.156666381955006, 44.54988590137187], [26.156875416509457, 44.5498937085037], [26.156895207728034, 44.54962458325143], [26.156686173173586, 44.5496167761196], [26.156666381955006, 44.54988590137187]]]}}, {"type": "Feature", "properties": {"nr": 153, "suprafata_mp": 474, "front_m": 15.8, "adancime_m": 30}, "geometry": {"type": "Polygon", "coordinates": [[[26.150655494215986, 44.54939153916902], [26.150854493428735, 44.549398971495656], [26.150874284647315, 44.54912984624338], [26.150675285434563, 44.54912241391675], [26.150655494215986, 44.54939153916902]]]}}, {"type": "Feature", "properties": {"nr": 154, "suprafata_mp": 478, "front_m": 15.9, "adancime_m": 30}, "geometry": {"type": "Polygon", "coordinates": [[[26.150854493428735, 44.549398971495656], [26.151055228592302, 44.54940646865749], [26.15107501981088, 44.54913734340522], [26.150874284647315, 44.54912984624338], [26.150854493428735, 44.549398971495656]]]}}, {"type": "Feature", "properties": {"nr": 155, "suprafata_mp": 492, "front_m": 16.4, "adancime_m": 30}, "geometry": {"type": "Polygon", "coordinates": [[[26.151055228592302, 44.54940646865749], [26.151261781126458, 44.549414183089524], [26.151281572345038, 44.54914505783725], [26.15107501981088, 44.54913734340522], [26.151055228592302, 44.54940646865749]]]}}, {"type": "Feature", "properties": {"nr": 156, "suprafata_mp": 480, "front_m": 16.0, "adancime_m": 30}, "geometry": {"type": "Polygon", "coordinates": [[[26.151261781126458, 44.549414183089524], [26.151463262195307, 44.54942170810982], [26.151483053413884, 44.549152582857545], [26.151281572345038, 44.54914505783725], [26.151261781126458, 44.549414183089524]]]}}, {"type": "Feature", "properties": {"nr": 157, "suprafata_mp": 472, "front_m": 15.7, "adancime_m": 30}, "geometry": {"type": "Polygon", "coordinates": [[[26.151463262195307, 44.54942170810982], [26.15166140748915, 44.54942910854384], [26.151681198707728, 44.549159983291574], [26.151483053413884, 44.549152582857545], [26.151463262195307, 44.54942170810982]]]}}, {"type": "Feature", "properties": {"nr": 158, "suprafata_mp": 496, "front_m": 16.5, "adancime_m": 30}, "geometry": {"type": "Polygon", "coordinates": [[[26.15166140748915, 44.54942910854384], [26.151869397304022, 44.54943687665619], [26.151889188522603, 44.549167751403914], [26.151681198707728, 44.549159983291574], [26.15166140748915, 44.54942910854384]]]}}, {"type": "Feature", "properties": {"nr": 159, "suprafata_mp": 474, "front_m": 15.8, "adancime_m": 30}, "geometry": {"type": "Polygon", "coordinates": [[[26.151869397304022, 44.54943687665619], [26.15206840724047, 44.54944430938334], [26.15208819845905, 44.549175184131066], [26.151889188522603, 44.549167751403914], [26.151869397304022, 44.54943687665619]]]}}, {"type": "Feature", "properties": {"nr": 160, "suprafata_mp": 497, "front_m": 16.6, "adancime_m": 30}, "geometry": {"type": "Polygon", "coordinates": [[[26.15206840724047, 44.54944430938334], [26.152276757779326, 44.54945209096819], [26.152296548997906, 44.549182965715914], [26.15208819845905, 44.549175184131066], [26.15206840724047, 44.54944430938334]]]}}, {"type": "Feature", "properties": {"nr": 161, "suprafata_mp": 494, "front_m": 16.5, "adancime_m": 30}, "geometry": {"type": "Polygon", "coordinates": [[[26.152276757779326, 44.54945209096819], [26.152483910171554, 44.549459827804036], [26.152503701390135, 44.54919070255176], [26.152296548997906, 44.549182965715914], [26.152276757779326, 44.54945209096819]]]}}, {"type": "Feature", "properties": {"nr": 162, "suprafata_mp": 477, "front_m": 15.9, "adancime_m": 30}, "geometry": {"type": "Polygon", "coordinates": [[[26.152483910171554, 44.549459827804036], [26.152684255967603, 44.549467310423566], [26.152704047186184, 44.54919818517129], [26.152503701390135, 44.54919070255176], [26.152483910171554, 44.549459827804036]]]}}, {"type": "Feature", "properties": {"nr": 163, "suprafata_mp": 490, "front_m": 16.3, "adancime_m": 30}, "geometry": {"type": "Polygon", "coordinates": [[[26.152684255967603, 44.549467310423566], [26.152889951187834, 44.549474992836195], [26.15290974240641, 44.54920586758392], [26.152704047186184, 44.54919818517129], [26.152684255967603, 44.549467310423566]]]}}, {"type": "Feature", "properties": {"nr": 164, "suprafata_mp": 458, "front_m": 15.3, "adancime_m": 30}, "geometry": {"type": "Polygon", "coordinates": [[[26.152889951187834, 44.549474992836195], [26.153081980888405, 44.54948216486184], [26.153101772106982, 44.54921303960957], [26.15290974240641, 44.54920586758392], [26.152889951187834, 44.549474992836195]]]}}, {"type": "Feature", "properties": {"nr": 165, "suprafata_mp": 475, "front_m": 15.8, "adancime_m": 30}, "geometry": {"type": "Polygon", "coordinates": [[[26.153081980888405, 44.54948216486184], [26.153281168784634, 44.549489604235525], [26.15330096000321, 44.54922047898326], [26.153101772106982, 44.54921303960957], [26.153081980888405, 44.54948216486184]]]}}, {"type": "Feature", "properties": {"nr": 166, "suprafata_mp": 497, "front_m": 16.6, "adancime_m": 30}, "geometry": {"type": "Polygon", "coordinates": [[[26.153281168784634, 44.549489604235525], [26.15348983361145, 44.54949739755857], [26.153509624830026, 44.5492282723063], [26.15330096000321, 44.54922047898326], [26.153281168784634, 44.549489604235525]]]}}, {"type": "Feature", "properties": {"nr": 167, "suprafata_mp": 484, "front_m": 16.1, "adancime_m": 30}, "geometry": {"type": "Polygon", "coordinates": [[[26.15348983361145, 44.54949739755857], [26.15369284303162, 44.54950497966053], [26.153712634250198, 44.54923585440826], [26.153509624830026, 44.5492282723063], [26.15348983361145, 44.54949739755857]]]}}, {"type": "Feature", "properties": {"nr": 168, "suprafata_mp": 483, "front_m": 16.1, "adancime_m": 30}, "geometry": {"type": "Polygon", "coordinates": [[[26.15369284303162, 44.54950497966053], [26.15389541512512, 44.54951254542898], [26.153915206343697, 44.54924342017671], [26.153712634250198, 44.54923585440826], [26.15369284303162, 44.54950497966053]]]}}, {"type": "Feature", "properties": {"nr": 169, "suprafata_mp": 488, "front_m": 16.3, "adancime_m": 30}, "geometry": {"type": "Polygon", "coordinates": [[[26.15389541512512, 44.54951254542898], [26.15410014052716, 44.54952019162033], [26.154119931745736, 44.54925106636806], [26.153915206343697, 44.54924342017671], [26.15389541512512, 44.54951254542898]]]}}, {"type": "Feature", "properties": {"nr": 170, "suprafata_mp": 489, "front_m": 16.3, "adancime_m": 30}, "geometry": {"type": "Polygon", "coordinates": [[[26.15410014052716, 44.54952019162033], [26.15430512640433, 44.54952784754004], [26.154324917622912, 44.54925872228777], [26.154119931745736, 44.54925106636806], [26.15410014052716, 44.54952019162033]]]}}, {"type": "Feature", "properties": {"nr": 171, "suprafata_mp": 484, "front_m": 16.1, "adancime_m": 30}, "geometry": {"type": "Polygon", "coordinates": [[[26.15430512640433, 44.54952784754004], [26.15450821757364, 44.54953543269521], [26.154528008792216, 44.549266307442934], [26.154324917622912, 44.54925872228777], [26.15430512640433, 44.54952784754004]]]}}, {"type": "Feature", "properties": {"nr": 172, "suprafata_mp": 476, "front_m": 15.9, "adancime_m": 30}, "geometry": {"type": "Polygon", "coordinates": [[[26.15450821757364, 44.54953543269521], [26.15470802642726, 44.549542895260736], [26.15472781764584, 44.54927377000846], [26.154528008792216, 44.549266307442934], [26.15450821757364, 44.54953543269521]]]}}, {"type": "Feature", "properties": {"nr": 173, "suprafata_mp": 465, "front_m": 15.5, "adancime_m": 30}, "geometry": {"type": "Polygon", "coordinates": [[[26.15470802642726, 44.549542895260736], [26.15490305899165, 44.54955017943891], [26.154922850210227, 44.54928105418664], [26.15472781764584, 44.54927377000846], [26.15470802642726, 44.549542895260736]]]}}, {"type": "Feature", "properties": {"nr": 174, "suprafata_mp": 470, "front_m": 15.7, "adancime_m": 30}, "geometry": {"type": "Polygon", "coordinates": [[[26.15490305899165, 44.54955017943891], [26.155100290086345, 44.54955754572895], [26.155120081304922, 44.54928842047668], [26.154922850210227, 44.54928105418664], [26.15490305899165, 44.54955017943891]]]}}, {"type": "Feature", "properties": {"nr": 175, "suprafata_mp": 470, "front_m": 15.7, "adancime_m": 30}, "geometry": {"type": "Polygon", "coordinates": [[[26.155100290086345, 44.54955754572895], [26.155297526823304, 44.54956491222972], [26.15531731804188, 44.549295786977446], [26.155120081304922, 44.54928842047668], [26.155100290086345, 44.54955754572895]]]}}, {"type": "Feature", "properties": {"nr": 176, "suprafata_mp": 477, "front_m": 15.9, "adancime_m": 30}, "geometry": {"type": "Polygon", "coordinates": [[[26.155297526823304, 44.54956491222972], [26.15549753941292, 44.549572382404484], [26.155517330631497, 44.54930325715221], [26.15531731804188, 44.549295786977446], [26.155297526823304, 44.54956491222972]]]}}, {"type": "Feature", "properties": {"nr": 177, "suprafata_mp": 504, "front_m": 16.8, "adancime_m": 30}, "geometry": {"type": "Polygon", "coordinates": [[[26.15549753941292, 44.549572382404484], [26.15570899826582, 44.54958028008028], [26.155728789484396, 44.549311154828004], [26.155517330631497, 44.54930325715221], [26.15549753941292, 44.549572382404484]]]}}, {"type": "Feature", "properties": {"nr": 178, "suprafata_mp": 473, "front_m": 15.8, "adancime_m": 30}, "geometry": {"type": "Polygon", "coordinates": [[[26.15570899826582, 44.54958028008028], [26.155907435990596, 44.549587691436166], [26.155927227209176, 44.54931856618389], [26.155728789484396, 44.549311154828004], [26.15570899826582, 44.54958028008028]]]}}, {"type": "Feature", "properties": {"nr": 179, "suprafata_mp": 477, "front_m": 15.9, "adancime_m": 30}, "geometry": {"type": "Polygon", "coordinates": [[[26.155907435990596, 44.549587691436166], [26.156107783608537, 44.549595174123745], [26.156127574827117, 44.54932604887147], [26.155927227209176, 44.54931856618389], [26.155907435990596, 44.549587691436166]]]}}, {"type": "Feature", "properties": {"nr": 180, "suprafata_mp": 474, "front_m": 15.8, "adancime_m": 30}, "geometry": {"type": "Polygon", "coordinates": [[[26.156107783608537, 44.549595174123745], [26.15630660553053, 44.54960259982883], [26.15632639674911, 44.54933347457656], [26.156127574827117, 44.54932604887147], [26.156107783608537, 44.549595174123745]]]}}, {"type": "Feature", "properties": {"nr": 181, "suprafata_mp": 484, "front_m": 16.1, "adancime_m": 30}, "geometry": {"type": "Polygon", "coordinates": [[[26.15630660553053, 44.54960259982883], [26.156509652984123, 44.549610183351284], [26.1565294442027, 44.54934105809901], [26.15632639674911, 44.54933347457656], [26.15630660553053, 44.54960259982883]]]}}, {"type": "Feature", "properties": {"nr": 182, "suprafata_mp": 501, "front_m": 16.7, "adancime_m": 30}, "geometry": {"type": "Polygon", "coordinates": [[[26.156509652984123, 44.549610183351284], [26.156720081433022, 44.549618042543], [26.1567398726516, 44.54934891729073], [26.1565294442027, 44.54934105809901], [26.156509652984123, 44.549610183351284]]]}}, {"type": "Feature", "properties": {"nr": 183, "suprafata_mp": 499, "front_m": 16.6, "adancime_m": 30}, "geometry": {"type": "Polygon", "coordinates": [[[26.156720081433022, 44.549618042543], [26.156929325088853, 44.54962585748446], [26.15694911630743, 44.549356732232184], [26.1567398726516, 44.54934891729073], [26.156720081433022, 44.549618042543]]]}}, {"type": "Feature", "properties": {"nr": 184, "suprafata_mp": 474, "front_m": 15.8, "adancime_m": 30}, "geometry": {"type": "Polygon", "coordinates": [[[26.156929325088853, 44.54962585748446], [26.15712825801015, 44.549633287335205], [26.157148049228727, 44.54936416208293], [26.15694911630743, 44.549356732232184], [26.156929325088853, 44.54962585748446]]]}}, {"type": "Feature", "properties": {"nr": 185, "suprafata_mp": 469, "front_m": 15.6, "adancime_m": 30}, "geometry": {"type": "Polygon", "coordinates": [[[26.15712825801015, 44.549633287335205], [26.15732497066411, 44.549640634262246], [26.157344761882687, 44.54937150900997], [26.157148049228727, 44.54936416208293], [26.15712825801015, 44.549633287335205]]]}}, {"type": "Feature", "properties": {"nr": 186, "suprafata_mp": 498, "front_m": 16.6, "adancime_m": 30}, "geometry": {"type": "Polygon", "coordinates": [[[26.15732497066411, 44.549640634262246], [26.157534120176276, 44.54964844568757], [26.157553911394857, 44.5493793204353], [26.157344761882687, 44.54937150900997], [26.15732497066411, 44.549640634262246]]]}}, {"type": "Feature", "properties": {"nr": 187, "suprafata_mp": 480, "front_m": 16.0, "adancime_m": 30}, "geometry": {"type": "Polygon", "coordinates": [[[26.157534120176276, 44.54964844568757], [26.157735403413483, 44.54965596331915], [26.15775519463206, 44.54938683806687], [26.157553911394857, 44.5493793204353], [26.157534120176276, 44.54964844568757]]]}}, {"type": "Feature", "properties": {"nr": 188, "suprafata_mp": 474, "front_m": 15.8, "adancime_m": 30}, "geometry": {"type": "Polygon", "coordinates": [[[26.15088112596668, 44.549058137909874], [26.151079982707518, 44.549065564915395], [26.151099773926095, 44.54879643966312], [26.15090091718526, 44.5487890126576], [26.15088112596668, 44.549058137909874]]]}}, {"type": "Feature", "properties": {"nr": 189, "suprafata_mp": 482, "front_m": 16.1, "adancime_m": 30}, "geometry": {"type": "Polygon", "coordinates": [[[26.151079982707518, 44.549065564915395], [26.151282314383987, 44.54907312170463], [26.151302105602564, 44.54880399645236], [26.151099773926095, 44.54879643966312], [26.151079982707518, 44.549065564915395]]]}}, {"type": "Feature", "properties": {"nr": 190, "suprafata_mp": 466, "front_m": 15.5, "adancime_m": 30}, "geometry": {"type": "Polygon", "coordinates": [[[26.151282314383987, 44.54907312170463], [26.15147770660323, 44.54908041931539], [26.151497497821808, 44.548811294063114], [26.151302105602564, 44.54880399645236], [26.151282314383987, 44.54907312170463]]]}}, {"type": "Feature", "properties": {"nr": 191, "suprafata_mp": 471, "front_m": 15.7, "adancime_m": 30}, "geometry": {"type": "Polygon", "coordinates": [[[26.15147770660323, 44.54908041931539], [26.15167541945424, 44.54908780359831], [26.151695210672816, 44.54881867834604], [26.151497497821808, 44.548811294063114], [26.15147770660323, 44.54908041931539]]]}}, {"type": "Feature", "properties": {"nr": 192, "suprafata_mp": 490, "front_m": 16.3, "adancime_m": 30}, "geometry": {"type": "Polygon", "coordinates": [[[26.15167541945424, 44.54908780359831], [26.151880986535662, 44.54909548122514], [26.151900777754243, 44.548826355972864], [26.151695210672816, 44.54881867834604], [26.15167541945424, 44.54908780359831]]]}}, {"type": "Feature", "properties": {"nr": 193, "suprafata_mp": 493, "front_m": 16.4, "adancime_m": 30}, "geometry": {"type": "Polygon", "coordinates": [[[26.151880986535662, 44.54909548122514], [26.152087842326814, 44.549103206983375], [26.152107633545395, 44.5488340817311], [26.151900777754243, 44.548826355972864], [26.151880986535662, 44.54909548122514]]]}}, {"type": "Feature", "properties": {"nr": 194, "suprafata_mp": 459, "front_m": 15.3, "adancime_m": 30}, "geometry": {"type": "Polygon", "coordinates": [[[26.152087842326814, 44.549103206983375], [26.152280321537273, 44.549110395797555], [26.15230011275585, 44.54884127054528], [26.152107633545395, 44.5488340817311], [26.152087842326814, 44.549103206983375]]]}}, {"type": "Feature", "properties": {"nr": 195, "suprafata_mp": 491, "front_m": 16.4, "adancime_m": 30}, "geometry": {"type": "Polygon", "coordinates": [[[26.152280321537273, 44.549110395797555], [26.152486418267262, 44.549118093205976], [26.15250620948584, 44.5488489679537], [26.15230011275585, 44.54884127054528], [26.152280321537273, 44.549110395797555]]]}}, {"type": "Feature", "properties": {"nr": 196, "suprafata_mp": 495, "front_m": 16.5, "adancime_m": 30}, "geometry": {"type": "Polygon", "coordinates": [[[26.152486418267262, 44.549118093205976], [26.15269421898063, 44.54912585425566], [26.152714010199208, 44.54885672900338], [26.15250620948584, 44.5488489679537], [26.152486418267262, 44.549118093205976]]]}}, {"type": "Feature", "properties": {"nr": 197, "suprafata_mp": 477, "front_m": 15.9, "adancime_m": 30}, "geometry": {"type": "Polygon", "coordinates": [[[26.15269421898063, 44.54912585425566], [26.152894522576773, 44.54913333529908], [26.152914313795353, 44.54886421004681], [26.152714010199208, 44.54885672900338], [26.15269421898063, 44.54912585425566]]]}}, {"type": "Feature", "properties": {"nr": 198, "suprafata_mp": 459, "front_m": 15.3, "adancime_m": 30}, "geometry": {"type": "Polygon", "coordinates": [[[26.152894522576773, 44.54913333529908], [26.153087117511465, 44.549140528435395], [26.15310690873004, 44.54887140318312], [26.152914313795353, 44.54886421004681], [26.152894522576773, 44.54913333529908]]]}}, {"type": "Feature", "properties": {"nr": 199, "suprafata_mp": 489, "front_m": 16.3, "adancime_m": 30}, "geometry": {"type": "Polygon", "coordinates": [[[26.153087117511465, 44.549140528435395], [26.15329220895883, 44.54914818829799], [26.15331200017741, 44.548879063045725], [26.15310690873004, 44.54887140318312], [26.153087117511465, 44.549140528435395]]]}}, {"type": "Feature", "properties": {"nr": 200, "suprafata_mp": 468, "front_m": 15.6, "adancime_m": 30}, "geometry": {"type": "Polygon", "coordinates": [[[26.15329220895883, 44.54914818829799], [26.153488503944473, 44.54915551962574], [26.15350829516305, 44.54888639437347], [26.15331200017741, 44.548879063045725], [26.15329220895883, 44.54914818829799]]]}}, {"type": "Feature", "properties": {"nr": 201, "suprafata_mp": 487, "front_m": 16.2, "adancime_m": 30}, "geometry": {"type": "Polygon", "coordinates": [[[26.153488503944473, 44.54915551962574], [26.153692798706057, 44.5491631497333], [26.153712589924634, 44.54889402448103], [26.15350829516305, 44.54888639437347], [26.153488503944473, 44.54915551962574]]]}}, {"type": "Feature", "properties": {"nr": 202, "suprafata_mp": 474, "front_m": 15.8, "adancime_m": 30}, "geometry": {"type": "Polygon", "coordinates": [[[26.153692798706057, 44.5491631497333], [26.153891721229964, 44.549170579195724], [26.15391151244854, 44.54890145394345], [26.153712589924634, 44.54889402448103], [26.153692798706057, 44.5491631497333]]]}}, {"type": "Feature", "properties": {"nr": 203, "suprafata_mp": 487, "front_m": 16.2, "adancime_m": 30}, "geometry": {"type": "Polygon", "coordinates": [[[26.153891721229964, 44.549170579195724], [26.15409589124364, 44.549178204644136], [26.154115682462216, 44.54890907939186], [26.15391151244854, 44.54890145394345], [26.153891721229964, 44.549170579195724]]]}}, {"type": "Feature", "properties": {"nr": 204, "suprafata_mp": 468, "front_m": 15.6, "adancime_m": 30}, "geometry": {"type": "Polygon", "coordinates": [[[26.15409589124364, 44.549178204644136], [26.15429242733856, 44.54918554497696], [26.154312218557138, 44.54891641972469], [26.154115682462216, 44.54890907939186], [26.15409589124364, 44.549178204644136]]]}}, {"type": "Feature", "properties": {"nr": 205, "suprafata_mp": 479, "front_m": 16.0, "adancime_m": 30}, "geometry": {"type": "Polygon", "coordinates": [[[26.15429242733856, 44.54918554497696], [26.15449336221509, 44.549193049597775], [26.154513153433665, 44.54892392434551], [26.154312218557138, 44.54891641972469], [26.15429242733856, 44.54918554497696]]]}}, {"type": "Feature", "properties": {"nr": 206, "suprafata_mp": 481, "front_m": 16.0, "adancime_m": 30}, "geometry": {"type": "Polygon", "coordinates": [[[26.15449336221509, 44.549193049597775], [26.154695266621033, 44.54920059042909], [26.154715057839613, 44.548931465176814], [26.154513153433665, 44.54892392434551], [26.15449336221509, 44.549193049597775]]]}}, {"type": "Feature", "properties": {"nr": 207, "suprafata_mp": 486, "front_m": 16.2, "adancime_m": 30}, "geometry": {"type": "Polygon", "coordinates": [[[26.154695266621033, 44.54920059042909], [26.15489931276233, 44.54920821125105], [26.154919103980905, 44.548939085998775], [26.154715057839613, 44.548931465176814], [26.154695266621033, 44.54920059042909]]]}}, {"type": "Feature", "properties": {"nr": 208, "suprafata_mp": 466, "front_m": 15.5, "adancime_m": 30}, "geometry": {"type": "Polygon", "coordinates": [[[26.15489931276233, 44.54920821125105], [26.155094741780207, 44.54921551023618], [26.155114532998788, 44.54894638498391], [26.154919103980905, 44.548939085998775], [26.15489931276233, 44.54920821125105]]]}}, {"type": "Feature", "properties": {"nr": 209, "suprafata_mp": 502, "front_m": 16.7, "adancime_m": 30}, "geometry": {"type": "Polygon", "coordinates": [[[26.155094741780207, 44.54921551023618], [26.1553054552709, 44.54922338007379], [26.155325246489475, 44.548954254821524], [26.155114532998788, 44.54894638498391], [26.155094741780207, 44.54921551023618]]]}}, {"type": "Feature", "properties": {"nr": 210, "suprafata_mp": 470, "front_m": 15.7, "adancime_m": 30}, "geometry": {"type": "Polygon", "coordinates": [[[26.1553054552709, 44.54922338007379], [26.155502615793246, 44.54923074372806], [26.155522407011823, 44.548961618475786], [26.155325246489475, 44.548954254821524], [26.1553054552709, 44.54922338007379]]]}}, {"type": "Feature", "properties": {"nr": 211, "suprafata_mp": 471, "front_m": 15.7, "adancime_m": 30}, "geometry": {"type": "Polygon", "coordinates": [[[26.155502615793246, 44.54923074372806], [26.155700116332756, 44.54923812008146], [26.155719907551333, 44.54896899482919], [26.155522407011823, 44.548961618475786], [26.155502615793246, 44.54923074372806]]]}}, {"type": "Feature", "properties": {"nr": 212, "suprafata_mp": 468, "front_m": 15.6, "adancime_m": 30}, "geometry": {"type": "Polygon", "coordinates": [[[26.155700116332756, 44.54923812008146], [26.155896615721236, 44.549245459043355], [26.155916406939813, 44.54897633379108], [26.155719907551333, 44.54896899482919], [26.155700116332756, 44.54923812008146]]]}}, {"type": "Feature", "properties": {"nr": 213, "suprafata_mp": 459, "front_m": 15.3, "adancime_m": 30}, "geometry": {"type": "Polygon", "coordinates": [[[26.155896615721236, 44.549245459043355], [26.156089311809744, 44.54925265595761], [26.15610910302832, 44.548983530705335], [26.155916406939813, 44.54897633379108], [26.155896615721236, 44.549245459043355]]]}}, {"type": "Feature", "properties": {"nr": 214, "suprafata_mp": 476, "front_m": 15.9, "adancime_m": 30}, "geometry": {"type": "Polygon", "coordinates": [[[26.156089311809744, 44.54925265595761], [26.156289166858222, 44.54926012024845], [26.156308958076803, 44.548990994996174], [26.15610910302832, 44.548983530705335], [26.156089311809744, 44.54925265595761]]]}}, {"type": "Feature", "properties": {"nr": 215, "suprafata_mp": 493, "front_m": 16.4, "adancime_m": 30}, "geometry": {"type": "Polygon", "coordinates": [[[26.156289166858222, 44.54926012024845], [26.156496049282083, 44.549267847001374], [26.15651584050066, 44.5489987217491], [26.156308958076803, 44.548990994996174], [26.156289166858222, 44.54926012024845]]]}}, {"type": "Feature", "properties": {"nr": 216, "suprafata_mp": 490, "front_m": 16.3, "adancime_m": 30}, "geometry": {"type": "Polygon", "coordinates": [[[26.156496049282083, 44.549267847001374], [26.156701677554416, 44.54927552691359], [26.156721468772993, 44.549006401661316], [26.15651584050066, 44.5489987217491], [26.156496049282083, 44.549267847001374]]]}}, {"type": "Feature", "properties": {"nr": 217, "suprafata_mp": 465, "front_m": 15.5, "adancime_m": 30}, "geometry": {"type": "Polygon", "coordinates": [[[26.156701677554416, 44.54927552691359], [26.156896953595524, 44.54928282018527], [26.1569167448141, 44.549013694932995], [26.156721468772993, 44.549006401661316], [26.156701677554416, 44.54927552691359]]]}}, {"type": "Feature", "properties": {"nr": 218, "suprafata_mp": 463, "front_m": 15.4, "adancime_m": 30}, "geometry": {"type": "Polygon", "coordinates": [[[26.156896953595524, 44.54928282018527], [26.157091048572322, 44.549290069345936], [26.157110839790903, 44.54902094409366], [26.1569167448141, 44.549013694932995], [26.156896953595524, 44.54928282018527]]]}}, {"type": "Feature", "properties": {"nr": 219, "suprafata_mp": 471, "front_m": 15.7, "adancime_m": 30}, "geometry": {"type": "Polygon", "coordinates": [[[26.157091048572322, 44.549290069345936], [26.157288859436562, 44.549297457289505], [26.15730865065514, 44.54902833203724], [26.157110839790903, 44.54902094409366], [26.157091048572322, 44.549290069345936]]]}}, {"type": "Feature", "properties": {"nr": 220, "suprafata_mp": 493, "front_m": 16.4, "adancime_m": 30}, "geometry": {"type": "Polygon", "coordinates": [[[26.157288859436562, 44.549297457289505], [26.157495669733237, 44.54930518134859], [26.157515460951814, 44.54903605609632], [26.15730865065514, 44.54902833203724], [26.157288859436562, 44.549297457289505]]]}}, {"type": "Feature", "properties": {"nr": 221, "suprafata_mp": 479, "front_m": 16.0, "adancime_m": 30}, "geometry": {"type": "Polygon", "coordinates": [[[26.157495669733237, 44.54930518134859], [26.15769683705637, 44.54931269465094], [26.157716628274947, 44.54904356939867], [26.157515460951814, 44.54903605609632], [26.157495669733237, 44.54930518134859]]]}}, {"type": "Feature", "properties": {"nr": 222, "suprafata_mp": 500, "front_m": 16.7, "adancime_m": 30}, "geometry": {"type": "Polygon", "coordinates": [[[26.15769683705637, 44.54931269465094], [26.15790676773893, 44.54932053525183], [26.157926558957506, 44.54905140999956], [26.157716628274947, 44.54904356939867], [26.15769683705637, 44.54931269465094]]]}}, {"type": "Feature", "properties": {"nr": 223, "suprafata_mp": 488, "front_m": 16.3, "adancime_m": 30}, "geometry": {"type": "Polygon", "coordinates": [[[26.15790676773893, 44.54932053525183], [26.158111324862645, 44.54932817515823], [26.158131116081222, 44.549059049905956], [26.157926558957506, 44.54905140999956], [26.15790676773893, 44.54932053525183]]]}}, {"type": "Feature", "properties": {"nr": 224, "suprafata_mp": 486, "front_m": 16.2, "adancime_m": 30}, "geometry": {"type": "Polygon", "coordinates": [[[26.158111324862645, 44.54932817515823], [26.158315167453488, 44.54933578837788], [26.158334958672064, 44.549066663125615], [26.158131116081222, 44.549059049905956], [26.158111324862645, 44.54932817515823]]]}}, {"type": "Feature", "properties": {"nr": 225, "suprafata_mp": 493, "front_m": 16.4, "adancime_m": 30}, "geometry": {"type": "Polygon", "coordinates": [[[26.158315167453488, 44.54933578837788], [26.158521966390232, 44.54934351201269], [26.15854175760881, 44.54907438676042], [26.158334958672064, 44.549066663125615], [26.158315167453488, 44.54933578837788]]]}}, {"type": "Feature", "properties": {"nr": 226, "suprafata_mp": 492, "front_m": 16.4, "adancime_m": 30}, "geometry": {"type": "Polygon", "coordinates": [[[26.158521966390232, 44.54934351201269], [26.158728414215837, 44.549351222534014], [26.158748205434414, 44.54908209728174], [26.15854175760881, 44.54907438676042], [26.158521966390232, 44.54934351201269]]]}}, {"type": "Feature", "properties": {"nr": 227, "suprafata_mp": 473, "front_m": 15.8, "adancime_m": 30}, "geometry": {"type": "Polygon", "coordinates": [[[26.158728414215837, 44.549351222534014], [26.15892667643786, 44.54935862733513], [26.158946467656442, 44.54908950208286], [26.158748205434414, 44.54908209728174], [26.158728414215837, 44.549351222534014]]]}}, {"type": "Feature", "properties": {"nr": 228, "suprafata_mp": 468, "front_m": 15.6, "adancime_m": 30}, "geometry": {"type": "Polygon", "coordinates": [[[26.15892667643786, 44.54935862733513], [26.159123189844674, 44.54936596682059], [26.15914298106325, 44.549096841568314], [26.158946467656442, 44.54908950208286], [26.15892667643786, 44.54935862733513]]]}}, {"type": "Feature", "properties": {"nr": 229, "suprafata_mp": 477, "front_m": 15.9, "adancime_m": 30}, "geometry": {"type": "Polygon", "coordinates": [[[26.159123189844674, 44.54936596682059], [26.15932334093141, 44.54937344216802], [26.15934313214999, 44.549104316915745], [26.15914298106325, 44.549096841568314], [26.159123189844674, 44.54936596682059]]]}}, {"type": "Feature", "properties": {"nr": 230, "suprafata_mp": 479, "front_m": 16.0, "adancime_m": 30}, "geometry": {"type": "Polygon", "coordinates": [[[26.15932334093141, 44.54937344216802], [26.159524531799978, 44.54938095634976], [26.159544323018558, 44.549111831097484], [26.15934313214999, 44.549104316915745], [26.15932334093141, 44.54937344216802]]]}}, {"type": "Feature", "properties": {"nr": 231, "suprafata_mp": 463, "front_m": 15.4, "adancime_m": 30}, "geometry": {"type": "Polygon", "coordinates": [[[26.151098648351663, 44.54879639762458], [26.151292765603834, 44.5488036476172], [26.15131255682241, 44.548534522364925], [26.15111843957024, 44.548527272372304], [26.151098648351663, 44.54879639762458]]]}}, {"type": "Feature", "properties": {"nr": 232, "suprafata_mp": 464, "front_m": 15.5, "adancime_m": 30}, "geometry": {"type": "Polygon", "coordinates": [[[26.151292765603834, 44.5488036476172], [26.15148760154873, 44.54881092445193], [26.15150739276731, 44.54854179919966], [26.15131255682241, 44.548534522364925], [26.151292765603834, 44.5488036476172]]]}}, {"type": "Feature", "properties": {"nr": 233, "suprafata_mp": 470, "front_m": 15.7, "adancime_m": 30}, "geometry": {"type": "Polygon", "coordinates": [[[26.15148760154873, 44.54881092445193], [26.151684645120415, 44.548818283738264], [26.151704436338996, 44.54854915848599], [26.15150739276731, 44.54854179919966], [26.15148760154873, 44.54881092445193]]]}}, {"type": "Feature", "properties": {"nr": 234, "suprafata_mp": 502, "front_m": 16.7, "adancime_m": 30}, "geometry": {"type": "Polygon", "coordinates": [[[26.151684645120415, 44.548818283738264], [26.151895351726996, 44.548826153318764], [26.151915142945573, 44.54855702806649], [26.151704436338996, 44.54854915848599], [26.151684645120415, 44.548818283738264]]]}}, {"type": "Feature", "properties": {"nr": 235, "suprafata_mp": 457, "front_m": 15.2, "adancime_m": 30}, "geometry": {"type": "Polygon", "coordinates": [[[26.151895351726996, 44.548826153318764], [26.15208720824924, 44.54883331887646], [26.15210699946782, 44.54856419362419], [26.151915142945573, 44.54855702806649], [26.151895351726996, 44.548826153318764]]]}}, {"type": "Feature", "properties": {"nr": 236, "suprafata_mp": 465, "front_m": 15.5, "adancime_m": 30}, "geometry": {"type": "Polygon", "coordinates": [[[26.15208720824924, 44.54883331887646], [26.152282245958183, 44.54884060324678], [26.15230203717676, 44.54857147799451], [26.15210699946782, 44.54856419362419], [26.15208720824924, 44.54883331887646]]]}}, {"type": "Feature", "properties": {"nr": 237, "suprafata_mp": 464, "front_m": 15.5, "adancime_m": 30}, "geometry": {"type": "Polygon", "coordinates": [[[26.152282245958183, 44.54884060324678], [26.152476907210865, 44.548847873557015], [26.152496698429445, 44.54857874830474], [26.15230203717676, 44.54857147799451], [26.152282245958183, 44.54884060324678]]]}}, {"type": "Feature", "properties": {"nr": 238, "suprafata_mp": 479, "front_m": 16.0, "adancime_m": 30}, "geometry": {"type": "Polygon", "coordinates": [[[26.152476907210865, 44.548847873557015], [26.15267779799936, 44.54885537653121], [26.152697589217937, 44.54858625127894], [26.152496698429445, 44.54857874830474], [26.152476907210865, 44.548847873557015]]]}}, {"type": "Feature", "properties": {"nr": 239, "suprafata_mp": 457, "front_m": 15.2, "adancime_m": 30}, "geometry": {"type": "Polygon", "coordinates": [[[26.15267779799936, 44.54885537653121], [26.15286943864276, 44.54886253402615], [26.152889229861337, 44.548593408773876], [26.152697589217937, 44.54858625127894], [26.15267779799936, 44.54885537653121]]]}}, {"type": "Feature", "properties": {"nr": 240, "suprafata_mp": 478, "front_m": 15.9, "adancime_m": 30}, "geometry": {"type": "Polygon", "coordinates": [[[26.15286943864276, 44.54886253402615], [26.153070003658655, 44.54887002483322], [26.153089794877232, 44.54860089958095], [26.152889229861337, 44.548593408773876], [26.15286943864276, 44.54886253402615]]]}}, {"type": "Feature", "properties": {"nr": 241, "suprafata_mp": 464, "front_m": 15.5, "adancime_m": 30}, "geometry": {"type": "Polygon", "coordinates": [[[26.153070003658655, 44.54887002483322], [26.153264622104412, 44.548877293544685], [26.15328441332299, 44.54860816829241], [26.153089794877232, 44.54860089958095], [26.153070003658655, 44.54887002483322]]]}}, {"type": "Feature", "properties": {"nr": 242, "suprafata_mp": 469, "front_m": 15.6, "adancime_m": 30}, "geometry": {"type": "Polygon", "coordinates": [[[26.153264622104412, 44.548877293544685], [26.153461389925493, 44.54888464253214], [26.153481181144073, 44.54861551727986], [26.15328441332299, 44.54860816829241], [26.153264622104412, 44.548877293544685]]]}}, {"type": "Feature", "properties": {"nr": 243, "suprafata_mp": 494, "front_m": 16.5, "adancime_m": 30}, "geometry": {"type": "Polygon", "coordinates": [[[26.153461389925493, 44.54888464253214], [26.153668687335166, 44.54889238478417], [26.153688478553747, 44.548623259531894], [26.153481181144073, 44.54861551727986], [26.153461389925493, 44.54888464253214]]]}}, {"type": "Feature", "properties": {"nr": 244, "suprafata_mp": 465, "front_m": 15.5, "adancime_m": 30}, "geometry": {"type": "Polygon", "coordinates": [[[26.153668687335166, 44.54889238478417], [26.153863731652354, 44.548899669401294], [26.15388352287093, 44.54863054414902], [26.153688478553747, 44.548623259531894], [26.153668687335166, 44.54889238478417]]]}}, {"type": "Feature", "properties": {"nr": 245, "suprafata_mp": 486, "front_m": 16.2, "adancime_m": 30}, "geometry": {"type": "Polygon", "coordinates": [[[26.153863731652354, 44.548899669401294], [26.15406749815252, 44.54890727977907], [26.1540872893711, 44.5486381545268], [26.15388352287093, 44.54863054414902], [26.153863731652354, 44.548899669401294]]]}}, {"type": "Feature", "properties": {"nr": 246, "suprafata_mp": 476, "front_m": 15.9, "adancime_m": 30}, "geometry": {"type": "Polygon", "coordinates": [[[26.15406749815252, 44.54890727977907], [26.154267018650295, 44.54891473157494], [26.154286809868875, 44.548645606322665], [26.1540872893711, 44.5486381545268], [26.15406749815252, 44.54890727977907]]]}}, {"type": "Feature", "properties": {"nr": 247, "suprafata_mp": 476, "front_m": 15.9, "adancime_m": 30}, "geometry": {"type": "Polygon", "coordinates": [[[26.154267018650295, 44.54891473157494], [26.154466766402113, 44.5489221918584], [26.15448655762069, 44.54865306660613], [26.154286809868875, 44.548645606322665], [26.154267018650295, 44.54891473157494]]]}}, {"type": "Feature", "properties": {"nr": 248, "suprafata_mp": 495, "front_m": 16.5, "adancime_m": 30}, "geometry": {"type": "Polygon", "coordinates": [[[26.154466766402113, 44.5489221918584], [26.15467455534285, 44.54892995246839], [26.154694346561428, 44.54866082721612], [26.15448655762069, 44.54865306660613], [26.154466766402113, 44.5489221918584]]]}}, {"type": "Feature", "properties": {"nr": 249, "suprafata_mp": 464, "front_m": 15.5, "adancime_m": 30}, "geometry": {"type": "Polygon", "coordinates": [[[26.15467455534285, 44.54892995246839], [26.15486913335615, 44.54893721966976], [26.154888924574728, 44.548668094417486], [26.154694346561428, 44.54866082721612], [26.15467455534285, 44.54892995246839]]]}}, {"type": "Feature", "properties": {"nr": 250, "suprafata_mp": 500, "front_m": 16.7, "adancime_m": 30}, "geometry": {"type": "Polygon", "coordinates": [[[26.15486913335615, 44.54893721966976], [26.155079076647674, 44.54894506074157], [26.155098867866254, 44.5486759354893], [26.154888924574728, 44.548668094417486], [26.15486913335615, 44.54893721966976]]]}}, {"type": "Feature", "properties": {"nr": 251, "suprafata_mp": 499, "front_m": 16.6, "adancime_m": 30}, "geometry": {"type": "Polygon", "coordinates": [[[26.155079076647674, 44.54894506074157], [26.15528840928458, 44.548952879006336], [26.155308200503157, 44.54868375375406], [26.155098867866254, 44.5486759354893], [26.155079076647674, 44.54894506074157]]]}}, {"type": "Feature", "properties": {"nr": 252, "suprafata_mp": 488, "front_m": 16.3, "adancime_m": 30}, "geometry": {"type": "Polygon", "coordinates": [[[26.15528840928458, 44.548952879006336], [26.155493206852462, 44.548960527892966], [26.15551299807104, 44.54869140264069], [26.155308200503157, 44.54868375375406], [26.15528840928458, 44.548952879006336]]]}}, {"type": "Feature", "properties": {"nr": 253, "suprafata_mp": 458, "front_m": 15.3, "adancime_m": 30}, "geometry": {"type": "Polygon", "coordinates": [[[26.155493206852462, 44.548960527892966], [26.15568553982471, 44.54896771124537], [26.155705331043286, 44.548698585993094], [26.15551299807104, 44.54869140264069], [26.155493206852462, 44.548960527892966]]]}}, {"type": "Feature", "properties": {"nr": 254, "suprafata_mp": 488, "front_m": 16.3, "adancime_m": 30}, "geometry": {"type": "Polygon", "coordinates": [[[26.15568553982471, 44.54896771124537], [26.155890236418294, 44.548975356360764], [26.15591002763687, 44.54870623110849], [26.155705331043286, 44.548698585993094], [26.15568553982471, 44.54896771124537]]]}}, {"type": "Feature", "properties": {"nr": 255, "suprafata_mp": 485, "front_m": 16.2, "adancime_m": 30}, "geometry": {"type": "Polygon", "coordinates": [[[26.155890236418294, 44.548975356360764], [26.156093664933607, 44.5489829541153], [26.156113456152184, 44.548713828863036], [26.15591002763687, 44.54870623110849], [26.155890236418294, 44.548975356360764]]]}}, {"type": "Feature", "properties": {"nr": 256, "suprafata_mp": 493, "front_m": 16.4, "adancime_m": 30}, "geometry": {"type": "Polygon", "coordinates": [[[26.156093664933607, 44.5489829541153], [26.15630055480143, 44.54899068114625], [26.156320346020006, 44.54872155589398], [26.156113456152184, 44.548713828863036], [26.156093664933607, 44.5489829541153]]]}}, {"type": "Feature", "properties": {"nr": 257, "suprafata_mp": 466, "front_m": 15.5, "adancime_m": 30}, "geometry": {"type": "Polygon", "coordinates": [[[26.15630055480143, 44.54899068114625], [26.15649619859498, 44.54899798815294], [26.15651598981356, 44.54872886290067], [26.156320346020006, 44.54872155589398], [26.15630055480143, 44.54899068114625]]]}}, {"type": "Feature", "properties": {"nr": 258, "suprafata_mp": 502, "front_m": 16.7, "adancime_m": 30}, "geometry": {"type": "Polygon", "coordinates": [[[26.15649619859498, 44.54899798815294], [26.156706736960597, 44.549005851449884], [26.156726528179178, 44.54873672619762], [26.15651598981356, 44.54872886290067], [26.15649619859498, 44.54899798815294]]]}}, {"type": "Feature", "properties": {"nr": 259, "suprafata_mp": 499, "front_m": 16.6, "adancime_m": 30}, "geometry": {"type": "Polygon", "coordinates": [[[26.156706736960597, 44.549005851449884], [26.156915922696808, 44.54901366422813], [26.156935713915384, 44.54874453897585], [26.156726528179178, 44.54873672619762], [26.156706736960597, 44.549005851449884]]]}}, {"type": "Feature", "properties": {"nr": 260, "suprafata_mp": 461, "front_m": 15.4, "adancime_m": 30}, "geometry": {"type": "Polygon", "coordinates": [[[26.156915922696808, 44.54901366422813], [26.157109563001107, 44.54902089640745], [26.157129354219684, 44.548751771155175], [26.156935713915384, 44.54874453897585], [26.156915922696808, 44.54901366422813]]]}}, {"type": "Feature", "properties": {"nr": 261, "suprafata_mp": 471, "front_m": 15.7, "adancime_m": 30}, "geometry": {"type": "Polygon", "coordinates": [[[26.157109563001107, 44.54902089640745], [26.157307248467426, 44.549028279667596], [26.157327039686006, 44.54875915441532], [26.157129354219684, 44.548751771155175], [26.157109563001107, 44.54902089640745]]]}}, {"type": "Feature", "properties": {"nr": 262, "suprafata_mp": 458, "front_m": 15.3, "adancime_m": 30}, "geometry": {"type": "Polygon", "coordinates": [[[26.157307248467426, 44.549028279667596], [26.157499238983956, 44.54903545022978], [26.157519030202533, 44.54876632497751], [26.157327039686006, 44.54875915441532], [26.157307248467426, 44.549028279667596]]]}}, {"type": "Feature", "properties": {"nr": 263, "suprafata_mp": 496, "front_m": 16.5, "adancime_m": 30}, "geometry": {"type": "Polygon", "coordinates": [[[26.157499238983956, 44.54903545022978], [26.157707311945334, 44.549043221447526], [26.15772710316391, 44.54877409619525], [26.157519030202533, 44.54876632497751], [26.157499238983956, 44.54903545022978]]]}}, {"type": "Feature", "properties": {"nr": 264, "suprafata_mp": 500, "front_m": 16.7, "adancime_m": 30}, "geometry": {"type": "Polygon", "coordinates": [[[26.157707311945334, 44.549043221447526], [26.15791707970064, 44.54905105596332], [26.157936870919215, 44.548781930711044], [26.15772710316391, 44.54877409619525], [26.157707311945334, 44.549043221447526]]]}}, {"type": "Feature", "properties": {"nr": 265, "suprafata_mp": 504, "front_m": 16.8, "adancime_m": 30}, "geometry": {"type": "Polygon", "coordinates": [[[26.15791707970064, 44.54905105596332], [26.158128352261645, 44.54905894668138], [26.158148143480222, 44.548789821429104], [26.157936870919215, 44.548781930711044], [26.15791707970064, 44.54905105596332]]]}}, {"type": "Feature", "properties": {"nr": 266, "suprafata_mp": 485, "front_m": 16.2, "adancime_m": 30}, "geometry": {"type": "Polygon", "coordinates": [[[26.158128352261645, 44.54905894668138], [26.1583320139531, 44.549066553144705], [26.158351805171677, 44.54879742789243], [26.158148143480222, 44.548789821429104], [26.158128352261645, 44.54905894668138]]]}}, {"type": "Feature", "properties": {"nr": 267, "suprafata_mp": 488, "front_m": 16.3, "adancime_m": 30}, "geometry": {"type": "Polygon", "coordinates": [[[26.1583320139531, 44.549066553144705], [26.158536764464472, 44.54907420027385], [26.15855655568305, 44.548805075021576], [26.158351805171677, 44.54879742789243], [26.1583320139531, 44.549066553144705]]]}}, {"type": "Feature", "properties": {"nr": 268, "suprafata_mp": 489, "front_m": 16.3, "adancime_m": 30}, "geometry": {"type": "Polygon", "coordinates": [[[26.158536764464472, 44.54907420027385], [26.158741765122965, 44.54908185674562], [26.158761556341545, 44.54881273149335], [26.15855655568305, 44.548805075021576], [26.158536764464472, 44.54907420027385]]]}}, {"type": "Feature", "properties": {"nr": 269, "suprafata_mp": 483, "front_m": 16.1, "adancime_m": 30}, "geometry": {"type": "Polygon", "coordinates": [[[26.158741765122965, 44.54908185674562], [26.158944585402967, 44.54908943178347], [26.158964376621547, 44.5488203065312], [26.158761556341545, 44.54881273149335], [26.158741765122965, 44.54908185674562]]]}}, {"type": "Feature", "properties": {"nr": 270, "suprafata_mp": 492, "front_m": 16.4, "adancime_m": 30}, "geometry": {"type": "Polygon", "coordinates": [[[26.151544961728757, 44.548471238498195], [26.151751515652744, 44.54847895298213], [26.15177130687132, 44.548209827729856], [26.151564752947333, 44.54820211324592], [26.151544961728757, 44.548471238498195]]]}}, {"type": "Feature", "properties": {"nr": 271, "suprafata_mp": 472, "front_m": 15.7, "adancime_m": 30}, "geometry": {"type": "Polygon", "coordinates": [[[26.151751515652744, 44.54847895298213], [26.15194963379742, 44.54848635240218], [26.151969425016, 44.548217227149905], [26.15177130687132, 44.548209827729856], [26.151751515652744, 44.54847895298213]]]}}, {"type": "Feature", "properties": {"nr": 272, "suprafata_mp": 460, "front_m": 15.3, "adancime_m": 30}, "geometry": {"type": "Polygon", "coordinates": [[[26.15194963379742, 44.54848635240218], [26.152142531730608, 44.548493556855036], [26.152162322949184, 44.54822443160276], [26.151969425016, 44.548217227149905], [26.15194963379742, 44.54848635240218]]]}}, {"type": "Feature", "properties": {"nr": 273, "suprafata_mp": 462, "front_m": 15.4, "adancime_m": 30}, "geometry": {"type": "Polygon", "coordinates": [[[26.152142531730608, 44.548493556855036], [26.152336531867107, 44.548500802473555], [26.152356323085687, 44.54823167722128], [26.152162322949184, 44.54822443160276], [26.152142531730608, 44.548493556855036]]]}}, {"type": "Feature", "properties": {"nr": 274, "suprafata_mp": 465, "front_m": 15.5, "adancime_m": 30}, "geometry": {"type": "Polygon", "coordinates": [[[26.152336531867107, 44.548500802473555], [26.152531580313305, 44.5485080872449], [26.15255137153188, 44.548238961992624], [26.152356323085687, 44.54823167722128], [26.152336531867107, 44.548500802473555]]]}}, {"type": "Feature", "properties": {"nr": 275, "suprafata_mp": 471, "front_m": 15.7, "adancime_m": 30}, "geometry": {"type": "Polygon", "coordinates": [[[26.152531580313305, 44.5485080872449], [26.152729038514902, 44.54851546201704], [26.15274882973348, 44.54824633676477], [26.15255137153188, 44.548238961992624], [26.152531580313305, 44.5485080872449]]]}}, {"type": "Feature", "properties": {"nr": 276, "suprafata_mp": 477, "front_m": 15.9, "adancime_m": 30}, "geometry": {"type": "Polygon", "coordinates": [[[26.152729038514902, 44.54851546201704], [26.152929388880896, 44.54852294480725], [26.152949180099473, 44.548253819554986], [26.15274882973348, 44.54824633676477], [26.152729038514902, 44.54851546201704]]]}}, {"type": "Feature", "properties": {"nr": 277, "suprafata_mp": 501, "front_m": 16.7, "adancime_m": 30}, "geometry": {"type": "Polygon", "coordinates": [[[26.152929388880896, 44.54852294480725], [26.15313941648869, 44.548530789028156], [26.153159207707265, 44.54826166377588], [26.152949180099473, 44.548253819554986], [26.152929388880896, 44.54852294480725]]]}}, {"type": "Feature", "properties": {"nr": 278, "suprafata_mp": 469, "front_m": 15.6, "adancime_m": 30}, "geometry": {"type": "Polygon", "coordinates": [[[26.15313941648869, 44.548530789028156], [26.153336361098678, 44.54853814461841], [26.153356152317254, 44.54826901936614], [26.153159207707265, 44.54826166377588], [26.15313941648869, 44.548530789028156]]]}}, {"type": "Feature", "properties": {"nr": 279, "suprafata_mp": 499, "front_m": 16.6, "adancime_m": 30}, "geometry": {"type": "Polygon", "coordinates": [[[26.153336361098678, 44.54853814461841], [26.15354579634876, 44.54854596671563], [26.153565587567336, 44.548276841463355], [26.153356152317254, 44.54826901936614], [26.153336361098678, 44.54853814461841]]]}}, {"type": "Feature", "properties": {"nr": 280, "suprafata_mp": 489, "front_m": 16.3, "adancime_m": 30}, "geometry": {"type": "Polygon", "coordinates": [[[26.15354579634876, 44.54854596671563], [26.153750838429644, 44.54855362473446], [26.153770629648225, 44.548284499482186], [26.153565587567336, 44.548276841463355], [26.15354579634876, 44.54854596671563]]]}}, {"type": "Feature", "properties": {"nr": 281, "suprafata_mp": 497, "front_m": 16.6, "adancime_m": 30}, "geometry": {"type": "Polygon", "coordinates": [[[26.153750838429644, 44.54855362473446], [26.15395936547824, 44.54856141291169], [26.15397915669682, 44.54829228765942], [26.153770629648225, 44.548284499482186], [26.153750838429644, 44.54855362473446]]]}}, {"type": "Feature", "properties": {"nr": 282, "suprafata_mp": 475, "front_m": 15.8, "adancime_m": 30}, "geometry": {"type": "Polygon", "coordinates": [[[26.15395936547824, 44.54856141291169], [26.154158824367993, 44.54856886240658], [26.15417861558657, 44.54829973715431], [26.15397915669682, 44.54829228765942], [26.15395936547824, 44.54856141291169]]]}}, {"type": "Feature", "properties": {"nr": 283, "suprafata_mp": 456, "front_m": 15.2, "adancime_m": 30}, "geometry": {"type": "Polygon", "coordinates": [[[26.154158824367993, 44.54856886240658], [26.15435022743044, 44.548576011028224], [26.15437001864902, 44.54830688577595], [26.15417861558657, 44.54829973715431], [26.154158824367993, 44.54856886240658]]]}}, {"type": "Feature", "properties": {"nr": 284, "suprafata_mp": 494, "front_m": 16.5, "adancime_m": 30}, "geometry": {"type": "Polygon", "coordinates": [[[26.15435022743044, 44.548576011028224], [26.154557414604916, 44.548583749163136], [26.154577205823493, 44.54831462391086], [26.15437001864902, 44.54830688577595], [26.15435022743044, 44.548576011028224]]]}}, {"type": "Feature", "properties": {"nr": 285, "suprafata_mp": 468, "front_m": 15.6, "adancime_m": 30}, "geometry": {"type": "Polygon", "coordinates": [[[26.154557414604916, 44.548583749163136], [26.154753695737583, 44.5485910799735], [26.15477348695616, 44.548321954721224], [26.154577205823493, 44.54831462391086], [26.154557414604916, 44.548583749163136]]]}}, {"type": "Feature", "properties": {"nr": 286, "suprafata_mp": 463, "front_m": 15.4, "adancime_m": 30}, "geometry": {"type": "Polygon", "coordinates": [[[26.154753695737583, 44.5485910799735], [26.154947902461338, 44.54859833330775], [26.154967693679914, 44.54832920805548], [26.15477348695616, 44.548321954721224], [26.154753695737583, 44.5485910799735]]]}}, {"type": "Feature", "properties": {"nr": 287, "suprafata_mp": 494, "front_m": 16.5, "adancime_m": 30}, "geometry": {"type": "Polygon", "coordinates": [[[26.154947902461338, 44.54859833330775], [26.155155341883244, 44.54860608086373], [26.155175133101825, 44.548336955611454], [26.154967693679914, 44.54832920805548], [26.154947902461338, 44.54859833330775]]]}}, {"type": "Feature", "properties": {"nr": 288, "suprafata_mp": 489, "front_m": 16.3, "adancime_m": 30}, "geometry": {"type": "Polygon", "coordinates": [[[26.155155341883244, 44.54860608086373], [26.1553605021192, 44.54861374329548], [26.155380293337778, 44.54834461804321], [26.155175133101825, 44.548336955611454], [26.155155341883244, 44.54860608086373]]]}}, {"type": "Feature", "properties": {"nr": 289, "suprafata_mp": 466, "front_m": 15.5, "adancime_m": 30}, "geometry": {"type": "Polygon", "coordinates": [[[26.1553605021192, 44.54861374329548], [26.15555611738578, 44.54862104923672], [26.155575908604355, 44.548351923984455], [26.155380293337778, 44.54834461804321], [26.1553605021192, 44.54861374329548]]]}}, {"type": "Feature", "properties": {"nr": 290, "suprafata_mp": 469, "front_m": 15.6, "adancime_m": 30}, "geometry": {"type": "Polygon", "coordinates": [[[26.15555611738578, 44.54862104923672], [26.155752843748992, 44.54862839667579], [26.15577263496757, 44.548359271423514], [26.155575908604355, 44.548351923984455], [26.15555611738578, 44.54862104923672]]]}}, {"type": "Feature", "properties": {"nr": 291, "suprafata_mp": 501, "front_m": 16.7, "adancime_m": 30}, "geometry": {"type": "Polygon", "coordinates": [[[26.155752843748992, 44.54862839667579], [26.15596309740145, 44.54863624933912], [26.155982888620027, 44.54836712408685], [26.15577263496757, 44.548359271423514], [26.155752843748992, 44.54862839667579]]]}}, {"type": "Feature", "properties": {"nr": 292, "suprafata_mp": 469, "front_m": 15.6, "adancime_m": 30}, "geometry": {"type": "Polygon", "coordinates": [[[26.15596309740145, 44.54863624933912], [26.156159843022444, 44.54864359749743], [26.156179634241024, 44.548374472245165], [26.155982888620027, 44.54836712408685], [26.15596309740145, 44.54863624933912]]]}}, {"type": "Feature", "properties": {"nr": 293, "suprafata_mp": 490, "front_m": 16.3, "adancime_m": 30}, "geometry": {"type": "Polygon", "coordinates": [[[26.156159843022444, 44.54864359749743], [26.156365327065732, 44.54865127202291], [26.15638511828431, 44.548382146770635], [26.156179634241024, 44.548374472245165], [26.156159843022444, 44.54864359749743]]]}}, {"type": "Feature", "properties": {"nr": 294, "suprafata_mp": 462, "front_m": 15.4, "adancime_m": 30}, "geometry": {"type": "Polygon", "coordinates": [[[26.156365327065732, 44.54865127202291], [26.156559273430915, 44.54865851563316], [26.156579064649492, 44.54838939038088], [26.15638511828431, 44.548382146770635], [26.156365327065732, 44.54865127202291]]]}}, {"type": "Feature", "properties": {"nr": 295, "suprafata_mp": 495, "front_m": 16.5, "adancime_m": 30}, "geometry": {"type": "Polygon", "coordinates": [[[26.156559273430915, 44.54865851563316], [26.156767025926, 44.54866627488195], [26.156786817144578, 44.54839714962968], [26.156579064649492, 44.54838939038088], [26.156559273430915, 44.54865851563316]]]}}, {"type": "Feature", "properties": {"nr": 296, "suprafata_mp": 462, "front_m": 15.4, "adancime_m": 30}, "geometry": {"type": "Polygon", "coordinates": [[[26.156767025926, 44.54866627488195], [26.156960731342725, 44.54867350949313], [26.1569805225613, 44.548404384240854], [26.156786817144578, 44.54839714962968], [26.156767025926, 44.54866627488195]]]}}, {"type": "Feature", "properties": {"nr": 297, "suprafata_mp": 481, "front_m": 16.0, "adancime_m": 30}, "geometry": {"type": "Polygon", "coordinates": [[[26.156960731342725, 44.54867350949313], [26.157162461861297, 44.54868104383], [26.157182253079874, 44.54841191857773], [26.1569805225613, 44.548404384240854], [26.156960731342725, 44.54867350949313]]]}}, {"type": "Feature", "properties": {"nr": 298, "suprafata_mp": 458, "front_m": 15.3, "adancime_m": 30}, "geometry": {"type": "Polygon", "coordinates": [[[26.157162461861297, 44.54868104383], [26.15735450823692, 44.54868821647844], [26.157374299455498, 44.54841909122617], [26.157182253079874, 44.54841191857773], [26.157162461861297, 44.54868104383]]]}}, {"type": "Feature", "properties": {"nr": 299, "suprafata_mp": 482, "front_m": 16.1, "adancime_m": 30}, "geometry": {"type": "Polygon", "coordinates": [[[26.15735450823692, 44.54868821647844], [26.157556924294425, 44.54869577641918], [26.157576715513002, 44.548426651166906], [26.157374299455498, 44.54841909122617], [26.15735450823692, 44.54868821647844]]]}}]}